id,document_id,state,county,municipality,vendor_raw,vendor_normalized,contract_period_raw,fiscal_year,fill_type,volume_tons,price_per_ton,line_total,contract_terms,source_page,extraction_method,extraction_confidence,normalized_confidence,confidence_score,review_status,review_notes,extracted_at,source_url,source_file,retrieval_date,doc_state,contract_reference,contract_period_start,contract_period_end
3215,1,MI,Chippewa,Goetzville,Detroit Salt,Detroit Salt,,2027,early_fill,2250.0,76.01,171022.5,,27,deterministic_pdf,0.92,0.92,0.92,auto_accepted,,2026-08-27 20:03:49,https://www.michigan.gov/dtmb/-/media/Project/Websites/dtmb/Procurement/Contracts/MiDEAL/002/260000000712.pdf?rev=8d4ed14d634d466fa9207bb1d92c2458&hash=AAB40CFD3A7E1C61C7C17CA7044DBB4B,/Users/arshnoorkaur/Downloads/road_salt_tracker/data/raw/MI/doc_1.pdf,2026-08-27,MI,260000000712,2026-10-01,2027-09-30
3216,1,MI,Chippewa,Kinross,Detroit Salt,Detroit Salt,,2027,early_fill,6000.0,76.01,456060.0,,27,deterministic_pdf,0.92,0.92,0.92,auto_accepted,,2026-08-27 20:03:49,https://www.michigan.gov/dtmb/-/media/Project/Websites/dtmb/Procurement/Contracts/MiDEAL/002/260000000712.pdf?rev=8d4ed14d634d466fa9207bb1d92c2458&hash=AAB40CFD3A7E1C61C7C17CA7044DBB4B,/Users/arshnoorkaur/Downloads/road_salt_tracker/data/raw/MI/doc_1.pdf,2026-08-27,MI,260000000712,2026-10-01,2027-09-30
3217,1,MI,Chippewa,Eckerman,Detroit Salt,Detroit Salt,,2027,early_fill,4750.0,76.01,361047.5,,27,deterministic_pdf,0.92,0.92,0.92,auto_accepted,,2026-08-27 20:03:49,https://www.michigan.gov/dtmb/-/media/Project/Websites/dtmb/Procurement/Contracts/MiDEAL/002/260000000712.pdf?rev=8d4ed14d634d466fa9207bb1d92c2458&hash=AAB40CFD3A7E1C61C7C17CA7044DBB4B,/Users/arshnoorkaur/Downloads/road_salt_tracker/data/raw/MI/doc_1.pdf,2026-08-27,MI,260000000712,2026-10-01,2027-09-30
3218,1,MI,Mackinac,Mackinac CRC,Detroit Salt,Detroit Salt,,2027,early_fill,900.0,79.84,71856.0,,27,deterministic_pdf,0.92,0.92,0.92,auto_accepted,,2026-08-27 20:03:49,https://www.michigan.gov/dtmb/-/media/Project/Websites/dtmb/Procurement/Contracts/MiDEAL/002/260000000712.pdf?rev=8d4ed14d634d466fa9207bb1d92c2458&hash=AAB40CFD3A7E1C61C7C17CA7044DBB4B,/Users/arshnoorkaur/Downloads/road_salt_tracker/data/raw/MI/doc_1.pdf,2026-08-27,MI,260000000712,2026-10-01,2027-09-30
3219,1,MI,Mackinac,Engadine,Detroit Salt,Detroit Salt,,2027,early_fill,3300.0,79.84,263472.0,,27,deterministic_pdf,0.92,0.92,0.92,auto_accepted,,2026-08-27 20:03:49,https://www.michigan.gov/dtmb/-/media/Project/Websites/dtmb/Procurement/Contracts/MiDEAL/002/260000000712.pdf?rev=8d4ed14d634d466fa9207bb1d92c2458&hash=AAB40CFD3A7E1C61C7C17CA7044DBB4B,/Users/arshnoorkaur/Downloads/road_salt_tracker/data/raw/MI/doc_1.pdf,2026-08-27,MI,260000000712,2026-10-01,2027-09-30
3220,1,MI,Mackinac,St. Ignace,Detroit Salt,Detroit Salt,,2027,early_fill,6200.0,79.84,495008.0,,27,deterministic_pdf,0.92,0.92,0.92,auto_accepted,,2026-08-27 20:03:49,https://www.michigan.gov/dtmb/-/media/Project/Websites/dtmb/Procurement/Contracts/MiDEAL/002/260000000712.pdf?rev=8d4ed14d634d466fa9207bb1d92c2458&hash=AAB40CFD3A7E1C61C7C17CA7044DBB4B,/Users/arshnoorkaur/Downloads/road_salt_tracker/data/raw/MI/doc_1.pdf,2026-08-27,MI,260000000712,2026-10-01,2027-09-30
3221,1,MI,Mackinac,Mackinac Bridge,Detroit Salt,Detroit Salt,,2027,early_fill,300.0,79.84,23952.0,,27,deterministic_pdf,0.92,0.92,0.92,auto_accepted,,2026-08-27 20:03:49,https://www.michigan.gov/dtmb/-/media/Project/Websites/dtmb/Procurement/Contracts/MiDEAL/002/260000000712.pdf?rev=8d4ed14d634d466fa9207bb1d92c2458&hash=AAB40CFD3A7E1C61C7C17CA7044DBB4B,/Users/arshnoorkaur/Downloads/road_salt_tracker/data/raw/MI/doc_1.pdf,2026-08-27,MI,260000000712,2026-10-01,2027-09-30
3222,1,MI,Antrim,Central Lake,Detroit Salt,Detroit Salt,,2027,early_fill,650.0,81.07,52695.5,,27,deterministic_pdf,0.92,0.92,0.92,auto_accepted,,2026-08-27 20:03:49,https://www.michigan.gov/dtmb/-/media/Project/Websites/dtmb/Procurement/Contracts/MiDEAL/002/260000000712.pdf?rev=8d4ed14d634d466fa9207bb1d92c2458&hash=AAB40CFD3A7E1C61C7C17CA7044DBB4B,/Users/arshnoorkaur/Downloads/road_salt_tracker/data/raw/MI/doc_1.pdf,2026-08-27,MI,260000000712,2026-10-01,2027-09-30
3223,1,MI,Antrim,Kewadin,Detroit Salt,Detroit Salt,,2027,early_fill,750.0,81.07,60802.5,,27,deterministic_pdf,0.92,0.92,0.92,auto_accepted,,2026-08-27 20:03:49,https://www.michigan.gov/dtmb/-/media/Project/Websites/dtmb/Procurement/Contracts/MiDEAL/002/260000000712.pdf?rev=8d4ed14d634d466fa9207bb1d92c2458&hash=AAB40CFD3A7E1C61C7C17CA7044DBB4B,/Users/arshnoorkaur/Downloads/road_salt_tracker/data/raw/MI/doc_1.pdf,2026-08-27,MI,260000000712,2026-10-01,2027-09-30
3224,1,MI,Antrim,Mancelona,Detroit Salt,Detroit Salt,,2027,early_fill,1600.0,81.07,129712.0,,27,deterministic_pdf,0.92,0.92,0.92,auto_accepted,,2026-08-27 20:03:49,https://www.michigan.gov/dtmb/-/media/Project/Websites/dtmb/Procurement/Contracts/MiDEAL/002/260000000712.pdf?rev=8d4ed14d634d466fa9207bb1d92c2458&hash=AAB40CFD3A7E1C61C7C17CA7044DBB4B,/Users/arshnoorkaur/Downloads/road_salt_tracker/data/raw/MI/doc_1.pdf,2026-08-27,MI,260000000712,2026-10-01,2027-09-30
3225,1,MI,Charlevoix,Boyne City,Detroit Salt,Detroit Salt,,2027,early_fill,1000.0,83.19,83190.0,,27,deterministic_pdf,0.92,0.92,0.92,auto_accepted,,2026-08-27 20:03:49,https://www.michigan.gov/dtmb/-/media/Project/Websites/dtmb/Procurement/Contracts/MiDEAL/002/260000000712.pdf?rev=8d4ed14d634d466fa9207bb1d92c2458&hash=AAB40CFD3A7E1C61C7C17CA7044DBB4B,/Users/arshnoorkaur/Downloads/road_salt_tracker/data/raw/MI/doc_1.pdf,2026-08-27,MI,260000000712,2026-10-01,2027-09-30
3226,1,MI,Charlevoix,Ironton,Detroit Salt,Detroit Salt,,2027,early_fill,1000.0,83.19,83190.0,,27,deterministic_pdf,0.92,0.92,0.92,auto_accepted,,2026-08-27 20:03:49,https://www.michigan.gov/dtmb/-/media/Project/Websites/dtmb/Procurement/Contracts/MiDEAL/002/260000000712.pdf?rev=8d4ed14d634d466fa9207bb1d92c2458&hash=AAB40CFD3A7E1C61C7C17CA7044DBB4B,/Users/arshnoorkaur/Downloads/road_salt_tracker/data/raw/MI/doc_1.pdf,2026-08-27,MI,260000000712,2026-10-01,2027-09-30
3227,1,MI,Crawford,Grayling,Detroit Salt,Detroit Salt,,2027,early_fill,4800.0,75.47,362256.0,,27,deterministic_pdf,0.92,0.92,0.92,auto_accepted,,2026-08-27 20:03:49,https://www.michigan.gov/dtmb/-/media/Project/Websites/dtmb/Procurement/Contracts/MiDEAL/002/260000000712.pdf?rev=8d4ed14d634d466fa9207bb1d92c2458&hash=AAB40CFD3A7E1C61C7C17CA7044DBB4B,/Users/arshnoorkaur/Downloads/road_salt_tracker/data/raw/MI/doc_1.pdf,2026-08-27,MI,260000000712,2026-10-01,2027-09-30
3228,1,MI,Grand Traverse,Kingsley,Detroit Salt,Detroit Salt,,2027,early_fill,1200.0,80.03,96036.0,,27,deterministic_pdf,0.92,0.92,0.92,auto_accepted,,2026-08-27 20:03:49,https://www.michigan.gov/dtmb/-/media/Project/Websites/dtmb/Procurement/Contracts/MiDEAL/002/260000000712.pdf?rev=8d4ed14d634d466fa9207bb1d92c2458&hash=AAB40CFD3A7E1C61C7C17CA7044DBB4B,/Users/arshnoorkaur/Downloads/road_salt_tracker/data/raw/MI/doc_1.pdf,2026-08-27,MI,260000000712,2026-10-01,2027-09-30
3229,1,MI,Grand Traverse,Traverse City,Detroit Salt,Detroit Salt,,2027,early_fill,1200.0,80.03,96036.0,,27,deterministic_pdf,0.92,0.92,0.92,auto_accepted,,2026-08-27 20:03:49,https://www.michigan.gov/dtmb/-/media/Project/Websites/dtmb/Procurement/Contracts/MiDEAL/002/260000000712.pdf?rev=8d4ed14d634d466fa9207bb1d92c2458&hash=AAB40CFD3A7E1C61C7C17CA7044DBB4B,/Users/arshnoorkaur/Downloads/road_salt_tracker/data/raw/MI/doc_1.pdf,2026-08-27,MI,260000000712,2026-10-01,2027-09-30
3230,1,MI,Iosco,Oscoda,Detroit Salt,Detroit Salt,,2027,early_fill,500.0,74.01,37005.0,,27,deterministic_pdf,0.92,0.92,0.92,auto_accepted,,2026-08-27 20:03:49,https://www.michigan.gov/dtmb/-/media/Project/Websites/dtmb/Procurement/Contracts/MiDEAL/002/260000000712.pdf?rev=8d4ed14d634d466fa9207bb1d92c2458&hash=AAB40CFD3A7E1C61C7C17CA7044DBB4B,/Users/arshnoorkaur/Downloads/road_salt_tracker/data/raw/MI/doc_1.pdf,2026-08-27,MI,260000000712,2026-10-01,2027-09-30
3231,1,MI,Iosco,Tawas City,Detroit Salt,Detroit Salt,,2027,early_fill,850.0,74.01,62908.5,,27,deterministic_pdf,0.92,0.92,0.92,auto_accepted,,2026-08-27 20:03:49,https://www.michigan.gov/dtmb/-/media/Project/Websites/dtmb/Procurement/Contracts/MiDEAL/002/260000000712.pdf?rev=8d4ed14d634d466fa9207bb1d92c2458&hash=AAB40CFD3A7E1C61C7C17CA7044DBB4B,/Users/arshnoorkaur/Downloads/road_salt_tracker/data/raw/MI/doc_1.pdf,2026-08-27,MI,260000000712,2026-10-01,2027-09-30
3232,1,MI,Kalkaska,Kalkaska,Detroit Salt,Detroit Salt,,2027,early_fill,2200.0,79.01,173822.0,,27,deterministic_pdf,0.92,0.92,0.92,auto_accepted,,2026-08-27 20:03:49,https://www.michigan.gov/dtmb/-/media/Project/Websites/dtmb/Procurement/Contracts/MiDEAL/002/260000000712.pdf?rev=8d4ed14d634d466fa9207bb1d92c2458&hash=AAB40CFD3A7E1C61C7C17CA7044DBB4B,/Users/arshnoorkaur/Downloads/road_salt_tracker/data/raw/MI/doc_1.pdf,2026-08-27,MI,260000000712,2026-10-01,2027-09-30
3233,1,MI,Leelanau,Suttons Bay,Detroit Salt,Detroit Salt,,2027,early_fill,400.0,84.49,33796.0,,27,deterministic_pdf,0.92,0.92,0.92,auto_accepted,,2026-08-27 20:03:49,https://www.michigan.gov/dtmb/-/media/Project/Websites/dtmb/Procurement/Contracts/MiDEAL/002/260000000712.pdf?rev=8d4ed14d634d466fa9207bb1d92c2458&hash=AAB40CFD3A7E1C61C7C17CA7044DBB4B,/Users/arshnoorkaur/Downloads/road_salt_tracker/data/raw/MI/doc_1.pdf,2026-08-27,MI,260000000712,2026-10-01,2027-09-30
3234,1,MI,Leelanau,Maple City,Detroit Salt,Detroit Salt,,2027,early_fill,400.0,84.49,33796.0,,28,deterministic_pdf,0.92,0.92,0.92,auto_accepted,,2026-08-27 20:03:49,https://www.michigan.gov/dtmb/-/media/Project/Websites/dtmb/Procurement/Contracts/MiDEAL/002/260000000712.pdf?rev=8d4ed14d634d466fa9207bb1d92c2458&hash=AAB40CFD3A7E1C61C7C17CA7044DBB4B,/Users/arshnoorkaur/Downloads/road_salt_tracker/data/raw/MI/doc_1.pdf,2026-08-27,MI,260000000712,2026-10-01,2027-09-30
3235,1,MI,Missaukee,Lake City,Detroit Salt,Detroit Salt,,2027,early_fill,1700.0,78.46,133382.0,,28,deterministic_pdf,0.92,0.92,0.92,auto_accepted,,2026-08-27 20:03:49,https://www.michigan.gov/dtmb/-/media/Project/Websites/dtmb/Procurement/Contracts/MiDEAL/002/260000000712.pdf?rev=8d4ed14d634d466fa9207bb1d92c2458&hash=AAB40CFD3A7E1C61C7C17CA7044DBB4B,/Users/arshnoorkaur/Downloads/road_salt_tracker/data/raw/MI/doc_1.pdf,2026-08-27,MI,260000000712,2026-10-01,2027-09-30
3236,1,MI,Ogemaw,Branch,Detroit Salt,Detroit Salt,,2027,early_fill,1000.0,71.58,71580.0,,28,deterministic_pdf,0.92,0.92,0.92,auto_accepted,,2026-08-27 20:03:49,https://www.michigan.gov/dtmb/-/media/Project/Websites/dtmb/Procurement/Contracts/MiDEAL/002/260000000712.pdf?rev=8d4ed14d634d466fa9207bb1d92c2458&hash=AAB40CFD3A7E1C61C7C17CA7044DBB4B,/Users/arshnoorkaur/Downloads/road_salt_tracker/data/raw/MI/doc_1.pdf,2026-08-27,MI,260000000712,2026-10-01,2027-09-30
3237,1,MI,Ogemaw,West Branch,Detroit Salt,Detroit Salt,,2027,early_fill,250.0,71.58,17895.0,,28,deterministic_pdf,0.92,0.92,0.92,auto_accepted,,2026-08-27 20:03:49,https://www.michigan.gov/dtmb/-/media/Project/Websites/dtmb/Procurement/Contracts/MiDEAL/002/260000000712.pdf?rev=8d4ed14d634d466fa9207bb1d92c2458&hash=AAB40CFD3A7E1C61C7C17CA7044DBB4B,/Users/arshnoorkaur/Downloads/road_salt_tracker/data/raw/MI/doc_1.pdf,2026-08-27,MI,260000000712,2026-10-01,2027-09-30
3238,1,MI,Oscoda,Mio,Detroit Salt,Detroit Salt,,2027,early_fill,2000.0,74.35,148700.0,,28,deterministic_pdf,0.92,0.92,0.92,auto_accepted,,2026-08-27 20:03:49,https://www.michigan.gov/dtmb/-/media/Project/Websites/dtmb/Procurement/Contracts/MiDEAL/002/260000000712.pdf?rev=8d4ed14d634d466fa9207bb1d92c2458&hash=AAB40CFD3A7E1C61C7C17CA7044DBB4B,/Users/arshnoorkaur/Downloads/road_salt_tracker/data/raw/MI/doc_1.pdf,2026-08-27,MI,260000000712,2026-10-01,2027-09-30
3239,1,MI,Roscommon,Houghton Lake,Detroit Salt,Detroit Salt,,2027,early_fill,600.0,73.35,44010.0,,28,deterministic_pdf,0.92,0.92,0.92,auto_accepted,,2026-08-27 20:03:49,https://www.michigan.gov/dtmb/-/media/Project/Websites/dtmb/Procurement/Contracts/MiDEAL/002/260000000712.pdf?rev=8d4ed14d634d466fa9207bb1d92c2458&hash=AAB40CFD3A7E1C61C7C17CA7044DBB4B,/Users/arshnoorkaur/Downloads/road_salt_tracker/data/raw/MI/doc_1.pdf,2026-08-27,MI,260000000712,2026-10-01,2027-09-30
3240,1,MI,Roscommon,Prudenville,Detroit Salt,Detroit Salt,,2027,early_fill,2200.0,73.35,161370.0,,28,deterministic_pdf,0.92,0.92,0.92,auto_accepted,,2026-08-27 20:03:49,https://www.michigan.gov/dtmb/-/media/Project/Websites/dtmb/Procurement/Contracts/MiDEAL/002/260000000712.pdf?rev=8d4ed14d634d466fa9207bb1d92c2458&hash=AAB40CFD3A7E1C61C7C17CA7044DBB4B,/Users/arshnoorkaur/Downloads/road_salt_tracker/data/raw/MI/doc_1.pdf,2026-08-27,MI,260000000712,2026-10-01,2027-09-30
3241,1,MI,Roscommon,Roscommon,Detroit Salt,Detroit Salt,,2027,early_fill,200.0,73.35,14670.0,,28,deterministic_pdf,0.92,0.92,0.92,auto_accepted,,2026-08-27 20:03:49,https://www.michigan.gov/dtmb/-/media/Project/Websites/dtmb/Procurement/Contracts/MiDEAL/002/260000000712.pdf?rev=8d4ed14d634d466fa9207bb1d92c2458&hash=AAB40CFD3A7E1C61C7C17CA7044DBB4B,/Users/arshnoorkaur/Downloads/road_salt_tracker/data/raw/MI/doc_1.pdf,2026-08-27,MI,260000000712,2026-10-01,2027-09-30
3242,1,MI,Wexford,Cadillac,Detroit Salt,Detroit Salt,,2027,early_fill,1450.0,79.28,114956.0,,28,deterministic_pdf,0.92,0.92,0.92,auto_accepted,,2026-08-27 20:03:49,https://www.michigan.gov/dtmb/-/media/Project/Websites/dtmb/Procurement/Contracts/MiDEAL/002/260000000712.pdf?rev=8d4ed14d634d466fa9207bb1d92c2458&hash=AAB40CFD3A7E1C61C7C17CA7044DBB4B,/Users/arshnoorkaur/Downloads/road_salt_tracker/data/raw/MI/doc_1.pdf,2026-08-27,MI,260000000712,2026-10-01,2027-09-30
3243,1,MI,Wexford,Boon,Detroit Salt,Detroit Salt,,2027,early_fill,2750.0,79.28,218020.0,,28,deterministic_pdf,0.92,0.92,0.92,auto_accepted,,2026-08-27 20:03:49,https://www.michigan.gov/dtmb/-/media/Project/Websites/dtmb/Procurement/Contracts/MiDEAL/002/260000000712.pdf?rev=8d4ed14d634d466fa9207bb1d92c2458&hash=AAB40CFD3A7E1C61C7C17CA7044DBB4B,/Users/arshnoorkaur/Downloads/road_salt_tracker/data/raw/MI/doc_1.pdf,2026-08-27,MI,260000000712,2026-10-01,2027-09-30
3244,1,MI,Allegan,Fennville,Detroit Salt,Detroit Salt,,2027,early_fill,2500.0,69.78,174450.0,,28,deterministic_pdf,0.92,0.92,0.92,auto_accepted,,2026-08-27 20:03:49,https://www.michigan.gov/dtmb/-/media/Project/Websites/dtmb/Procurement/Contracts/MiDEAL/002/260000000712.pdf?rev=8d4ed14d634d466fa9207bb1d92c2458&hash=AAB40CFD3A7E1C61C7C17CA7044DBB4B,/Users/arshnoorkaur/Downloads/road_salt_tracker/data/raw/MI/doc_1.pdf,2026-08-27,MI,260000000712,2026-10-01,2027-09-30
3245,1,MI,Allegan,Plainwell,Detroit Salt,Detroit Salt,,2027,early_fill,2000.0,69.78,139560.0,,28,deterministic_pdf,0.92,0.92,0.92,auto_accepted,,2026-08-27 20:03:49,https://www.michigan.gov/dtmb/-/media/Project/Websites/dtmb/Procurement/Contracts/MiDEAL/002/260000000712.pdf?rev=8d4ed14d634d466fa9207bb1d92c2458&hash=AAB40CFD3A7E1C61C7C17CA7044DBB4B,/Users/arshnoorkaur/Downloads/road_salt_tracker/data/raw/MI/doc_1.pdf,2026-08-27,MI,260000000712,2026-10-01,2027-09-30
3246,1,MI,Barry,Hastings,Detroit Salt,Detroit Salt,,2027,early_fill,1500.0,73.84,110760.0,,28,deterministic_pdf,0.92,0.92,0.92,auto_accepted,,2026-08-27 20:03:49,https://www.michigan.gov/dtmb/-/media/Project/Websites/dtmb/Procurement/Contracts/MiDEAL/002/260000000712.pdf?rev=8d4ed14d634d466fa9207bb1d92c2458&hash=AAB40CFD3A7E1C61C7C17CA7044DBB4B,/Users/arshnoorkaur/Downloads/road_salt_tracker/data/raw/MI/doc_1.pdf,2026-08-27,MI,260000000712,2026-10-01,2027-09-30
3247,1,MI,Ionia,Ionia,Detroit Salt,Detroit Salt,,2027,early_fill,,84.29,,,28,deterministic_pdf,0.92,0.92,0.82,auto_accepted,missing: volume_tons,2026-08-27 20:03:49,https://www.michigan.gov/dtmb/-/media/Project/Websites/dtmb/Procurement/Contracts/MiDEAL/002/260000000712.pdf?rev=8d4ed14d634d466fa9207bb1d92c2458&hash=AAB40CFD3A7E1C61C7C17CA7044DBB4B,/Users/arshnoorkaur/Downloads/road_salt_tracker/data/raw/MI/doc_1.pdf,2026-08-27,MI,260000000712,2026-10-01,2027-09-30
3248,1,MI,Ionia,Saranac,Detroit Salt,Detroit Salt,,2027,early_fill,,84.29,,,28,deterministic_pdf,0.92,0.92,0.82,auto_accepted,missing: volume_tons,2026-08-27 20:03:49,https://www.michigan.gov/dtmb/-/media/Project/Websites/dtmb/Procurement/Contracts/MiDEAL/002/260000000712.pdf?rev=8d4ed14d634d466fa9207bb1d92c2458&hash=AAB40CFD3A7E1C61C7C17CA7044DBB4B,/Users/arshnoorkaur/Downloads/road_salt_tracker/data/raw/MI/doc_1.pdf,2026-08-27,MI,260000000712,2026-10-01,2027-09-30
3249,1,MI,Mecosta,Big Rapids,Detroit Salt,Detroit Salt,,2027,early_fill,2000.0,74.66,149320.0,,28,deterministic_pdf,0.92,0.92,0.92,auto_accepted,,2026-08-27 20:03:49,https://www.michigan.gov/dtmb/-/media/Project/Websites/dtmb/Procurement/Contracts/MiDEAL/002/260000000712.pdf?rev=8d4ed14d634d466fa9207bb1d92c2458&hash=AAB40CFD3A7E1C61C7C17CA7044DBB4B,/Users/arshnoorkaur/Downloads/road_salt_tracker/data/raw/MI/doc_1.pdf,2026-08-27,MI,260000000712,2026-10-01,2027-09-30
3250,1,MI,Mecosta,Morley,Detroit Salt,Detroit Salt,,2027,early_fill,400.0,74.66,29864.0,,28,deterministic_pdf,0.92,0.92,0.92,auto_accepted,,2026-08-27 20:03:49,https://www.michigan.gov/dtmb/-/media/Project/Websites/dtmb/Procurement/Contracts/MiDEAL/002/260000000712.pdf?rev=8d4ed14d634d466fa9207bb1d92c2458&hash=AAB40CFD3A7E1C61C7C17CA7044DBB4B,/Users/arshnoorkaur/Downloads/road_salt_tracker/data/raw/MI/doc_1.pdf,2026-08-27,MI,260000000712,2026-10-01,2027-09-30
3251,1,MI,Mecosta,Remus,Detroit Salt,Detroit Salt,,2027,early_fill,300.0,74.66,22398.0,,28,deterministic_pdf,0.92,0.92,0.92,auto_accepted,,2026-08-27 20:03:49,https://www.michigan.gov/dtmb/-/media/Project/Websites/dtmb/Procurement/Contracts/MiDEAL/002/260000000712.pdf?rev=8d4ed14d634d466fa9207bb1d92c2458&hash=AAB40CFD3A7E1C61C7C17CA7044DBB4B,/Users/arshnoorkaur/Downloads/road_salt_tracker/data/raw/MI/doc_1.pdf,2026-08-27,MI,260000000712,2026-10-01,2027-09-30
3252,1,MI,Osceola,Marion,Detroit Salt,Detroit Salt,,2027,early_fill,,72.92,,,28,deterministic_pdf,0.92,0.92,0.82,auto_accepted,missing: volume_tons,2026-08-27 20:03:49,https://www.michigan.gov/dtmb/-/media/Project/Websites/dtmb/Procurement/Contracts/MiDEAL/002/260000000712.pdf?rev=8d4ed14d634d466fa9207bb1d92c2458&hash=AAB40CFD3A7E1C61C7C17CA7044DBB4B,/Users/arshnoorkaur/Downloads/road_salt_tracker/data/raw/MI/doc_1.pdf,2026-08-27,MI,260000000712,2026-10-01,2027-09-30
3253,1,MI,Osceola,Reed City,Detroit Salt,Detroit Salt,,2027,early_fill,500.0,72.92,36460.0,,28,deterministic_pdf,0.92,0.92,0.92,auto_accepted,,2026-08-27 20:03:49,https://www.michigan.gov/dtmb/-/media/Project/Websites/dtmb/Procurement/Contracts/MiDEAL/002/260000000712.pdf?rev=8d4ed14d634d466fa9207bb1d92c2458&hash=AAB40CFD3A7E1C61C7C17CA7044DBB4B,/Users/arshnoorkaur/Downloads/road_salt_tracker/data/raw/MI/doc_1.pdf,2026-08-27,MI,260000000712,2026-10-01,2027-09-30
3254,1,MI,Arenac,Standish,Detroit Salt,Detroit Salt,,2027,early_fill,1000.0,61.79,61790.0,,28,deterministic_pdf,0.92,0.92,0.92,auto_accepted,,2026-08-27 20:03:49,https://www.michigan.gov/dtmb/-/media/Project/Websites/dtmb/Procurement/Contracts/MiDEAL/002/260000000712.pdf?rev=8d4ed14d634d466fa9207bb1d92c2458&hash=AAB40CFD3A7E1C61C7C17CA7044DBB4B,/Users/arshnoorkaur/Downloads/road_salt_tracker/data/raw/MI/doc_1.pdf,2026-08-27,MI,260000000712,2026-10-01,2027-09-30
3255,1,MI,Bay,East District,Detroit Salt,Detroit Salt,,2027,early_fill,500.0,59.71,29855.0,,28,deterministic_pdf,0.92,0.92,0.92,auto_accepted,,2026-08-27 20:03:49,https://www.michigan.gov/dtmb/-/media/Project/Websites/dtmb/Procurement/Contracts/MiDEAL/002/260000000712.pdf?rev=8d4ed14d634d466fa9207bb1d92c2458&hash=AAB40CFD3A7E1C61C7C17CA7044DBB4B,/Users/arshnoorkaur/Downloads/road_salt_tracker/data/raw/MI/doc_1.pdf,2026-08-27,MI,260000000712,2026-10-01,2027-09-30
3256,1,MI,Bay,Kawkawlin,Detroit Salt,Detroit Salt,,2027,early_fill,1500.0,59.71,89565.0,,28,deterministic_pdf,0.92,0.92,0.92,auto_accepted,,2026-08-27 20:03:49,https://www.michigan.gov/dtmb/-/media/Project/Websites/dtmb/Procurement/Contracts/MiDEAL/002/260000000712.pdf?rev=8d4ed14d634d466fa9207bb1d92c2458&hash=AAB40CFD3A7E1C61C7C17CA7044DBB4B,/Users/arshnoorkaur/Downloads/road_salt_tracker/data/raw/MI/doc_1.pdf,2026-08-27,MI,260000000712,2026-10-01,2027-09-30
3257,1,MI,Bay,Pinconning,Detroit Salt,Detroit Salt,,2027,early_fill,500.0,59.71,29855.0,,28,deterministic_pdf,0.92,0.92,0.92,auto_accepted,,2026-08-27 20:03:49,https://www.michigan.gov/dtmb/-/media/Project/Websites/dtmb/Procurement/Contracts/MiDEAL/002/260000000712.pdf?rev=8d4ed14d634d466fa9207bb1d92c2458&hash=AAB40CFD3A7E1C61C7C17CA7044DBB4B,/Users/arshnoorkaur/Downloads/road_salt_tracker/data/raw/MI/doc_1.pdf,2026-08-27,MI,260000000712,2026-10-01,2027-09-30
3258,1,MI,Clare,Harrison,Detroit Salt,Detroit Salt,,2027,early_fill,2000.0,69.03,138060.0,,29,deterministic_pdf,0.92,0.92,0.92,auto_accepted,,2026-08-27 20:03:49,https://www.michigan.gov/dtmb/-/media/Project/Websites/dtmb/Procurement/Contracts/MiDEAL/002/260000000712.pdf?rev=8d4ed14d634d466fa9207bb1d92c2458&hash=AAB40CFD3A7E1C61C7C17CA7044DBB4B,/Users/arshnoorkaur/Downloads/road_salt_tracker/data/raw/MI/doc_1.pdf,2026-08-27,MI,260000000712,2026-10-01,2027-09-30
3259,1,MI,Gladwin,Gladwin,Detroit Salt,Detroit Salt,,2027,early_fill,600.0,69.07,41442.0,,29,deterministic_pdf,0.92,0.92,0.92,auto_accepted,,2026-08-27 20:03:49,https://www.michigan.gov/dtmb/-/media/Project/Websites/dtmb/Procurement/Contracts/MiDEAL/002/260000000712.pdf?rev=8d4ed14d634d466fa9207bb1d92c2458&hash=AAB40CFD3A7E1C61C7C17CA7044DBB4B,/Users/arshnoorkaur/Downloads/road_salt_tracker/data/raw/MI/doc_1.pdf,2026-08-27,MI,260000000712,2026-10-01,2027-09-30
3260,1,MI,Gratiot,Ithaca,Detroit Salt,Detroit Salt,,2027,early_fill,1500.0,65.89,98835.0,,29,deterministic_pdf,0.92,0.92,0.92,auto_accepted,,2026-08-27 20:03:49,https://www.michigan.gov/dtmb/-/media/Project/Websites/dtmb/Procurement/Contracts/MiDEAL/002/260000000712.pdf?rev=8d4ed14d634d466fa9207bb1d92c2458&hash=AAB40CFD3A7E1C61C7C17CA7044DBB4B,/Users/arshnoorkaur/Downloads/road_salt_tracker/data/raw/MI/doc_1.pdf,2026-08-27,MI,260000000712,2026-10-01,2027-09-30
3261,1,MI,Huron,Kinde,Detroit Salt,Detroit Salt,,2027,early_fill,400.0,66.76,26704.0,,29,deterministic_pdf,0.92,0.92,0.92,auto_accepted,,2026-08-27 20:03:49,https://www.michigan.gov/dtmb/-/media/Project/Websites/dtmb/Procurement/Contracts/MiDEAL/002/260000000712.pdf?rev=8d4ed14d634d466fa9207bb1d92c2458&hash=AAB40CFD3A7E1C61C7C17CA7044DBB4B,/Users/arshnoorkaur/Downloads/road_salt_tracker/data/raw/MI/doc_1.pdf,2026-08-27,MI,260000000712,2026-10-01,2027-09-30
3262,1,MI,Huron,Bad Axe,Detroit Salt,Detroit Salt,,2027,early_fill,500.0,66.76,33380.0,,29,deterministic_pdf,0.92,0.92,0.92,auto_accepted,,2026-08-27 20:03:49,https://www.michigan.gov/dtmb/-/media/Project/Websites/dtmb/Procurement/Contracts/MiDEAL/002/260000000712.pdf?rev=8d4ed14d634d466fa9207bb1d92c2458&hash=AAB40CFD3A7E1C61C7C17CA7044DBB4B,/Users/arshnoorkaur/Downloads/road_salt_tracker/data/raw/MI/doc_1.pdf,2026-08-27,MI,260000000712,2026-10-01,2027-09-30
3263,1,MI,Huron,Port Hope,Detroit Salt,Detroit Salt,,2027,early_fill,0.0,66.76,0.0,,29,deterministic_pdf,0.92,0.92,0.92,auto_accepted,,2026-08-27 20:03:49,https://www.michigan.gov/dtmb/-/media/Project/Websites/dtmb/Procurement/Contracts/MiDEAL/002/260000000712.pdf?rev=8d4ed14d634d466fa9207bb1d92c2458&hash=AAB40CFD3A7E1C61C7C17CA7044DBB4B,/Users/arshnoorkaur/Downloads/road_salt_tracker/data/raw/MI/doc_1.pdf,2026-08-27,MI,260000000712,2026-10-01,2027-09-30
3264,1,MI,Huron,Sand Beach,Detroit Salt,Detroit Salt,,2027,early_fill,100.0,66.76,6676.0,,29,deterministic_pdf,0.92,0.92,0.92,auto_accepted,,2026-08-27 20:03:49,https://www.michigan.gov/dtmb/-/media/Project/Websites/dtmb/Procurement/Contracts/MiDEAL/002/260000000712.pdf?rev=8d4ed14d634d466fa9207bb1d92c2458&hash=AAB40CFD3A7E1C61C7C17CA7044DBB4B,/Users/arshnoorkaur/Downloads/road_salt_tracker/data/raw/MI/doc_1.pdf,2026-08-27,MI,260000000712,2026-10-01,2027-09-30
3265,1,MI,Huron,Pigeon,Detroit Salt,Detroit Salt,,2027,early_fill,0.0,66.76,0.0,,29,deterministic_pdf,0.92,0.92,0.92,auto_accepted,,2026-08-27 20:03:49,https://www.michigan.gov/dtmb/-/media/Project/Websites/dtmb/Procurement/Contracts/MiDEAL/002/260000000712.pdf?rev=8d4ed14d634d466fa9207bb1d92c2458&hash=AAB40CFD3A7E1C61C7C17CA7044DBB4B,/Users/arshnoorkaur/Downloads/road_salt_tracker/data/raw/MI/doc_1.pdf,2026-08-27,MI,260000000712,2026-10-01,2027-09-30
3266,1,MI,Isabella,Mt. Pleasant,Detroit Salt,Detroit Salt,,2027,early_fill,1500.0,65.96,98940.0,,29,deterministic_pdf,0.92,0.92,0.92,auto_accepted,,2026-08-27 20:03:49,https://www.michigan.gov/dtmb/-/media/Project/Websites/dtmb/Procurement/Contracts/MiDEAL/002/260000000712.pdf?rev=8d4ed14d634d466fa9207bb1d92c2458&hash=AAB40CFD3A7E1C61C7C17CA7044DBB4B,/Users/arshnoorkaur/Downloads/road_salt_tracker/data/raw/MI/doc_1.pdf,2026-08-27,MI,260000000712,2026-10-01,2027-09-30
3267,1,MI,Midland,Sanford,Detroit Salt,Detroit Salt,,2027,early_fill,1500.0,62.84,94260.0,,29,deterministic_pdf,0.92,0.92,0.92,auto_accepted,,2026-08-27 20:03:49,https://www.michigan.gov/dtmb/-/media/Project/Websites/dtmb/Procurement/Contracts/MiDEAL/002/260000000712.pdf?rev=8d4ed14d634d466fa9207bb1d92c2458&hash=AAB40CFD3A7E1C61C7C17CA7044DBB4B,/Users/arshnoorkaur/Downloads/road_salt_tracker/data/raw/MI/doc_1.pdf,2026-08-27,MI,260000000712,2026-10-01,2027-09-30
3268,1,MI,Saginaw,Saginaw West,Detroit Salt,Detroit Salt,,2027,early_fill,1000.0,59.94,59940.0,,29,deterministic_pdf,0.92,0.92,0.92,auto_accepted,,2026-08-27 20:03:49,https://www.michigan.gov/dtmb/-/media/Project/Websites/dtmb/Procurement/Contracts/MiDEAL/002/260000000712.pdf?rev=8d4ed14d634d466fa9207bb1d92c2458&hash=AAB40CFD3A7E1C61C7C17CA7044DBB4B,/Users/arshnoorkaur/Downloads/road_salt_tracker/data/raw/MI/doc_1.pdf,2026-08-27,MI,260000000712,2026-10-01,2027-09-30
3269,1,MI,Saginaw,Saginaw East,Detroit Salt,Detroit Salt,,2027,early_fill,1000.0,59.94,59940.0,,29,deterministic_pdf,0.92,0.92,0.92,auto_accepted,,2026-08-27 20:03:49,https://www.michigan.gov/dtmb/-/media/Project/Websites/dtmb/Procurement/Contracts/MiDEAL/002/260000000712.pdf?rev=8d4ed14d634d466fa9207bb1d92c2458&hash=AAB40CFD3A7E1C61C7C17CA7044DBB4B,/Users/arshnoorkaur/Downloads/road_salt_tracker/data/raw/MI/doc_1.pdf,2026-08-27,MI,260000000712,2026-10-01,2027-09-30
3270,1,MI,Sanilac,Sandusky,Detroit Salt,Detroit Salt,,2027,early_fill,500.0,65.67,32835.0,,29,deterministic_pdf,0.92,0.92,0.92,auto_accepted,,2026-08-27 20:03:49,https://www.michigan.gov/dtmb/-/media/Project/Websites/dtmb/Procurement/Contracts/MiDEAL/002/260000000712.pdf?rev=8d4ed14d634d466fa9207bb1d92c2458&hash=AAB40CFD3A7E1C61C7C17CA7044DBB4B,/Users/arshnoorkaur/Downloads/road_salt_tracker/data/raw/MI/doc_1.pdf,2026-08-27,MI,260000000712,2026-10-01,2027-09-30
3271,1,MI,Sanilac,Brown City,Detroit Salt,Detroit Salt,,2027,early_fill,200.0,65.67,13134.0,,29,deterministic_pdf,0.92,0.92,0.92,auto_accepted,,2026-08-27 20:03:49,https://www.michigan.gov/dtmb/-/media/Project/Websites/dtmb/Procurement/Contracts/MiDEAL/002/260000000712.pdf?rev=8d4ed14d634d466fa9207bb1d92c2458&hash=AAB40CFD3A7E1C61C7C17CA7044DBB4B,/Users/arshnoorkaur/Downloads/road_salt_tracker/data/raw/MI/doc_1.pdf,2026-08-27,MI,260000000712,2026-10-01,2027-09-30
3272,1,MI,Sanilac,Cedardale,Detroit Salt,Detroit Salt,,2027,early_fill,450.0,65.67,29551.5,,29,deterministic_pdf,0.92,0.92,0.92,auto_accepted,,2026-08-27 20:03:49,https://www.michigan.gov/dtmb/-/media/Project/Websites/dtmb/Procurement/Contracts/MiDEAL/002/260000000712.pdf?rev=8d4ed14d634d466fa9207bb1d92c2458&hash=AAB40CFD3A7E1C61C7C17CA7044DBB4B,/Users/arshnoorkaur/Downloads/road_salt_tracker/data/raw/MI/doc_1.pdf,2026-08-27,MI,260000000712,2026-10-01,2027-09-30
3273,1,MI,Sanilac,Croswell,Detroit Salt,Detroit Salt,,2027,early_fill,500.0,65.67,32835.0,,29,deterministic_pdf,0.92,0.92,0.92,auto_accepted,,2026-08-27 20:03:49,https://www.michigan.gov/dtmb/-/media/Project/Websites/dtmb/Procurement/Contracts/MiDEAL/002/260000000712.pdf?rev=8d4ed14d634d466fa9207bb1d92c2458&hash=AAB40CFD3A7E1C61C7C17CA7044DBB4B,/Users/arshnoorkaur/Downloads/road_salt_tracker/data/raw/MI/doc_1.pdf,2026-08-27,MI,260000000712,2026-10-01,2027-09-30
3274,1,MI,Sanilac,Snover,Detroit Salt,Detroit Salt,,2027,early_fill,500.0,65.67,32835.0,,29,deterministic_pdf,0.92,0.92,0.92,auto_accepted,,2026-08-27 20:03:49,https://www.michigan.gov/dtmb/-/media/Project/Websites/dtmb/Procurement/Contracts/MiDEAL/002/260000000712.pdf?rev=8d4ed14d634d466fa9207bb1d92c2458&hash=AAB40CFD3A7E1C61C7C17CA7044DBB4B,/Users/arshnoorkaur/Downloads/road_salt_tracker/data/raw/MI/doc_1.pdf,2026-08-27,MI,260000000712,2026-10-01,2027-09-30
3275,1,MI,Shiawassee,Corunna,Detroit Salt,Detroit Salt,,2027,early_fill,200.0,67.08,13416.0,,29,deterministic_pdf,0.92,0.92,0.92,auto_accepted,,2026-08-27 20:03:49,https://www.michigan.gov/dtmb/-/media/Project/Websites/dtmb/Procurement/Contracts/MiDEAL/002/260000000712.pdf?rev=8d4ed14d634d466fa9207bb1d92c2458&hash=AAB40CFD3A7E1C61C7C17CA7044DBB4B,/Users/arshnoorkaur/Downloads/road_salt_tracker/data/raw/MI/doc_1.pdf,2026-08-27,MI,260000000712,2026-10-01,2027-09-30
3276,1,MI,Shiawassee,Perry,Detroit Salt,Detroit Salt,,2027,early_fill,800.0,67.08,53664.0,,29,deterministic_pdf,0.92,0.92,0.92,auto_accepted,,2026-08-27 20:03:49,https://www.michigan.gov/dtmb/-/media/Project/Websites/dtmb/Procurement/Contracts/MiDEAL/002/260000000712.pdf?rev=8d4ed14d634d466fa9207bb1d92c2458&hash=AAB40CFD3A7E1C61C7C17CA7044DBB4B,/Users/arshnoorkaur/Downloads/road_salt_tracker/data/raw/MI/doc_1.pdf,2026-08-27,MI,260000000712,2026-10-01,2027-09-30
3277,1,MI,St. Clair,Blue Water,Detroit Salt,Detroit Salt,,2027,early_fill,1400.0,64.09,89726.0,,29,deterministic_pdf,0.92,0.92,0.92,auto_accepted,,2026-08-27 20:03:49,https://www.michigan.gov/dtmb/-/media/Project/Websites/dtmb/Procurement/Contracts/MiDEAL/002/260000000712.pdf?rev=8d4ed14d634d466fa9207bb1d92c2458&hash=AAB40CFD3A7E1C61C7C17CA7044DBB4B,/Users/arshnoorkaur/Downloads/road_salt_tracker/data/raw/MI/doc_1.pdf,2026-08-27,MI,260000000712,2026-10-01,2027-09-30
3278,1,MI,Tuscola,Caro,Detroit Salt,Detroit Salt,,2027,early_fill,400.0,60.48,24192.0,,29,deterministic_pdf,0.92,0.92,0.92,auto_accepted,,2026-08-27 20:03:49,https://www.michigan.gov/dtmb/-/media/Project/Websites/dtmb/Procurement/Contracts/MiDEAL/002/260000000712.pdf?rev=8d4ed14d634d466fa9207bb1d92c2458&hash=AAB40CFD3A7E1C61C7C17CA7044DBB4B,/Users/arshnoorkaur/Downloads/road_salt_tracker/data/raw/MI/doc_1.pdf,2026-08-27,MI,260000000712,2026-10-01,2027-09-30
3279,1,MI,Tuscola,Vassar,Detroit Salt,Detroit Salt,,2027,early_fill,300.0,60.48,18144.0,,29,deterministic_pdf,0.92,0.92,0.92,auto_accepted,,2026-08-27 20:03:49,https://www.michigan.gov/dtmb/-/media/Project/Websites/dtmb/Procurement/Contracts/MiDEAL/002/260000000712.pdf?rev=8d4ed14d634d466fa9207bb1d92c2458&hash=AAB40CFD3A7E1C61C7C17CA7044DBB4B,/Users/arshnoorkaur/Downloads/road_salt_tracker/data/raw/MI/doc_1.pdf,2026-08-27,MI,260000000712,2026-10-01,2027-09-30
3280,1,MI,Tuscola,Deford,Detroit Salt,Detroit Salt,,2027,early_fill,400.0,60.48,24192.0,,29,deterministic_pdf,0.92,0.92,0.92,auto_accepted,,2026-08-27 20:03:49,https://www.michigan.gov/dtmb/-/media/Project/Websites/dtmb/Procurement/Contracts/MiDEAL/002/260000000712.pdf?rev=8d4ed14d634d466fa9207bb1d92c2458&hash=AAB40CFD3A7E1C61C7C17CA7044DBB4B,/Users/arshnoorkaur/Downloads/road_salt_tracker/data/raw/MI/doc_1.pdf,2026-08-27,MI,260000000712,2026-10-01,2027-09-30
3281,1,MI,Tuscola,Akron,Detroit Salt,Detroit Salt,,2027,early_fill,300.0,60.48,18144.0,,29,deterministic_pdf,0.92,0.92,0.92,auto_accepted,,2026-08-27 20:03:49,https://www.michigan.gov/dtmb/-/media/Project/Websites/dtmb/Procurement/Contracts/MiDEAL/002/260000000712.pdf?rev=8d4ed14d634d466fa9207bb1d92c2458&hash=AAB40CFD3A7E1C61C7C17CA7044DBB4B,/Users/arshnoorkaur/Downloads/road_salt_tracker/data/raw/MI/doc_1.pdf,2026-08-27,MI,260000000712,2026-10-01,2027-09-30
3282,1,MI,Berrien,Sawyer,Detroit Salt,Detroit Salt,,2027,early_fill,1500.0,76.2,114300.0,,29,deterministic_pdf,0.92,0.92,0.92,auto_accepted,,2026-08-27 20:03:49,https://www.michigan.gov/dtmb/-/media/Project/Websites/dtmb/Procurement/Contracts/MiDEAL/002/260000000712.pdf?rev=8d4ed14d634d466fa9207bb1d92c2458&hash=AAB40CFD3A7E1C61C7C17CA7044DBB4B,/Users/arshnoorkaur/Downloads/road_salt_tracker/data/raw/MI/doc_1.pdf,2026-08-27,MI,260000000712,2026-10-01,2027-09-30
3283,1,MI,Berrien,Niles,Detroit Salt,Detroit Salt,,2027,early_fill,2000.0,76.2,152400.0,,30,deterministic_pdf,0.92,0.92,0.92,auto_accepted,,2026-08-27 20:03:49,https://www.michigan.gov/dtmb/-/media/Project/Websites/dtmb/Procurement/Contracts/MiDEAL/002/260000000712.pdf?rev=8d4ed14d634d466fa9207bb1d92c2458&hash=AAB40CFD3A7E1C61C7C17CA7044DBB4B,/Users/arshnoorkaur/Downloads/road_salt_tracker/data/raw/MI/doc_1.pdf,2026-08-27,MI,260000000712,2026-10-01,2027-09-30
3284,1,MI,Berrien,Coloma,Detroit Salt,Detroit Salt,,2027,early_fill,0.0,76.2,0.0,,30,deterministic_pdf,0.92,0.92,0.92,auto_accepted,,2026-08-27 20:03:49,https://www.michigan.gov/dtmb/-/media/Project/Websites/dtmb/Procurement/Contracts/MiDEAL/002/260000000712.pdf?rev=8d4ed14d634d466fa9207bb1d92c2458&hash=AAB40CFD3A7E1C61C7C17CA7044DBB4B,/Users/arshnoorkaur/Downloads/road_salt_tracker/data/raw/MI/doc_1.pdf,2026-08-27,MI,260000000712,2026-10-01,2027-09-30
3285,1,MI,Branch,Coldwater,Detroit Salt,Detroit Salt,,2027,early_fill,0.0,74.38,0.0,,30,deterministic_pdf,0.92,0.92,0.92,auto_accepted,,2026-08-27 20:03:49,https://www.michigan.gov/dtmb/-/media/Project/Websites/dtmb/Procurement/Contracts/MiDEAL/002/260000000712.pdf?rev=8d4ed14d634d466fa9207bb1d92c2458&hash=AAB40CFD3A7E1C61C7C17CA7044DBB4B,/Users/arshnoorkaur/Downloads/road_salt_tracker/data/raw/MI/doc_1.pdf,2026-08-27,MI,260000000712,2026-10-01,2027-09-30
3286,1,MI,Branch,Branch CRC,Detroit Salt,Detroit Salt,,2027,early_fill,1600.0,74.38,119008.0,,30,deterministic_pdf,0.92,0.92,0.92,auto_accepted,,2026-08-27 20:03:49,https://www.michigan.gov/dtmb/-/media/Project/Websites/dtmb/Procurement/Contracts/MiDEAL/002/260000000712.pdf?rev=8d4ed14d634d466fa9207bb1d92c2458&hash=AAB40CFD3A7E1C61C7C17CA7044DBB4B,/Users/arshnoorkaur/Downloads/road_salt_tracker/data/raw/MI/doc_1.pdf,2026-08-27,MI,260000000712,2026-10-01,2027-09-30
3287,1,MI,Calhoun,Marshall,Detroit Salt,Detroit Salt,,2027,early_fill,500.0,75.75,37875.0,,30,deterministic_pdf,0.92,0.92,0.92,auto_accepted,,2026-08-27 20:03:49,https://www.michigan.gov/dtmb/-/media/Project/Websites/dtmb/Procurement/Contracts/MiDEAL/002/260000000712.pdf?rev=8d4ed14d634d466fa9207bb1d92c2458&hash=AAB40CFD3A7E1C61C7C17CA7044DBB4B,/Users/arshnoorkaur/Downloads/road_salt_tracker/data/raw/MI/doc_1.pdf,2026-08-27,MI,260000000712,2026-10-01,2027-09-30
3288,1,MI,Calhoun,CCRD - Marshall,Detroit Salt,Detroit Salt,,2027,early_fill,0.0,75.75,0.0,,30,deterministic_pdf,0.92,0.92,0.92,auto_accepted,,2026-08-27 20:03:49,https://www.michigan.gov/dtmb/-/media/Project/Websites/dtmb/Procurement/Contracts/MiDEAL/002/260000000712.pdf?rev=8d4ed14d634d466fa9207bb1d92c2458&hash=AAB40CFD3A7E1C61C7C17CA7044DBB4B,/Users/arshnoorkaur/Downloads/road_salt_tracker/data/raw/MI/doc_1.pdf,2026-08-27,MI,260000000712,2026-10-01,2027-09-30
3289,1,MI,Calhoun,CRD - Battle Cree,Detroit Salt,Detroit Salt,,2027,early_fill,0.0,75.75,0.0,,30,deterministic_pdf,0.92,0.92,0.92,auto_accepted,,2026-08-27 20:03:49,https://www.michigan.gov/dtmb/-/media/Project/Websites/dtmb/Procurement/Contracts/MiDEAL/002/260000000712.pdf?rev=8d4ed14d634d466fa9207bb1d92c2458&hash=AAB40CFD3A7E1C61C7C17CA7044DBB4B,/Users/arshnoorkaur/Downloads/road_salt_tracker/data/raw/MI/doc_1.pdf,2026-08-27,MI,260000000712,2026-10-01,2027-09-30
3290,1,MI,Cass,Jones,Detroit Salt,Detroit Salt,,2027,early_fill,1200.0,81.05,97260.0,,30,deterministic_pdf,0.92,0.92,0.92,auto_accepted,,2026-08-27 20:03:49,https://www.michigan.gov/dtmb/-/media/Project/Websites/dtmb/Procurement/Contracts/MiDEAL/002/260000000712.pdf?rev=8d4ed14d634d466fa9207bb1d92c2458&hash=AAB40CFD3A7E1C61C7C17CA7044DBB4B,/Users/arshnoorkaur/Downloads/road_salt_tracker/data/raw/MI/doc_1.pdf,2026-08-27,MI,260000000712,2026-10-01,2027-09-30
3291,1,MI,Kalamazoo,Kalamazoo,Detroit Salt,Detroit Salt,,2027,early_fill,1260.0,73.68,92836.8,,30,deterministic_pdf,0.92,0.92,0.92,auto_accepted,,2026-08-27 20:03:49,https://www.michigan.gov/dtmb/-/media/Project/Websites/dtmb/Procurement/Contracts/MiDEAL/002/260000000712.pdf?rev=8d4ed14d634d466fa9207bb1d92c2458&hash=AAB40CFD3A7E1C61C7C17CA7044DBB4B,/Users/arshnoorkaur/Downloads/road_salt_tracker/data/raw/MI/doc_1.pdf,2026-08-27,MI,260000000712,2026-10-01,2027-09-30
3292,1,MI,VanBuren,South Haven,Detroit Salt,Detroit Salt,,2027,early_fill,2000.0,73.72,147440.0,,30,deterministic_pdf,0.92,0.92,0.92,auto_accepted,,2026-08-27 20:03:49,https://www.michigan.gov/dtmb/-/media/Project/Websites/dtmb/Procurement/Contracts/MiDEAL/002/260000000712.pdf?rev=8d4ed14d634d466fa9207bb1d92c2458&hash=AAB40CFD3A7E1C61C7C17CA7044DBB4B,/Users/arshnoorkaur/Downloads/road_salt_tracker/data/raw/MI/doc_1.pdf,2026-08-27,MI,260000000712,2026-10-01,2027-09-30
3293,1,MI,VanBuren,Paw Paw,Detroit Salt,Detroit Salt,,2027,early_fill,0.0,73.72,0.0,,30,deterministic_pdf,0.92,0.92,0.92,auto_accepted,,2026-08-27 20:03:49,https://www.michigan.gov/dtmb/-/media/Project/Websites/dtmb/Procurement/Contracts/MiDEAL/002/260000000712.pdf?rev=8d4ed14d634d466fa9207bb1d92c2458&hash=AAB40CFD3A7E1C61C7C17CA7044DBB4B,/Users/arshnoorkaur/Downloads/road_salt_tracker/data/raw/MI/doc_1.pdf,2026-08-27,MI,260000000712,2026-10-01,2027-09-30
3294,1,MI,Clinton,St. Johns,Detroit Salt,Detroit Salt,,2027,early_fill,1000.0,72.96,72960.0,,30,deterministic_pdf,0.92,0.92,0.92,auto_accepted,,2026-08-27 20:03:49,https://www.michigan.gov/dtmb/-/media/Project/Websites/dtmb/Procurement/Contracts/MiDEAL/002/260000000712.pdf?rev=8d4ed14d634d466fa9207bb1d92c2458&hash=AAB40CFD3A7E1C61C7C17CA7044DBB4B,/Users/arshnoorkaur/Downloads/road_salt_tracker/data/raw/MI/doc_1.pdf,2026-08-27,MI,260000000712,2026-10-01,2027-09-30
3295,1,MI,Eaton,Grand Ledge,Detroit Salt,Detroit Salt,,2027,early_fill,1000.0,69.83,69830.0,,30,deterministic_pdf,0.92,0.92,0.92,auto_accepted,,2026-08-27 20:03:49,https://www.michigan.gov/dtmb/-/media/Project/Websites/dtmb/Procurement/Contracts/MiDEAL/002/260000000712.pdf?rev=8d4ed14d634d466fa9207bb1d92c2458&hash=AAB40CFD3A7E1C61C7C17CA7044DBB4B,/Users/arshnoorkaur/Downloads/road_salt_tracker/data/raw/MI/doc_1.pdf,2026-08-27,MI,260000000712,2026-10-01,2027-09-30
3296,1,MI,Eaton,Charlotte,Detroit Salt,Detroit Salt,,2027,early_fill,500.0,69.83,34915.0,,30,deterministic_pdf,0.92,0.92,0.92,auto_accepted,,2026-08-27 20:03:49,https://www.michigan.gov/dtmb/-/media/Project/Websites/dtmb/Procurement/Contracts/MiDEAL/002/260000000712.pdf?rev=8d4ed14d634d466fa9207bb1d92c2458&hash=AAB40CFD3A7E1C61C7C17CA7044DBB4B,/Users/arshnoorkaur/Downloads/road_salt_tracker/data/raw/MI/doc_1.pdf,2026-08-27,MI,260000000712,2026-10-01,2027-09-30
3297,1,MI,Ingham,Williamston,Detroit Salt,Detroit Salt,,2027,early_fill,800.0,76.16,60928.0,,30,deterministic_pdf,0.92,0.92,0.92,auto_accepted,,2026-08-27 20:03:49,https://www.michigan.gov/dtmb/-/media/Project/Websites/dtmb/Procurement/Contracts/MiDEAL/002/260000000712.pdf?rev=8d4ed14d634d466fa9207bb1d92c2458&hash=AAB40CFD3A7E1C61C7C17CA7044DBB4B,/Users/arshnoorkaur/Downloads/road_salt_tracker/data/raw/MI/doc_1.pdf,2026-08-27,MI,260000000712,2026-10-01,2027-09-30
3298,1,MI,Ingham,Mason,Detroit Salt,Detroit Salt,,2027,early_fill,2500.0,76.16,190400.0,,30,deterministic_pdf,0.92,0.92,0.92,auto_accepted,,2026-08-27 20:03:49,https://www.michigan.gov/dtmb/-/media/Project/Websites/dtmb/Procurement/Contracts/MiDEAL/002/260000000712.pdf?rev=8d4ed14d634d466fa9207bb1d92c2458&hash=AAB40CFD3A7E1C61C7C17CA7044DBB4B,/Users/arshnoorkaur/Downloads/road_salt_tracker/data/raw/MI/doc_1.pdf,2026-08-27,MI,260000000712,2026-10-01,2027-09-30
3299,1,MI,Jackson,Jackson,Detroit Salt,Detroit Salt,,2027,early_fill,1500.0,77.31,115965.0,,30,deterministic_pdf,0.92,0.92,0.92,auto_accepted,,2026-08-27 20:03:49,https://www.michigan.gov/dtmb/-/media/Project/Websites/dtmb/Procurement/Contracts/MiDEAL/002/260000000712.pdf?rev=8d4ed14d634d466fa9207bb1d92c2458&hash=AAB40CFD3A7E1C61C7C17CA7044DBB4B,/Users/arshnoorkaur/Downloads/road_salt_tracker/data/raw/MI/doc_1.pdf,2026-08-27,MI,260000000712,2026-10-01,2027-09-30
3300,1,MI,Jackson,Clark Lake,Detroit Salt,Detroit Salt,,2027,early_fill,0.0,77.31,0.0,,30,deterministic_pdf,0.92,0.92,0.92,auto_accepted,,2026-08-27 20:03:49,https://www.michigan.gov/dtmb/-/media/Project/Websites/dtmb/Procurement/Contracts/MiDEAL/002/260000000712.pdf?rev=8d4ed14d634d466fa9207bb1d92c2458&hash=AAB40CFD3A7E1C61C7C17CA7044DBB4B,/Users/arshnoorkaur/Downloads/road_salt_tracker/data/raw/MI/doc_1.pdf,2026-08-27,MI,260000000712,2026-10-01,2027-09-30
3301,1,MI,Jackson,Parma,Detroit Salt,Detroit Salt,,2027,early_fill,450.0,77.31,34789.5,,30,deterministic_pdf,0.92,0.92,0.92,auto_accepted,,2026-08-27 20:03:49,https://www.michigan.gov/dtmb/-/media/Project/Websites/dtmb/Procurement/Contracts/MiDEAL/002/260000000712.pdf?rev=8d4ed14d634d466fa9207bb1d92c2458&hash=AAB40CFD3A7E1C61C7C17CA7044DBB4B,/Users/arshnoorkaur/Downloads/road_salt_tracker/data/raw/MI/doc_1.pdf,2026-08-27,MI,260000000712,2026-10-01,2027-09-30
3302,1,MI,Lenawee,Adrian,Detroit Salt,Detroit Salt,,2027,early_fill,1500.0,66.73,100095.0,,30,deterministic_pdf,0.92,0.92,0.92,auto_accepted,,2026-08-27 20:03:49,https://www.michigan.gov/dtmb/-/media/Project/Websites/dtmb/Procurement/Contracts/MiDEAL/002/260000000712.pdf?rev=8d4ed14d634d466fa9207bb1d92c2458&hash=AAB40CFD3A7E1C61C7C17CA7044DBB4B,/Users/arshnoorkaur/Downloads/road_salt_tracker/data/raw/MI/doc_1.pdf,2026-08-27,MI,260000000712,2026-10-01,2027-09-30
3303,1,MI,Monroe,Dundee,Detroit Salt,Detroit Salt,,2027,early_fill,1000.0,61.81,61810.0,,30,deterministic_pdf,0.92,0.92,0.92,auto_accepted,,2026-08-27 20:03:49,https://www.michigan.gov/dtmb/-/media/Project/Websites/dtmb/Procurement/Contracts/MiDEAL/002/260000000712.pdf?rev=8d4ed14d634d466fa9207bb1d92c2458&hash=AAB40CFD3A7E1C61C7C17CA7044DBB4B,/Users/arshnoorkaur/Downloads/road_salt_tracker/data/raw/MI/doc_1.pdf,2026-08-27,MI,260000000712,2026-10-01,2027-09-30
3304,1,MI,Monroe,Carleton,Detroit Salt,Detroit Salt,,2027,early_fill,3000.0,61.81,185430.0,,31,deterministic_pdf,0.92,0.92,0.92,auto_accepted,,2026-08-27 20:03:49,https://www.michigan.gov/dtmb/-/media/Project/Websites/dtmb/Procurement/Contracts/MiDEAL/002/260000000712.pdf?rev=8d4ed14d634d466fa9207bb1d92c2458&hash=AAB40CFD3A7E1C61C7C17CA7044DBB4B,/Users/arshnoorkaur/Downloads/road_salt_tracker/data/raw/MI/doc_1.pdf,2026-08-27,MI,260000000712,2026-10-01,2027-09-30
3305,1,MI,Monroe,Erie,Detroit Salt,Detroit Salt,,2027,early_fill,0.0,61.81,0.0,,31,deterministic_pdf,0.92,0.92,0.92,auto_accepted,,2026-08-27 20:03:49,https://www.michigan.gov/dtmb/-/media/Project/Websites/dtmb/Procurement/Contracts/MiDEAL/002/260000000712.pdf?rev=8d4ed14d634d466fa9207bb1d92c2458&hash=AAB40CFD3A7E1C61C7C17CA7044DBB4B,/Users/arshnoorkaur/Downloads/road_salt_tracker/data/raw/MI/doc_1.pdf,2026-08-27,MI,260000000712,2026-10-01,2027-09-30
3306,1,MI,Wayne,Detroit,Detroit Salt,Detroit Salt,,2027,early_fill,1800.0,66.94,120492.0,,31,deterministic_pdf,0.92,0.92,0.92,auto_accepted,,2026-08-27 20:03:49,https://www.michigan.gov/dtmb/-/media/Project/Websites/dtmb/Procurement/Contracts/MiDEAL/002/260000000712.pdf?rev=8d4ed14d634d466fa9207bb1d92c2458&hash=AAB40CFD3A7E1C61C7C17CA7044DBB4B,/Users/arshnoorkaur/Downloads/road_salt_tracker/data/raw/MI/doc_1.pdf,2026-08-27,MI,260000000712,2026-10-01,2027-09-30
3307,1,MI,Kalkaska,Kalkaska,Detroit Salt,Detroit Salt,,2027,seasonal_fill,2500.0,80.11,200275.0,,32,deterministic_pdf,0.92,0.92,0.92,auto_accepted,,2026-08-27 20:03:49,https://www.michigan.gov/dtmb/-/media/Project/Websites/dtmb/Procurement/Contracts/MiDEAL/002/260000000712.pdf?rev=8d4ed14d634d466fa9207bb1d92c2458&hash=AAB40CFD3A7E1C61C7C17CA7044DBB4B,/Users/arshnoorkaur/Downloads/road_salt_tracker/data/raw/MI/doc_1.pdf,2026-08-27,MI,260000000712,2026-10-01,2027-09-30
3308,1,MI,Barry,Hastings,Detroit Salt,Detroit Salt,,2027,seasonal_fill,2000.0,73.26,146520.0,,32,deterministic_pdf,0.92,0.92,0.92,auto_accepted,,2026-08-27 20:03:49,https://www.michigan.gov/dtmb/-/media/Project/Websites/dtmb/Procurement/Contracts/MiDEAL/002/260000000712.pdf?rev=8d4ed14d634d466fa9207bb1d92c2458&hash=AAB40CFD3A7E1C61C7C17CA7044DBB4B,/Users/arshnoorkaur/Downloads/road_salt_tracker/data/raw/MI/doc_1.pdf,2026-08-27,MI,260000000712,2026-10-01,2027-09-30
3309,1,MI,Ionia,Ionia,Detroit Salt,Detroit Salt,,2027,seasonal_fill,2000.0,73.24,146480.0,,32,deterministic_pdf,0.92,0.92,0.92,auto_accepted,,2026-08-27 20:03:49,https://www.michigan.gov/dtmb/-/media/Project/Websites/dtmb/Procurement/Contracts/MiDEAL/002/260000000712.pdf?rev=8d4ed14d634d466fa9207bb1d92c2458&hash=AAB40CFD3A7E1C61C7C17CA7044DBB4B,/Users/arshnoorkaur/Downloads/road_salt_tracker/data/raw/MI/doc_1.pdf,2026-08-27,MI,260000000712,2026-10-01,2027-09-30
3310,1,MI,Ionia,Saranac,Detroit Salt,Detroit Salt,,2027,seasonal_fill,1000.0,73.24,73240.0,,32,deterministic_pdf,0.92,0.92,0.92,auto_accepted,,2026-08-27 20:03:49,https://www.michigan.gov/dtmb/-/media/Project/Websites/dtmb/Procurement/Contracts/MiDEAL/002/260000000712.pdf?rev=8d4ed14d634d466fa9207bb1d92c2458&hash=AAB40CFD3A7E1C61C7C17CA7044DBB4B,/Users/arshnoorkaur/Downloads/road_salt_tracker/data/raw/MI/doc_1.pdf,2026-08-27,MI,260000000712,2026-10-01,2027-09-30
3311,1,MI,Arenac,Standish,Detroit Salt,Detroit Salt,,2027,seasonal_fill,1500.0,67.55,101325.0,,32,deterministic_pdf,0.92,0.92,0.92,auto_accepted,,2026-08-27 20:03:49,https://www.michigan.gov/dtmb/-/media/Project/Websites/dtmb/Procurement/Contracts/MiDEAL/002/260000000712.pdf?rev=8d4ed14d634d466fa9207bb1d92c2458&hash=AAB40CFD3A7E1C61C7C17CA7044DBB4B,/Users/arshnoorkaur/Downloads/road_salt_tracker/data/raw/MI/doc_1.pdf,2026-08-27,MI,260000000712,2026-10-01,2027-09-30
3312,1,MI,Bay,East District,Detroit Salt,Detroit Salt,,2027,seasonal_fill,500.0,62.68,31340.0,,32,deterministic_pdf,0.92,0.92,0.92,auto_accepted,,2026-08-27 20:03:49,https://www.michigan.gov/dtmb/-/media/Project/Websites/dtmb/Procurement/Contracts/MiDEAL/002/260000000712.pdf?rev=8d4ed14d634d466fa9207bb1d92c2458&hash=AAB40CFD3A7E1C61C7C17CA7044DBB4B,/Users/arshnoorkaur/Downloads/road_salt_tracker/data/raw/MI/doc_1.pdf,2026-08-27,MI,260000000712,2026-10-01,2027-09-30
3313,1,MI,Bay,Kawkawlin,Detroit Salt,Detroit Salt,,2027,seasonal_fill,2000.0,62.68,125360.0,,32,deterministic_pdf,0.92,0.92,0.92,auto_accepted,,2026-08-27 20:03:49,https://www.michigan.gov/dtmb/-/media/Project/Websites/dtmb/Procurement/Contracts/MiDEAL/002/260000000712.pdf?rev=8d4ed14d634d466fa9207bb1d92c2458&hash=AAB40CFD3A7E1C61C7C17CA7044DBB4B,/Users/arshnoorkaur/Downloads/road_salt_tracker/data/raw/MI/doc_1.pdf,2026-08-27,MI,260000000712,2026-10-01,2027-09-30
3314,1,MI,Bay,Pinconning,Detroit Salt,Detroit Salt,,2027,seasonal_fill,500.0,62.68,31340.0,,32,deterministic_pdf,0.92,0.92,0.92,auto_accepted,,2026-08-27 20:03:49,https://www.michigan.gov/dtmb/-/media/Project/Websites/dtmb/Procurement/Contracts/MiDEAL/002/260000000712.pdf?rev=8d4ed14d634d466fa9207bb1d92c2458&hash=AAB40CFD3A7E1C61C7C17CA7044DBB4B,/Users/arshnoorkaur/Downloads/road_salt_tracker/data/raw/MI/doc_1.pdf,2026-08-27,MI,260000000712,2026-10-01,2027-09-30
3315,1,MI,Clare,Harrison,Detroit Salt,Detroit Salt,,2027,seasonal_fill,2200.0,68.51,150722.0,,32,deterministic_pdf,0.92,0.92,0.92,auto_accepted,,2026-08-27 20:03:49,https://www.michigan.gov/dtmb/-/media/Project/Websites/dtmb/Procurement/Contracts/MiDEAL/002/260000000712.pdf?rev=8d4ed14d634d466fa9207bb1d92c2458&hash=AAB40CFD3A7E1C61C7C17CA7044DBB4B,/Users/arshnoorkaur/Downloads/road_salt_tracker/data/raw/MI/doc_1.pdf,2026-08-27,MI,260000000712,2026-10-01,2027-09-30
3316,1,MI,Gladwin,Gladwin,Detroit Salt,Detroit Salt,,2027,seasonal_fill,600.0,69.98,41988.0,,32,deterministic_pdf,0.92,0.92,0.92,auto_accepted,,2026-08-27 20:03:49,https://www.michigan.gov/dtmb/-/media/Project/Websites/dtmb/Procurement/Contracts/MiDEAL/002/260000000712.pdf?rev=8d4ed14d634d466fa9207bb1d92c2458&hash=AAB40CFD3A7E1C61C7C17CA7044DBB4B,/Users/arshnoorkaur/Downloads/road_salt_tracker/data/raw/MI/doc_1.pdf,2026-08-27,MI,260000000712,2026-10-01,2027-09-30
3317,1,MI,Gratiot,Ithaca,Detroit Salt,Detroit Salt,,2027,seasonal_fill,1500.0,66.55,99825.0,,32,deterministic_pdf,0.92,0.92,0.92,auto_accepted,,2026-08-27 20:03:49,https://www.michigan.gov/dtmb/-/media/Project/Websites/dtmb/Procurement/Contracts/MiDEAL/002/260000000712.pdf?rev=8d4ed14d634d466fa9207bb1d92c2458&hash=AAB40CFD3A7E1C61C7C17CA7044DBB4B,/Users/arshnoorkaur/Downloads/road_salt_tracker/data/raw/MI/doc_1.pdf,2026-08-27,MI,260000000712,2026-10-01,2027-09-30
3318,1,MI,Huron,Kinde,Detroit Salt,Detroit Salt,,2027,seasonal_fill,350.0,64.89,22711.5,,32,deterministic_pdf,0.92,0.92,0.92,auto_accepted,,2026-08-27 20:03:49,https://www.michigan.gov/dtmb/-/media/Project/Websites/dtmb/Procurement/Contracts/MiDEAL/002/260000000712.pdf?rev=8d4ed14d634d466fa9207bb1d92c2458&hash=AAB40CFD3A7E1C61C7C17CA7044DBB4B,/Users/arshnoorkaur/Downloads/road_salt_tracker/data/raw/MI/doc_1.pdf,2026-08-27,MI,260000000712,2026-10-01,2027-09-30
3319,1,MI,Huron,Bad Axe,Detroit Salt,Detroit Salt,,2027,seasonal_fill,500.0,64.89,32445.0,,32,deterministic_pdf,0.92,0.92,0.92,auto_accepted,,2026-08-27 20:03:49,https://www.michigan.gov/dtmb/-/media/Project/Websites/dtmb/Procurement/Contracts/MiDEAL/002/260000000712.pdf?rev=8d4ed14d634d466fa9207bb1d92c2458&hash=AAB40CFD3A7E1C61C7C17CA7044DBB4B,/Users/arshnoorkaur/Downloads/road_salt_tracker/data/raw/MI/doc_1.pdf,2026-08-27,MI,260000000712,2026-10-01,2027-09-30
3320,1,MI,Huron,Port Hope,Detroit Salt,Detroit Salt,,2027,seasonal_fill,100.0,64.89,6489.0,,32,deterministic_pdf,0.92,0.92,0.92,auto_accepted,,2026-08-27 20:03:49,https://www.michigan.gov/dtmb/-/media/Project/Websites/dtmb/Procurement/Contracts/MiDEAL/002/260000000712.pdf?rev=8d4ed14d634d466fa9207bb1d92c2458&hash=AAB40CFD3A7E1C61C7C17CA7044DBB4B,/Users/arshnoorkaur/Downloads/road_salt_tracker/data/raw/MI/doc_1.pdf,2026-08-27,MI,260000000712,2026-10-01,2027-09-30
3321,1,MI,Huron,Sand Beach,Detroit Salt,Detroit Salt,,2027,seasonal_fill,200.0,64.89,12978.0,,32,deterministic_pdf,0.92,0.92,0.92,auto_accepted,,2026-08-27 20:03:49,https://www.michigan.gov/dtmb/-/media/Project/Websites/dtmb/Procurement/Contracts/MiDEAL/002/260000000712.pdf?rev=8d4ed14d634d466fa9207bb1d92c2458&hash=AAB40CFD3A7E1C61C7C17CA7044DBB4B,/Users/arshnoorkaur/Downloads/road_salt_tracker/data/raw/MI/doc_1.pdf,2026-08-27,MI,260000000712,2026-10-01,2027-09-30
3322,1,MI,Huron,Pigeon,Detroit Salt,Detroit Salt,,2027,seasonal_fill,350.0,64.89,22711.5,,32,deterministic_pdf,0.92,0.92,0.92,auto_accepted,,2026-08-27 20:03:49,https://www.michigan.gov/dtmb/-/media/Project/Websites/dtmb/Procurement/Contracts/MiDEAL/002/260000000712.pdf?rev=8d4ed14d634d466fa9207bb1d92c2458&hash=AAB40CFD3A7E1C61C7C17CA7044DBB4B,/Users/arshnoorkaur/Downloads/road_salt_tracker/data/raw/MI/doc_1.pdf,2026-08-27,MI,260000000712,2026-10-01,2027-09-30
3323,1,MI,Sanilac,Sandusky,Detroit Salt,Detroit Salt,,2027,seasonal_fill,400.0,65.21,26084.0,,32,deterministic_pdf,0.92,0.92,0.92,auto_accepted,,2026-08-27 20:03:49,https://www.michigan.gov/dtmb/-/media/Project/Websites/dtmb/Procurement/Contracts/MiDEAL/002/260000000712.pdf?rev=8d4ed14d634d466fa9207bb1d92c2458&hash=AAB40CFD3A7E1C61C7C17CA7044DBB4B,/Users/arshnoorkaur/Downloads/road_salt_tracker/data/raw/MI/doc_1.pdf,2026-08-27,MI,260000000712,2026-10-01,2027-09-30
3324,1,MI,Sanilac,Brown City,Detroit Salt,Detroit Salt,,2027,seasonal_fill,250.0,65.21,16302.5,,32,deterministic_pdf,0.92,0.92,0.92,auto_accepted,,2026-08-27 20:03:49,https://www.michigan.gov/dtmb/-/media/Project/Websites/dtmb/Procurement/Contracts/MiDEAL/002/260000000712.pdf?rev=8d4ed14d634d466fa9207bb1d92c2458&hash=AAB40CFD3A7E1C61C7C17CA7044DBB4B,/Users/arshnoorkaur/Downloads/road_salt_tracker/data/raw/MI/doc_1.pdf,2026-08-27,MI,260000000712,2026-10-01,2027-09-30
3325,1,MI,Sanilac,Cedardale,Detroit Salt,Detroit Salt,,2027,seasonal_fill,400.0,65.21,26084.0,,32,deterministic_pdf,0.92,0.92,0.92,auto_accepted,,2026-08-27 20:03:49,https://www.michigan.gov/dtmb/-/media/Project/Websites/dtmb/Procurement/Contracts/MiDEAL/002/260000000712.pdf?rev=8d4ed14d634d466fa9207bb1d92c2458&hash=AAB40CFD3A7E1C61C7C17CA7044DBB4B,/Users/arshnoorkaur/Downloads/road_salt_tracker/data/raw/MI/doc_1.pdf,2026-08-27,MI,260000000712,2026-10-01,2027-09-30
3326,1,MI,Sanilac,Croswell,Detroit Salt,Detroit Salt,,2027,seasonal_fill,450.0,65.21,29344.5,,32,deterministic_pdf,0.92,0.92,0.92,auto_accepted,,2026-08-27 20:03:49,https://www.michigan.gov/dtmb/-/media/Project/Websites/dtmb/Procurement/Contracts/MiDEAL/002/260000000712.pdf?rev=8d4ed14d634d466fa9207bb1d92c2458&hash=AAB40CFD3A7E1C61C7C17CA7044DBB4B,/Users/arshnoorkaur/Downloads/road_salt_tracker/data/raw/MI/doc_1.pdf,2026-08-27,MI,260000000712,2026-10-01,2027-09-30
3327,1,MI,Sanilac,Snover,Detroit Salt,Detroit Salt,,2027,seasonal_fill,400.0,65.21,26084.0,,32,deterministic_pdf,0.92,0.92,0.92,auto_accepted,,2026-08-27 20:03:49,https://www.michigan.gov/dtmb/-/media/Project/Websites/dtmb/Procurement/Contracts/MiDEAL/002/260000000712.pdf?rev=8d4ed14d634d466fa9207bb1d92c2458&hash=AAB40CFD3A7E1C61C7C17CA7044DBB4B,/Users/arshnoorkaur/Downloads/road_salt_tracker/data/raw/MI/doc_1.pdf,2026-08-27,MI,260000000712,2026-10-01,2027-09-30
3328,1,MI,Shiawassee,Corunna,Detroit Salt,Detroit Salt,,2027,seasonal_fill,1500.0,63.7,95550.0,,32,deterministic_pdf,0.92,0.92,0.92,auto_accepted,,2026-08-27 20:03:49,https://www.michigan.gov/dtmb/-/media/Project/Websites/dtmb/Procurement/Contracts/MiDEAL/002/260000000712.pdf?rev=8d4ed14d634d466fa9207bb1d92c2458&hash=AAB40CFD3A7E1C61C7C17CA7044DBB4B,/Users/arshnoorkaur/Downloads/road_salt_tracker/data/raw/MI/doc_1.pdf,2026-08-27,MI,260000000712,2026-10-01,2027-09-30
3329,1,MI,Shiawassee,Perry,Detroit Salt,Detroit Salt,,2027,seasonal_fill,0.0,63.7,0.0,,33,deterministic_pdf,0.92,0.92,0.92,auto_accepted,,2026-08-27 20:03:49,https://www.michigan.gov/dtmb/-/media/Project/Websites/dtmb/Procurement/Contracts/MiDEAL/002/260000000712.pdf?rev=8d4ed14d634d466fa9207bb1d92c2458&hash=AAB40CFD3A7E1C61C7C17CA7044DBB4B,/Users/arshnoorkaur/Downloads/road_salt_tracker/data/raw/MI/doc_1.pdf,2026-08-27,MI,260000000712,2026-10-01,2027-09-30
3330,1,MI,St. Clair,Blue Water,Detroit Salt,Detroit Salt,,2027,seasonal_fill,600.0,58.97,35382.0,,33,deterministic_pdf,0.92,0.92,0.92,auto_accepted,,2026-08-27 20:03:49,https://www.michigan.gov/dtmb/-/media/Project/Websites/dtmb/Procurement/Contracts/MiDEAL/002/260000000712.pdf?rev=8d4ed14d634d466fa9207bb1d92c2458&hash=AAB40CFD3A7E1C61C7C17CA7044DBB4B,/Users/arshnoorkaur/Downloads/road_salt_tracker/data/raw/MI/doc_1.pdf,2026-08-27,MI,260000000712,2026-10-01,2027-09-30
3331,1,MI,Tuscola,Caro,Detroit Salt,Detroit Salt,,2027,seasonal_fill,400.0,61.17,24468.0,,33,deterministic_pdf,0.92,0.92,0.92,auto_accepted,,2026-08-27 20:03:49,https://www.michigan.gov/dtmb/-/media/Project/Websites/dtmb/Procurement/Contracts/MiDEAL/002/260000000712.pdf?rev=8d4ed14d634d466fa9207bb1d92c2458&hash=AAB40CFD3A7E1C61C7C17CA7044DBB4B,/Users/arshnoorkaur/Downloads/road_salt_tracker/data/raw/MI/doc_1.pdf,2026-08-27,MI,260000000712,2026-10-01,2027-09-30
3332,1,MI,Tuscola,Vassar,Detroit Salt,Detroit Salt,,2027,seasonal_fill,400.0,61.17,24468.0,,33,deterministic_pdf,0.92,0.92,0.92,auto_accepted,,2026-08-27 20:03:49,https://www.michigan.gov/dtmb/-/media/Project/Websites/dtmb/Procurement/Contracts/MiDEAL/002/260000000712.pdf?rev=8d4ed14d634d466fa9207bb1d92c2458&hash=AAB40CFD3A7E1C61C7C17CA7044DBB4B,/Users/arshnoorkaur/Downloads/road_salt_tracker/data/raw/MI/doc_1.pdf,2026-08-27,MI,260000000712,2026-10-01,2027-09-30
3333,1,MI,Tuscola,Deford,Detroit Salt,Detroit Salt,,2027,seasonal_fill,400.0,61.17,24468.0,,33,deterministic_pdf,0.92,0.92,0.92,auto_accepted,,2026-08-27 20:03:49,https://www.michigan.gov/dtmb/-/media/Project/Websites/dtmb/Procurement/Contracts/MiDEAL/002/260000000712.pdf?rev=8d4ed14d634d466fa9207bb1d92c2458&hash=AAB40CFD3A7E1C61C7C17CA7044DBB4B,/Users/arshnoorkaur/Downloads/road_salt_tracker/data/raw/MI/doc_1.pdf,2026-08-27,MI,260000000712,2026-10-01,2027-09-30
3334,1,MI,Tuscola,Akron,Detroit Salt,Detroit Salt,,2027,seasonal_fill,300.0,61.17,18351.0,,33,deterministic_pdf,0.92,0.92,0.92,auto_accepted,,2026-08-27 20:03:49,https://www.michigan.gov/dtmb/-/media/Project/Websites/dtmb/Procurement/Contracts/MiDEAL/002/260000000712.pdf?rev=8d4ed14d634d466fa9207bb1d92c2458&hash=AAB40CFD3A7E1C61C7C17CA7044DBB4B,/Users/arshnoorkaur/Downloads/road_salt_tracker/data/raw/MI/doc_1.pdf,2026-08-27,MI,260000000712,2026-10-01,2027-09-30
3335,1,MI,Berrien,Sawyer,Detroit Salt,Detroit Salt,,2027,seasonal_fill,2200.0,74.16,163152.0,,33,deterministic_pdf,0.92,0.92,0.92,auto_accepted,,2026-08-27 20:03:49,https://www.michigan.gov/dtmb/-/media/Project/Websites/dtmb/Procurement/Contracts/MiDEAL/002/260000000712.pdf?rev=8d4ed14d634d466fa9207bb1d92c2458&hash=AAB40CFD3A7E1C61C7C17CA7044DBB4B,/Users/arshnoorkaur/Downloads/road_salt_tracker/data/raw/MI/doc_1.pdf,2026-08-27,MI,260000000712,2026-10-01,2027-09-30
3336,1,MI,Berrien,Niles,Detroit Salt,Detroit Salt,,2027,seasonal_fill,3300.0,74.16,244728.0,,33,deterministic_pdf,0.92,0.92,0.92,auto_accepted,,2026-08-27 20:03:49,https://www.michigan.gov/dtmb/-/media/Project/Websites/dtmb/Procurement/Contracts/MiDEAL/002/260000000712.pdf?rev=8d4ed14d634d466fa9207bb1d92c2458&hash=AAB40CFD3A7E1C61C7C17CA7044DBB4B,/Users/arshnoorkaur/Downloads/road_salt_tracker/data/raw/MI/doc_1.pdf,2026-08-27,MI,260000000712,2026-10-01,2027-09-30
3337,1,MI,Berrien,Coloma,Detroit Salt,Detroit Salt,,2027,seasonal_fill,4200.0,74.16,311472.0,,33,deterministic_pdf,0.92,0.92,0.92,auto_accepted,,2026-08-27 20:03:49,https://www.michigan.gov/dtmb/-/media/Project/Websites/dtmb/Procurement/Contracts/MiDEAL/002/260000000712.pdf?rev=8d4ed14d634d466fa9207bb1d92c2458&hash=AAB40CFD3A7E1C61C7C17CA7044DBB4B,/Users/arshnoorkaur/Downloads/road_salt_tracker/data/raw/MI/doc_1.pdf,2026-08-27,MI,260000000712,2026-10-01,2027-09-30
3338,1,MI,Branch,Coldwater,Detroit Salt,Detroit Salt,,2027,seasonal_fill,0.0,75.75,0.0,,33,deterministic_pdf,0.92,0.92,0.92,auto_accepted,,2026-08-27 20:03:49,https://www.michigan.gov/dtmb/-/media/Project/Websites/dtmb/Procurement/Contracts/MiDEAL/002/260000000712.pdf?rev=8d4ed14d634d466fa9207bb1d92c2458&hash=AAB40CFD3A7E1C61C7C17CA7044DBB4B,/Users/arshnoorkaur/Downloads/road_salt_tracker/data/raw/MI/doc_1.pdf,2026-08-27,MI,260000000712,2026-10-01,2027-09-30
3339,1,MI,Branch,Branch CRC,Detroit Salt,Detroit Salt,,2027,seasonal_fill,2500.0,75.75,189375.0,,33,deterministic_pdf,0.92,0.92,0.92,auto_accepted,,2026-08-27 20:03:49,https://www.michigan.gov/dtmb/-/media/Project/Websites/dtmb/Procurement/Contracts/MiDEAL/002/260000000712.pdf?rev=8d4ed14d634d466fa9207bb1d92c2458&hash=AAB40CFD3A7E1C61C7C17CA7044DBB4B,/Users/arshnoorkaur/Downloads/road_salt_tracker/data/raw/MI/doc_1.pdf,2026-08-27,MI,260000000712,2026-10-01,2027-09-30
3340,1,MI,Calhoun,Marshall,Detroit Salt,Detroit Salt,,2027,seasonal_fill,800.0,72.14,57712.0,,33,deterministic_pdf,0.92,0.92,0.92,auto_accepted,,2026-08-27 20:03:49,https://www.michigan.gov/dtmb/-/media/Project/Websites/dtmb/Procurement/Contracts/MiDEAL/002/260000000712.pdf?rev=8d4ed14d634d466fa9207bb1d92c2458&hash=AAB40CFD3A7E1C61C7C17CA7044DBB4B,/Users/arshnoorkaur/Downloads/road_salt_tracker/data/raw/MI/doc_1.pdf,2026-08-27,MI,260000000712,2026-10-01,2027-09-30
3341,1,MI,Calhoun,CCRD - Marshall,Detroit Salt,Detroit Salt,,2027,seasonal_fill,4000.0,72.14,288560.0,,33,deterministic_pdf,0.92,0.92,0.92,auto_accepted,,2026-08-27 20:03:49,https://www.michigan.gov/dtmb/-/media/Project/Websites/dtmb/Procurement/Contracts/MiDEAL/002/260000000712.pdf?rev=8d4ed14d634d466fa9207bb1d92c2458&hash=AAB40CFD3A7E1C61C7C17CA7044DBB4B,/Users/arshnoorkaur/Downloads/road_salt_tracker/data/raw/MI/doc_1.pdf,2026-08-27,MI,260000000712,2026-10-01,2027-09-30
3342,1,MI,Calhoun,CRD - Battle Cree,Detroit Salt,Detroit Salt,,2027,seasonal_fill,2800.0,72.14,201992.0,,33,deterministic_pdf,0.92,0.92,0.92,auto_accepted,,2026-08-27 20:03:49,https://www.michigan.gov/dtmb/-/media/Project/Websites/dtmb/Procurement/Contracts/MiDEAL/002/260000000712.pdf?rev=8d4ed14d634d466fa9207bb1d92c2458&hash=AAB40CFD3A7E1C61C7C17CA7044DBB4B,/Users/arshnoorkaur/Downloads/road_salt_tracker/data/raw/MI/doc_1.pdf,2026-08-27,MI,260000000712,2026-10-01,2027-09-30
3343,1,MI,Cass,Jones,Detroit Salt,Detroit Salt,,2027,seasonal_fill,2200.0,78.78,173316.0,,33,deterministic_pdf,0.92,0.92,0.92,auto_accepted,,2026-08-27 20:03:49,https://www.michigan.gov/dtmb/-/media/Project/Websites/dtmb/Procurement/Contracts/MiDEAL/002/260000000712.pdf?rev=8d4ed14d634d466fa9207bb1d92c2458&hash=AAB40CFD3A7E1C61C7C17CA7044DBB4B,/Users/arshnoorkaur/Downloads/road_salt_tracker/data/raw/MI/doc_1.pdf,2026-08-27,MI,260000000712,2026-10-01,2027-09-30
3344,1,MI,Kalamazoo,Kalamazoo,Detroit Salt,Detroit Salt,,2027,seasonal_fill,3400.0,76.21,259114.0,,33,deterministic_pdf,0.92,0.92,0.92,auto_accepted,,2026-08-27 20:03:49,https://www.michigan.gov/dtmb/-/media/Project/Websites/dtmb/Procurement/Contracts/MiDEAL/002/260000000712.pdf?rev=8d4ed14d634d466fa9207bb1d92c2458&hash=AAB40CFD3A7E1C61C7C17CA7044DBB4B,/Users/arshnoorkaur/Downloads/road_salt_tracker/data/raw/MI/doc_1.pdf,2026-08-27,MI,260000000712,2026-10-01,2027-09-30
3345,1,MI,VanBuren,South Haven,Detroit Salt,Detroit Salt,,2027,seasonal_fill,1200.0,76.53,91836.0,,33,deterministic_pdf,0.92,0.92,0.92,auto_accepted,,2026-08-27 20:03:49,https://www.michigan.gov/dtmb/-/media/Project/Websites/dtmb/Procurement/Contracts/MiDEAL/002/260000000712.pdf?rev=8d4ed14d634d466fa9207bb1d92c2458&hash=AAB40CFD3A7E1C61C7C17CA7044DBB4B,/Users/arshnoorkaur/Downloads/road_salt_tracker/data/raw/MI/doc_1.pdf,2026-08-27,MI,260000000712,2026-10-01,2027-09-30
3346,1,MI,VanBuren,Paw Paw,Detroit Salt,Detroit Salt,,2027,seasonal_fill,750.0,76.53,57397.5,,33,deterministic_pdf,0.92,0.92,0.92,auto_accepted,,2026-08-27 20:03:49,https://www.michigan.gov/dtmb/-/media/Project/Websites/dtmb/Procurement/Contracts/MiDEAL/002/260000000712.pdf?rev=8d4ed14d634d466fa9207bb1d92c2458&hash=AAB40CFD3A7E1C61C7C17CA7044DBB4B,/Users/arshnoorkaur/Downloads/road_salt_tracker/data/raw/MI/doc_1.pdf,2026-08-27,MI,260000000712,2026-10-01,2027-09-30
3347,1,MI,Clinton,St. Johns,Detroit Salt,Detroit Salt,,2027,seasonal_fill,2500.0,66.31,165775.0,,33,deterministic_pdf,0.92,0.92,0.92,auto_accepted,,2026-08-27 20:03:49,https://www.michigan.gov/dtmb/-/media/Project/Websites/dtmb/Procurement/Contracts/MiDEAL/002/260000000712.pdf?rev=8d4ed14d634d466fa9207bb1d92c2458&hash=AAB40CFD3A7E1C61C7C17CA7044DBB4B,/Users/arshnoorkaur/Downloads/road_salt_tracker/data/raw/MI/doc_1.pdf,2026-08-27,MI,260000000712,2026-10-01,2027-09-30
3348,1,MI,Eaton,Grand Ledge,Detroit Salt,Detroit Salt,,2027,seasonal_fill,7500.0,67.77,508275.0,,33,deterministic_pdf,0.92,0.92,0.92,auto_accepted,,2026-08-27 20:03:49,https://www.michigan.gov/dtmb/-/media/Project/Websites/dtmb/Procurement/Contracts/MiDEAL/002/260000000712.pdf?rev=8d4ed14d634d466fa9207bb1d92c2458&hash=AAB40CFD3A7E1C61C7C17CA7044DBB4B,/Users/arshnoorkaur/Downloads/road_salt_tracker/data/raw/MI/doc_1.pdf,2026-08-27,MI,260000000712,2026-10-01,2027-09-30
3349,1,MI,Eaton,Charlotte,Detroit Salt,Detroit Salt,,2027,seasonal_fill,5500.0,67.77,372735.0,,33,deterministic_pdf,0.92,0.92,0.92,auto_accepted,,2026-08-27 20:03:49,https://www.michigan.gov/dtmb/-/media/Project/Websites/dtmb/Procurement/Contracts/MiDEAL/002/260000000712.pdf?rev=8d4ed14d634d466fa9207bb1d92c2458&hash=AAB40CFD3A7E1C61C7C17CA7044DBB4B,/Users/arshnoorkaur/Downloads/road_salt_tracker/data/raw/MI/doc_1.pdf,2026-08-27,MI,260000000712,2026-10-01,2027-09-30
3350,1,MI,Ingham,Williamston,Detroit Salt,Detroit Salt,,2027,seasonal_fill,3800.0,66.51,252738.0,,34,deterministic_pdf,0.92,0.92,0.92,auto_accepted,,2026-08-27 20:03:49,https://www.michigan.gov/dtmb/-/media/Project/Websites/dtmb/Procurement/Contracts/MiDEAL/002/260000000712.pdf?rev=8d4ed14d634d466fa9207bb1d92c2458&hash=AAB40CFD3A7E1C61C7C17CA7044DBB4B,/Users/arshnoorkaur/Downloads/road_salt_tracker/data/raw/MI/doc_1.pdf,2026-08-27,MI,260000000712,2026-10-01,2027-09-30
3351,1,MI,Ingham,Mason,Detroit Salt,Detroit Salt,,2027,seasonal_fill,2000.0,66.51,133020.0,,34,deterministic_pdf,0.92,0.92,0.92,auto_accepted,,2026-08-27 20:03:49,https://www.michigan.gov/dtmb/-/media/Project/Websites/dtmb/Procurement/Contracts/MiDEAL/002/260000000712.pdf?rev=8d4ed14d634d466fa9207bb1d92c2458&hash=AAB40CFD3A7E1C61C7C17CA7044DBB4B,/Users/arshnoorkaur/Downloads/road_salt_tracker/data/raw/MI/doc_1.pdf,2026-08-27,MI,260000000712,2026-10-01,2027-09-30
3352,1,MI,Jackson,Jackson,Detroit Salt,Detroit Salt,,2027,seasonal_fill,4000.0,67.83,271320.0,,34,deterministic_pdf,0.92,0.92,0.92,auto_accepted,,2026-08-27 20:03:49,https://www.michigan.gov/dtmb/-/media/Project/Websites/dtmb/Procurement/Contracts/MiDEAL/002/260000000712.pdf?rev=8d4ed14d634d466fa9207bb1d92c2458&hash=AAB40CFD3A7E1C61C7C17CA7044DBB4B,/Users/arshnoorkaur/Downloads/road_salt_tracker/data/raw/MI/doc_1.pdf,2026-08-27,MI,260000000712,2026-10-01,2027-09-30
3353,1,MI,Jackson,Clark Lake,Detroit Salt,Detroit Salt,,2027,seasonal_fill,1000.0,67.83,67830.0,,34,deterministic_pdf,0.92,0.92,0.92,auto_accepted,,2026-08-27 20:03:49,https://www.michigan.gov/dtmb/-/media/Project/Websites/dtmb/Procurement/Contracts/MiDEAL/002/260000000712.pdf?rev=8d4ed14d634d466fa9207bb1d92c2458&hash=AAB40CFD3A7E1C61C7C17CA7044DBB4B,/Users/arshnoorkaur/Downloads/road_salt_tracker/data/raw/MI/doc_1.pdf,2026-08-27,MI,260000000712,2026-10-01,2027-09-30
3354,1,MI,Jackson,Parma,Detroit Salt,Detroit Salt,,2027,seasonal_fill,1000.0,67.83,67830.0,,34,deterministic_pdf,0.92,0.92,0.92,auto_accepted,,2026-08-27 20:03:49,https://www.michigan.gov/dtmb/-/media/Project/Websites/dtmb/Procurement/Contracts/MiDEAL/002/260000000712.pdf?rev=8d4ed14d634d466fa9207bb1d92c2458&hash=AAB40CFD3A7E1C61C7C17CA7044DBB4B,/Users/arshnoorkaur/Downloads/road_salt_tracker/data/raw/MI/doc_1.pdf,2026-08-27,MI,260000000712,2026-10-01,2027-09-30
3355,1,MI,Lenawee,Adrian,Detroit Salt,Detroit Salt,,2027,seasonal_fill,1500.0,65.3,97950.0,,34,deterministic_pdf,0.92,0.92,0.92,auto_accepted,,2026-08-27 20:03:49,https://www.michigan.gov/dtmb/-/media/Project/Websites/dtmb/Procurement/Contracts/MiDEAL/002/260000000712.pdf?rev=8d4ed14d634d466fa9207bb1d92c2458&hash=AAB40CFD3A7E1C61C7C17CA7044DBB4B,/Users/arshnoorkaur/Downloads/road_salt_tracker/data/raw/MI/doc_1.pdf,2026-08-27,MI,260000000712,2026-10-01,2027-09-30
3356,1,MI,Livingston,Brighton,Detroit Salt,Detroit Salt,,2027,seasonal_fill,5000.0,70.18,350900.0,,34,deterministic_pdf,0.92,0.92,0.92,auto_accepted,,2026-08-27 20:03:49,https://www.michigan.gov/dtmb/-/media/Project/Websites/dtmb/Procurement/Contracts/MiDEAL/002/260000000712.pdf?rev=8d4ed14d634d466fa9207bb1d92c2458&hash=AAB40CFD3A7E1C61C7C17CA7044DBB4B,/Users/arshnoorkaur/Downloads/road_salt_tracker/data/raw/MI/doc_1.pdf,2026-08-27,MI,260000000712,2026-10-01,2027-09-30
3357,1,MI,Monroe,Dundee,Detroit Salt,Detroit Salt,,2027,seasonal_fill,1100.0,62.63,68893.0,,34,deterministic_pdf,0.92,0.92,0.92,auto_accepted,,2026-08-27 20:03:49,https://www.michigan.gov/dtmb/-/media/Project/Websites/dtmb/Procurement/Contracts/MiDEAL/002/260000000712.pdf?rev=8d4ed14d634d466fa9207bb1d92c2458&hash=AAB40CFD3A7E1C61C7C17CA7044DBB4B,/Users/arshnoorkaur/Downloads/road_salt_tracker/data/raw/MI/doc_1.pdf,2026-08-27,MI,260000000712,2026-10-01,2027-09-30
3358,1,MI,Monroe,Carleton,Detroit Salt,Detroit Salt,,2027,seasonal_fill,1500.0,62.63,93945.0,,34,deterministic_pdf,0.92,0.92,0.92,auto_accepted,,2026-08-27 20:03:49,https://www.michigan.gov/dtmb/-/media/Project/Websites/dtmb/Procurement/Contracts/MiDEAL/002/260000000712.pdf?rev=8d4ed14d634d466fa9207bb1d92c2458&hash=AAB40CFD3A7E1C61C7C17CA7044DBB4B,/Users/arshnoorkaur/Downloads/road_salt_tracker/data/raw/MI/doc_1.pdf,2026-08-27,MI,260000000712,2026-10-01,2027-09-30
3359,1,MI,Monroe,Erie,Detroit Salt,Detroit Salt,,2027,seasonal_fill,1000.0,62.63,62630.0,,34,deterministic_pdf,0.92,0.92,0.92,auto_accepted,,2026-08-27 20:03:49,https://www.michigan.gov/dtmb/-/media/Project/Websites/dtmb/Procurement/Contracts/MiDEAL/002/260000000712.pdf?rev=8d4ed14d634d466fa9207bb1d92c2458&hash=AAB40CFD3A7E1C61C7C17CA7044DBB4B,/Users/arshnoorkaur/Downloads/road_salt_tracker/data/raw/MI/doc_1.pdf,2026-08-27,MI,260000000712,2026-10-01,2027-09-30
3360,1,MI,Wayne,Detroit,Detroit Salt,Detroit Salt,,2027,seasonal_fill,1400.0,66.94,93716.0,,34,deterministic_pdf,0.92,0.92,0.92,auto_accepted,,2026-08-27 20:03:49,https://www.michigan.gov/dtmb/-/media/Project/Websites/dtmb/Procurement/Contracts/MiDEAL/002/260000000712.pdf?rev=8d4ed14d634d466fa9207bb1d92c2458&hash=AAB40CFD3A7E1C61C7C17CA7044DBB4B,/Users/arshnoorkaur/Downloads/road_salt_tracker/data/raw/MI/doc_1.pdf,2026-08-27,MI,260000000712,2026-10-01,2027-09-30
3361,1,MI,Chippewa,"SAULT STE. MARIE, CITY OF",Detroit Salt,Detroit Salt,,2027,early_fill,2600.0,76.01,197626.0,,35,deterministic_pdf,0.92,0.92,0.92,auto_accepted,,2026-08-27 20:03:49,https://www.michigan.gov/dtmb/-/media/Project/Websites/dtmb/Procurement/Contracts/MiDEAL/002/260000000712.pdf?rev=8d4ed14d634d466fa9207bb1d92c2458&hash=AAB40CFD3A7E1C61C7C17CA7044DBB4B,/Users/arshnoorkaur/Downloads/road_salt_tracker/data/raw/MI/doc_1.pdf,2026-08-27,MI,260000000712,2026-10-01,2027-09-30
3362,1,MI,Chippewa,SAULT TRIBE CENTRAL PURCHASING,Detroit Salt,Detroit Salt,,2027,early_fill,400.0,76.01,30404.0,,35,deterministic_pdf,0.92,0.92,0.92,auto_accepted,,2026-08-27 20:03:49,https://www.michigan.gov/dtmb/-/media/Project/Websites/dtmb/Procurement/Contracts/MiDEAL/002/260000000712.pdf?rev=8d4ed14d634d466fa9207bb1d92c2458&hash=AAB40CFD3A7E1C61C7C17CA7044DBB4B,/Users/arshnoorkaur/Downloads/road_salt_tracker/data/raw/MI/doc_1.pdf,2026-08-27,MI,260000000712,2026-10-01,2027-09-30
3363,1,MI,Chippewa,Bay Mills Indian Community,Detroit Salt,Detroit Salt,,2027,early_fill,50.0,76.01,3800.5,,35,deterministic_pdf,0.92,0.92,0.92,auto_accepted,,2026-08-27 20:03:49,https://www.michigan.gov/dtmb/-/media/Project/Websites/dtmb/Procurement/Contracts/MiDEAL/002/260000000712.pdf?rev=8d4ed14d634d466fa9207bb1d92c2458&hash=AAB40CFD3A7E1C61C7C17CA7044DBB4B,/Users/arshnoorkaur/Downloads/road_salt_tracker/data/raw/MI/doc_1.pdf,2026-08-27,MI,260000000712,2026-10-01,2027-09-30
3364,1,MI,Chippewa,CHIPPEWA COUNTY ROAD COMMISSION,Detroit Salt,Detroit Salt,,2027,early_fill,750.0,76.01,57007.5,,35,deterministic_pdf,0.92,0.92,0.92,auto_accepted,,2026-08-27 20:03:49,https://www.michigan.gov/dtmb/-/media/Project/Websites/dtmb/Procurement/Contracts/MiDEAL/002/260000000712.pdf?rev=8d4ed14d634d466fa9207bb1d92c2458&hash=AAB40CFD3A7E1C61C7C17CA7044DBB4B,/Users/arshnoorkaur/Downloads/road_salt_tracker/data/raw/MI/doc_1.pdf,2026-08-27,MI,260000000712,2026-10-01,2027-09-30
3365,1,MI,Mackinac,"ST. IGNACE, CITY OF",Detroit Salt,Detroit Salt,,2027,early_fill,800.0,79.84,63872.0,,35,deterministic_pdf,0.92,0.92,0.92,auto_accepted,,2026-08-27 20:03:49,https://www.michigan.gov/dtmb/-/media/Project/Websites/dtmb/Procurement/Contracts/MiDEAL/002/260000000712.pdf?rev=8d4ed14d634d466fa9207bb1d92c2458&hash=AAB40CFD3A7E1C61C7C17CA7044DBB4B,/Users/arshnoorkaur/Downloads/road_salt_tracker/data/raw/MI/doc_1.pdf,2026-08-27,MI,260000000712,2026-10-01,2027-09-30
3366,1,MI,Mackinac,MACKINAC COUNTY ROAD COMMISSION,Detroit Salt,Detroit Salt,,2027,early_fill,900.0,79.84,71856.0,,35,deterministic_pdf,0.92,0.92,0.92,auto_accepted,,2026-08-27 20:03:49,https://www.michigan.gov/dtmb/-/media/Project/Websites/dtmb/Procurement/Contracts/MiDEAL/002/260000000712.pdf?rev=8d4ed14d634d466fa9207bb1d92c2458&hash=AAB40CFD3A7E1C61C7C17CA7044DBB4B,/Users/arshnoorkaur/Downloads/road_salt_tracker/data/raw/MI/doc_1.pdf,2026-08-27,MI,260000000712,2026-10-01,2027-09-30
3367,1,MI,Mackinac,MACKINAC COUNTY ROAD COMMISSION,Detroit Salt,Detroit Salt,,2027,early_fill,750.0,79.84,59880.0,,35,deterministic_pdf,0.92,0.92,0.92,auto_accepted,,2026-08-27 20:03:49,https://www.michigan.gov/dtmb/-/media/Project/Websites/dtmb/Procurement/Contracts/MiDEAL/002/260000000712.pdf?rev=8d4ed14d634d466fa9207bb1d92c2458&hash=AAB40CFD3A7E1C61C7C17CA7044DBB4B,/Users/arshnoorkaur/Downloads/road_salt_tracker/data/raw/MI/doc_1.pdf,2026-08-27,MI,260000000712,2026-10-01,2027-09-30
3368,1,MI,Mackinac,SAULT TRIBE CENTRAL PURCHASING,Detroit Salt,Detroit Salt,,2027,early_fill,200.0,79.84,15968.0,,35,deterministic_pdf,0.92,0.92,0.92,auto_accepted,,2026-08-27 20:03:49,https://www.michigan.gov/dtmb/-/media/Project/Websites/dtmb/Procurement/Contracts/MiDEAL/002/260000000712.pdf?rev=8d4ed14d634d466fa9207bb1d92c2458&hash=AAB40CFD3A7E1C61C7C17CA7044DBB4B,/Users/arshnoorkaur/Downloads/road_salt_tracker/data/raw/MI/doc_1.pdf,2026-08-27,MI,260000000712,2026-10-01,2027-09-30
3369,1,MI,Antrim,ANTRIM COUNTY ROAD COMMISSION,Detroit Salt,Detroit Salt,,2027,early_fill,2200.0,81.07,178354.0,,35,deterministic_pdf,0.92,0.92,0.92,auto_accepted,,2026-08-27 20:03:49,https://www.michigan.gov/dtmb/-/media/Project/Websites/dtmb/Procurement/Contracts/MiDEAL/002/260000000712.pdf?rev=8d4ed14d634d466fa9207bb1d92c2458&hash=AAB40CFD3A7E1C61C7C17CA7044DBB4B,/Users/arshnoorkaur/Downloads/road_salt_tracker/data/raw/MI/doc_1.pdf,2026-08-27,MI,260000000712,2026-10-01,2027-09-30
3370,1,MI,Antrim,ANTRIM COUNTY ROAD COMMISSION,Detroit Salt,Detroit Salt,,2027,early_fill,1450.0,81.07,117551.5,,35,deterministic_pdf,0.92,0.92,0.92,auto_accepted,,2026-08-27 20:03:49,https://www.michigan.gov/dtmb/-/media/Project/Websites/dtmb/Procurement/Contracts/MiDEAL/002/260000000712.pdf?rev=8d4ed14d634d466fa9207bb1d92c2458&hash=AAB40CFD3A7E1C61C7C17CA7044DBB4B,/Users/arshnoorkaur/Downloads/road_salt_tracker/data/raw/MI/doc_1.pdf,2026-08-27,MI,260000000712,2026-10-01,2027-09-30
3371,1,MI,Antrim,ANTRIM COUNTY ROAD COMMISSION,Detroit Salt,Detroit Salt,,2027,early_fill,750.0,81.07,60802.5,,35,deterministic_pdf,0.92,0.92,0.92,auto_accepted,,2026-08-27 20:03:49,https://www.michigan.gov/dtmb/-/media/Project/Websites/dtmb/Procurement/Contracts/MiDEAL/002/260000000712.pdf?rev=8d4ed14d634d466fa9207bb1d92c2458&hash=AAB40CFD3A7E1C61C7C17CA7044DBB4B,/Users/arshnoorkaur/Downloads/road_salt_tracker/data/raw/MI/doc_1.pdf,2026-08-27,MI,260000000712,2026-10-01,2027-09-30
3372,1,MI,Antrim,"BELLAIRE, VILLAGE OF",Detroit Salt,Detroit Salt,,2027,early_fill,150.0,81.07,12160.5,,35,deterministic_pdf,0.92,0.92,0.92,auto_accepted,,2026-08-27 20:03:49,https://www.michigan.gov/dtmb/-/media/Project/Websites/dtmb/Procurement/Contracts/MiDEAL/002/260000000712.pdf?rev=8d4ed14d634d466fa9207bb1d92c2458&hash=AAB40CFD3A7E1C61C7C17CA7044DBB4B,/Users/arshnoorkaur/Downloads/road_salt_tracker/data/raw/MI/doc_1.pdf,2026-08-27,MI,260000000712,2026-10-01,2027-09-30
3373,1,MI,Charlevoix,CHARLEVOIX COUNTY ROAD COMMISSION,Detroit Salt,Detroit Salt,,2027,early_fill,1500.0,83.19,124785.0,,35,deterministic_pdf,0.92,0.92,0.92,auto_accepted,,2026-08-27 20:03:49,https://www.michigan.gov/dtmb/-/media/Project/Websites/dtmb/Procurement/Contracts/MiDEAL/002/260000000712.pdf?rev=8d4ed14d634d466fa9207bb1d92c2458&hash=AAB40CFD3A7E1C61C7C17CA7044DBB4B,/Users/arshnoorkaur/Downloads/road_salt_tracker/data/raw/MI/doc_1.pdf,2026-08-27,MI,260000000712,2026-10-01,2027-09-30
3374,1,MI,Charlevoix,"EAST JORDAN, CITY OF",Detroit Salt,Detroit Salt,,2027,early_fill,250.0,83.19,20797.5,,35,deterministic_pdf,0.92,0.92,0.92,auto_accepted,,2026-08-27 20:03:49,https://www.michigan.gov/dtmb/-/media/Project/Websites/dtmb/Procurement/Contracts/MiDEAL/002/260000000712.pdf?rev=8d4ed14d634d466fa9207bb1d92c2458&hash=AAB40CFD3A7E1C61C7C17CA7044DBB4B,/Users/arshnoorkaur/Downloads/road_salt_tracker/data/raw/MI/doc_1.pdf,2026-08-27,MI,260000000712,2026-10-01,2027-09-30
3375,1,MI,Charlevoix,"CHARLEVOIX, CITY OF",Detroit Salt,Detroit Salt,,2027,early_fill,250.0,83.19,20797.5,,35,deterministic_pdf,0.92,0.92,0.92,auto_accepted,,2026-08-27 20:03:49,https://www.michigan.gov/dtmb/-/media/Project/Websites/dtmb/Procurement/Contracts/MiDEAL/002/260000000712.pdf?rev=8d4ed14d634d466fa9207bb1d92c2458&hash=AAB40CFD3A7E1C61C7C17CA7044DBB4B,/Users/arshnoorkaur/Downloads/road_salt_tracker/data/raw/MI/doc_1.pdf,2026-08-27,MI,260000000712,2026-10-01,2027-09-30
3376,1,MI,Charlevoix,BOYNE CITY,Detroit Salt,Detroit Salt,,2027,early_fill,400.0,83.19,33276.0,,35,deterministic_pdf,0.92,0.92,0.92,auto_accepted,,2026-08-27 20:03:49,https://www.michigan.gov/dtmb/-/media/Project/Websites/dtmb/Procurement/Contracts/MiDEAL/002/260000000712.pdf?rev=8d4ed14d634d466fa9207bb1d92c2458&hash=AAB40CFD3A7E1C61C7C17CA7044DBB4B,/Users/arshnoorkaur/Downloads/road_salt_tracker/data/raw/MI/doc_1.pdf,2026-08-27,MI,260000000712,2026-10-01,2027-09-30
3377,1,MI,Crawford,CRAWFORD COUNTY ROAD COMMISSION,Detroit Salt,Detroit Salt,,2027,early_fill,3150.0,75.47,237730.5,,35,deterministic_pdf,0.92,0.92,0.92,auto_accepted,,2026-08-27 20:03:49,https://www.michigan.gov/dtmb/-/media/Project/Websites/dtmb/Procurement/Contracts/MiDEAL/002/260000000712.pdf?rev=8d4ed14d634d466fa9207bb1d92c2458&hash=AAB40CFD3A7E1C61C7C17CA7044DBB4B,/Users/arshnoorkaur/Downloads/road_salt_tracker/data/raw/MI/doc_1.pdf,2026-08-27,MI,260000000712,2026-10-01,2027-09-30
3378,1,MI,Grand Traverse,NORTHWESTERN MICHIGAN COLLEGE,Detroit Salt,Detroit Salt,,2027,early_fill,200.0,80.03,16006.0,,35,deterministic_pdf,0.92,0.92,0.92,auto_accepted,,2026-08-27 20:03:49,https://www.michigan.gov/dtmb/-/media/Project/Websites/dtmb/Procurement/Contracts/MiDEAL/002/260000000712.pdf?rev=8d4ed14d634d466fa9207bb1d92c2458&hash=AAB40CFD3A7E1C61C7C17CA7044DBB4B,/Users/arshnoorkaur/Downloads/road_salt_tracker/data/raw/MI/doc_1.pdf,2026-08-27,MI,260000000712,2026-10-01,2027-09-30
3379,1,MI,Grand Traverse,"TRAVERSE CITY, CITY OF",Detroit Salt,Detroit Salt,,2027,early_fill,600.0,80.03,48018.0,,35,deterministic_pdf,0.92,0.92,0.92,auto_accepted,,2026-08-27 20:03:49,https://www.michigan.gov/dtmb/-/media/Project/Websites/dtmb/Procurement/Contracts/MiDEAL/002/260000000712.pdf?rev=8d4ed14d634d466fa9207bb1d92c2458&hash=AAB40CFD3A7E1C61C7C17CA7044DBB4B,/Users/arshnoorkaur/Downloads/road_salt_tracker/data/raw/MI/doc_1.pdf,2026-08-27,MI,260000000712,2026-10-01,2027-09-30
3380,1,MI,Grand Traverse,"GRAND TRAVERSE COUNTY ROAD
COMMISSION",Detroit Salt,Detroit Salt,,2027,early_fill,4600.0,80.03,368138.0,,35,deterministic_pdf,0.92,0.92,0.92,auto_accepted,,2026-08-27 20:03:49,https://www.michigan.gov/dtmb/-/media/Project/Websites/dtmb/Procurement/Contracts/MiDEAL/002/260000000712.pdf?rev=8d4ed14d634d466fa9207bb1d92c2458&hash=AAB40CFD3A7E1C61C7C17CA7044DBB4B,/Users/arshnoorkaur/Downloads/road_salt_tracker/data/raw/MI/doc_1.pdf,2026-08-27,MI,260000000712,2026-10-01,2027-09-30
3381,1,MI,Grand Traverse,"GRAND TRAVERSE COUNTY ROAD
COMMISSION",Detroit Salt,Detroit Salt,,2027,early_fill,2800.0,80.03,224084.0,,35,deterministic_pdf,0.92,0.92,0.92,auto_accepted,,2026-08-27 20:03:49,https://www.michigan.gov/dtmb/-/media/Project/Websites/dtmb/Procurement/Contracts/MiDEAL/002/260000000712.pdf?rev=8d4ed14d634d466fa9207bb1d92c2458&hash=AAB40CFD3A7E1C61C7C17CA7044DBB4B,/Users/arshnoorkaur/Downloads/road_salt_tracker/data/raw/MI/doc_1.pdf,2026-08-27,MI,260000000712,2026-10-01,2027-09-30
3382,1,MI,Iosco,IOSCO COUNTY ROAD COMMISSION,Detroit Salt,Detroit Salt,,2027,early_fill,1200.0,74.01,88812.0,,35,deterministic_pdf,0.92,0.92,0.92,auto_accepted,,2026-08-27 20:03:49,https://www.michigan.gov/dtmb/-/media/Project/Websites/dtmb/Procurement/Contracts/MiDEAL/002/260000000712.pdf?rev=8d4ed14d634d466fa9207bb1d92c2458&hash=AAB40CFD3A7E1C61C7C17CA7044DBB4B,/Users/arshnoorkaur/Downloads/road_salt_tracker/data/raw/MI/doc_1.pdf,2026-08-27,MI,260000000712,2026-10-01,2027-09-30
3383,1,MI,Iosco,"TAWAS CITY, CITY OF",Detroit Salt,Detroit Salt,,2027,early_fill,250.0,74.01,18502.5,,35,deterministic_pdf,0.92,0.92,0.92,auto_accepted,,2026-08-27 20:03:49,https://www.michigan.gov/dtmb/-/media/Project/Websites/dtmb/Procurement/Contracts/MiDEAL/002/260000000712.pdf?rev=8d4ed14d634d466fa9207bb1d92c2458&hash=AAB40CFD3A7E1C61C7C17CA7044DBB4B,/Users/arshnoorkaur/Downloads/road_salt_tracker/data/raw/MI/doc_1.pdf,2026-08-27,MI,260000000712,2026-10-01,2027-09-30
3384,1,MI,Iosco,IOSCO COUNTY ROAD COMMISSION,Detroit Salt,Detroit Salt,,2027,early_fill,1550.0,74.01,114715.5,,35,deterministic_pdf,0.92,0.92,0.92,auto_accepted,,2026-08-27 20:03:49,https://www.michigan.gov/dtmb/-/media/Project/Websites/dtmb/Procurement/Contracts/MiDEAL/002/260000000712.pdf?rev=8d4ed14d634d466fa9207bb1d92c2458&hash=AAB40CFD3A7E1C61C7C17CA7044DBB4B,/Users/arshnoorkaur/Downloads/road_salt_tracker/data/raw/MI/doc_1.pdf,2026-08-27,MI,260000000712,2026-10-01,2027-09-30
3385,1,MI,Iosco,"EAST TAWAS, CITY OF",Detroit Salt,Detroit Salt,,2027,early_fill,200.0,74.01,14802.0,,35,deterministic_pdf,0.92,0.92,0.92,auto_accepted,,2026-08-27 20:03:49,https://www.michigan.gov/dtmb/-/media/Project/Websites/dtmb/Procurement/Contracts/MiDEAL/002/260000000712.pdf?rev=8d4ed14d634d466fa9207bb1d92c2458&hash=AAB40CFD3A7E1C61C7C17CA7044DBB4B,/Users/arshnoorkaur/Downloads/road_salt_tracker/data/raw/MI/doc_1.pdf,2026-08-27,MI,260000000712,2026-10-01,2027-09-30
3386,1,MI,Kalkaska,KALKASKA COUNTY ROAD COMMISSION,Detroit Salt,Detroit Salt,,2027,early_fill,2500.0,79.01,197525.0,,35,deterministic_pdf,0.92,0.92,0.92,auto_accepted,,2026-08-27 20:03:49,https://www.michigan.gov/dtmb/-/media/Project/Websites/dtmb/Procurement/Contracts/MiDEAL/002/260000000712.pdf?rev=8d4ed14d634d466fa9207bb1d92c2458&hash=AAB40CFD3A7E1C61C7C17CA7044DBB4B,/Users/arshnoorkaur/Downloads/road_salt_tracker/data/raw/MI/doc_1.pdf,2026-08-27,MI,260000000712,2026-10-01,2027-09-30
3387,1,MI,Leelanau,LEELANAU COUNTY ROAD COMMISSION,Detroit Salt,Detroit Salt,,2027,early_fill,800.0,84.49,67592.0,,35,deterministic_pdf,0.92,0.92,0.92,auto_accepted,,2026-08-27 20:03:49,https://www.michigan.gov/dtmb/-/media/Project/Websites/dtmb/Procurement/Contracts/MiDEAL/002/260000000712.pdf?rev=8d4ed14d634d466fa9207bb1d92c2458&hash=AAB40CFD3A7E1C61C7C17CA7044DBB4B,/Users/arshnoorkaur/Downloads/road_salt_tracker/data/raw/MI/doc_1.pdf,2026-08-27,MI,260000000712,2026-10-01,2027-09-30
3388,1,MI,Missaukee,MISSAUKEE COUNTY ROAD COMMISSION,Detroit Salt,Detroit Salt,,2027,early_fill,1100.0,78.46,86306.0,,35,deterministic_pdf,0.92,0.92,0.92,auto_accepted,,2026-08-27 20:03:49,https://www.michigan.gov/dtmb/-/media/Project/Websites/dtmb/Procurement/Contracts/MiDEAL/002/260000000712.pdf?rev=8d4ed14d634d466fa9207bb1d92c2458&hash=AAB40CFD3A7E1C61C7C17CA7044DBB4B,/Users/arshnoorkaur/Downloads/road_salt_tracker/data/raw/MI/doc_1.pdf,2026-08-27,MI,260000000712,2026-10-01,2027-09-30
3389,1,MI,Ogemaw,ROSE CITY POLICE DEPARTMENT,Detroit Salt,Detroit Salt,,2027,early_fill,100.0,71.58,7158.0,,35,deterministic_pdf,0.92,0.92,0.92,auto_accepted,,2026-08-27 20:03:49,https://www.michigan.gov/dtmb/-/media/Project/Websites/dtmb/Procurement/Contracts/MiDEAL/002/260000000712.pdf?rev=8d4ed14d634d466fa9207bb1d92c2458&hash=AAB40CFD3A7E1C61C7C17CA7044DBB4B,/Users/arshnoorkaur/Downloads/road_salt_tracker/data/raw/MI/doc_1.pdf,2026-08-27,MI,260000000712,2026-10-01,2027-09-30
3390,1,MI,Ogemaw,OGEMAW COUNTY ROAD COMMISSION,Detroit Salt,Detroit Salt,,2027,early_fill,750.0,71.58,53685.0,,35,deterministic_pdf,0.92,0.92,0.92,auto_accepted,,2026-08-27 20:03:49,https://www.michigan.gov/dtmb/-/media/Project/Websites/dtmb/Procurement/Contracts/MiDEAL/002/260000000712.pdf?rev=8d4ed14d634d466fa9207bb1d92c2458&hash=AAB40CFD3A7E1C61C7C17CA7044DBB4B,/Users/arshnoorkaur/Downloads/road_salt_tracker/data/raw/MI/doc_1.pdf,2026-08-27,MI,260000000712,2026-10-01,2027-09-30
3391,1,MI,Ogemaw,"WEST BRANCH, CITY OF",Detroit Salt,Detroit Salt,,2027,early_fill,300.0,71.58,21474.0,,35,deterministic_pdf,0.92,0.92,0.92,auto_accepted,,2026-08-27 20:03:49,https://www.michigan.gov/dtmb/-/media/Project/Websites/dtmb/Procurement/Contracts/MiDEAL/002/260000000712.pdf?rev=8d4ed14d634d466fa9207bb1d92c2458&hash=AAB40CFD3A7E1C61C7C17CA7044DBB4B,/Users/arshnoorkaur/Downloads/road_salt_tracker/data/raw/MI/doc_1.pdf,2026-08-27,MI,260000000712,2026-10-01,2027-09-30
3392,1,MI,Oscoda,OSCODA COUNTY ROAD COMMISSION,Detroit Salt,Detroit Salt,,2027,early_fill,200.0,74.35,14870.0,,35,deterministic_pdf,0.92,0.92,0.92,auto_accepted,,2026-08-27 20:03:49,https://www.michigan.gov/dtmb/-/media/Project/Websites/dtmb/Procurement/Contracts/MiDEAL/002/260000000712.pdf?rev=8d4ed14d634d466fa9207bb1d92c2458&hash=AAB40CFD3A7E1C61C7C17CA7044DBB4B,/Users/arshnoorkaur/Downloads/road_salt_tracker/data/raw/MI/doc_1.pdf,2026-08-27,MI,260000000712,2026-10-01,2027-09-30
3393,1,MI,Roscommon,ROSCOMMON COUNTY ROAD COMMISSION,Detroit Salt,Detroit Salt,,2027,early_fill,1300.0,73.35,95355.0,,35,deterministic_pdf,0.92,0.92,0.92,auto_accepted,,2026-08-27 20:03:49,https://www.michigan.gov/dtmb/-/media/Project/Websites/dtmb/Procurement/Contracts/MiDEAL/002/260000000712.pdf?rev=8d4ed14d634d466fa9207bb1d92c2458&hash=AAB40CFD3A7E1C61C7C17CA7044DBB4B,/Users/arshnoorkaur/Downloads/road_salt_tracker/data/raw/MI/doc_1.pdf,2026-08-27,MI,260000000712,2026-10-01,2027-09-30
3394,1,MI,Roscommon,ROSCOMMON COUNTY ROAD COMMISSION,Detroit Salt,Detroit Salt,,2027,early_fill,200.0,73.35,14670.0,,35,deterministic_pdf,0.92,0.92,0.92,auto_accepted,,2026-08-27 20:03:49,https://www.michigan.gov/dtmb/-/media/Project/Websites/dtmb/Procurement/Contracts/MiDEAL/002/260000000712.pdf?rev=8d4ed14d634d466fa9207bb1d92c2458&hash=AAB40CFD3A7E1C61C7C17CA7044DBB4B,/Users/arshnoorkaur/Downloads/road_salt_tracker/data/raw/MI/doc_1.pdf,2026-08-27,MI,260000000712,2026-10-01,2027-09-30
3395,1,MI,Wexford,WEXFORD COUNTY ROAD COMMISSION,Detroit Salt,Detroit Salt,,2027,early_fill,2750.0,79.28,218020.0,,35,deterministic_pdf,0.92,0.92,0.92,auto_accepted,,2026-08-27 20:03:49,https://www.michigan.gov/dtmb/-/media/Project/Websites/dtmb/Procurement/Contracts/MiDEAL/002/260000000712.pdf?rev=8d4ed14d634d466fa9207bb1d92c2458&hash=AAB40CFD3A7E1C61C7C17CA7044DBB4B,/Users/arshnoorkaur/Downloads/road_salt_tracker/data/raw/MI/doc_1.pdf,2026-08-27,MI,260000000712,2026-10-01,2027-09-30
3396,1,MI,Wexford,WEXFORD COUNTY ROAD COMMISSION,Detroit Salt,Detroit Salt,,2027,early_fill,350.0,79.28,27748.0,,35,deterministic_pdf,0.92,0.92,0.92,auto_accepted,,2026-08-27 20:03:49,https://www.michigan.gov/dtmb/-/media/Project/Websites/dtmb/Procurement/Contracts/MiDEAL/002/260000000712.pdf?rev=8d4ed14d634d466fa9207bb1d92c2458&hash=AAB40CFD3A7E1C61C7C17CA7044DBB4B,/Users/arshnoorkaur/Downloads/road_salt_tracker/data/raw/MI/doc_1.pdf,2026-08-27,MI,260000000712,2026-10-01,2027-09-30
3397,1,MI,Wexford,"CADILLAC, CITY OF",Detroit Salt,Detroit Salt,,2027,early_fill,2300.0,79.28,182344.0,,35,deterministic_pdf,0.92,0.92,0.92,auto_accepted,,2026-08-27 20:03:49,https://www.michigan.gov/dtmb/-/media/Project/Websites/dtmb/Procurement/Contracts/MiDEAL/002/260000000712.pdf?rev=8d4ed14d634d466fa9207bb1d92c2458&hash=AAB40CFD3A7E1C61C7C17CA7044DBB4B,/Users/arshnoorkaur/Downloads/road_salt_tracker/data/raw/MI/doc_1.pdf,2026-08-27,MI,260000000712,2026-10-01,2027-09-30
3398,1,MI,Allegan,"SAUGATUCK, CITY OF",Detroit Salt,Detroit Salt,,2027,early_fill,100.0,69.78,6978.0,,35,deterministic_pdf,0.92,0.92,0.92,auto_accepted,,2026-08-27 20:03:49,https://www.michigan.gov/dtmb/-/media/Project/Websites/dtmb/Procurement/Contracts/MiDEAL/002/260000000712.pdf?rev=8d4ed14d634d466fa9207bb1d92c2458&hash=AAB40CFD3A7E1C61C7C17CA7044DBB4B,/Users/arshnoorkaur/Downloads/road_salt_tracker/data/raw/MI/doc_1.pdf,2026-08-27,MI,260000000712,2026-10-01,2027-09-30
3399,1,MI,Allegan,WAYLAND UNION SCHOOLS,Detroit Salt,Detroit Salt,,2027,early_fill,50.0,69.78,3489.0,,35,deterministic_pdf,0.92,0.92,0.92,auto_accepted,,2026-08-27 20:03:49,https://www.michigan.gov/dtmb/-/media/Project/Websites/dtmb/Procurement/Contracts/MiDEAL/002/260000000712.pdf?rev=8d4ed14d634d466fa9207bb1d92c2458&hash=AAB40CFD3A7E1C61C7C17CA7044DBB4B,/Users/arshnoorkaur/Downloads/road_salt_tracker/data/raw/MI/doc_1.pdf,2026-08-27,MI,260000000712,2026-10-01,2027-09-30
3400,1,MI,Allegan,"PLAINWELL, CITY OF",Detroit Salt,Detroit Salt,,2027,early_fill,100.0,69.78,6978.0,,35,deterministic_pdf,0.92,0.92,0.92,auto_accepted,,2026-08-27 20:03:49,https://www.michigan.gov/dtmb/-/media/Project/Websites/dtmb/Procurement/Contracts/MiDEAL/002/260000000712.pdf?rev=8d4ed14d634d466fa9207bb1d92c2458&hash=AAB40CFD3A7E1C61C7C17CA7044DBB4B,/Users/arshnoorkaur/Downloads/road_salt_tracker/data/raw/MI/doc_1.pdf,2026-08-27,MI,260000000712,2026-10-01,2027-09-30
3401,1,MI,Allegan,"OTSEGO, CITY OF",Detroit Salt,Detroit Salt,,2027,early_fill,200.0,69.78,13956.0,,35,deterministic_pdf,0.92,0.92,0.92,auto_accepted,,2026-08-27 20:03:49,https://www.michigan.gov/dtmb/-/media/Project/Websites/dtmb/Procurement/Contracts/MiDEAL/002/260000000712.pdf?rev=8d4ed14d634d466fa9207bb1d92c2458&hash=AAB40CFD3A7E1C61C7C17CA7044DBB4B,/Users/arshnoorkaur/Downloads/road_salt_tracker/data/raw/MI/doc_1.pdf,2026-08-27,MI,260000000712,2026-10-01,2027-09-30
3402,1,MI,Allegan,ALLEGAN COUNTY ROAD COMMISSION,Detroit Salt,Detroit Salt,,2027,early_fill,750.0,69.78,52335.0,,35,deterministic_pdf,0.92,0.92,0.92,auto_accepted,,2026-08-27 20:03:49,https://www.michigan.gov/dtmb/-/media/Project/Websites/dtmb/Procurement/Contracts/MiDEAL/002/260000000712.pdf?rev=8d4ed14d634d466fa9207bb1d92c2458&hash=AAB40CFD3A7E1C61C7C17CA7044DBB4B,/Users/arshnoorkaur/Downloads/road_salt_tracker/data/raw/MI/doc_1.pdf,2026-08-27,MI,260000000712,2026-10-01,2027-09-30
3403,1,MI,Allegan,ALLEGAN COUNTY ROAD COMMISSION,Detroit Salt,Detroit Salt,,2027,early_fill,1500.0,69.78,104670.0,,35,deterministic_pdf,0.92,0.92,0.92,auto_accepted,,2026-08-27 20:03:49,https://www.michigan.gov/dtmb/-/media/Project/Websites/dtmb/Procurement/Contracts/MiDEAL/002/260000000712.pdf?rev=8d4ed14d634d466fa9207bb1d92c2458&hash=AAB40CFD3A7E1C61C7C17CA7044DBB4B,/Users/arshnoorkaur/Downloads/road_salt_tracker/data/raw/MI/doc_1.pdf,2026-08-27,MI,260000000712,2026-10-01,2027-09-30
3404,1,MI,Allegan,"FENNVILLE, CITY OF",Detroit Salt,Detroit Salt,,2027,early_fill,50.0,69.78,3489.0,,35,deterministic_pdf,0.92,0.92,0.92,auto_accepted,,2026-08-27 20:03:49,https://www.michigan.gov/dtmb/-/media/Project/Websites/dtmb/Procurement/Contracts/MiDEAL/002/260000000712.pdf?rev=8d4ed14d634d466fa9207bb1d92c2458&hash=AAB40CFD3A7E1C61C7C17CA7044DBB4B,/Users/arshnoorkaur/Downloads/road_salt_tracker/data/raw/MI/doc_1.pdf,2026-08-27,MI,260000000712,2026-10-01,2027-09-30
3405,1,MI,Allegan,"ALLEGAN, CITY OF",Detroit Salt,Detroit Salt,,2027,early_fill,250.0,69.78,17445.0,,35,deterministic_pdf,0.92,0.92,0.92,auto_accepted,,2026-08-27 20:03:49,https://www.michigan.gov/dtmb/-/media/Project/Websites/dtmb/Procurement/Contracts/MiDEAL/002/260000000712.pdf?rev=8d4ed14d634d466fa9207bb1d92c2458&hash=AAB40CFD3A7E1C61C7C17CA7044DBB4B,/Users/arshnoorkaur/Downloads/road_salt_tracker/data/raw/MI/doc_1.pdf,2026-08-27,MI,260000000712,2026-10-01,2027-09-30
3406,1,MI,Barry,THORNAPPLE KELLOGG SCHOOLS,Detroit Salt,Detroit Salt,,2027,early_fill,50.0,73.84,3692.0,,35,deterministic_pdf,0.92,0.92,0.92,auto_accepted,,2026-08-27 20:03:49,https://www.michigan.gov/dtmb/-/media/Project/Websites/dtmb/Procurement/Contracts/MiDEAL/002/260000000712.pdf?rev=8d4ed14d634d466fa9207bb1d92c2458&hash=AAB40CFD3A7E1C61C7C17CA7044DBB4B,/Users/arshnoorkaur/Downloads/road_salt_tracker/data/raw/MI/doc_1.pdf,2026-08-27,MI,260000000712,2026-10-01,2027-09-30
3407,1,MI,Barry,"NASHVILLE, VILLAGE OF",Detroit Salt,Detroit Salt,,2027,early_fill,150.0,73.84,11076.0,,35,deterministic_pdf,0.92,0.92,0.92,auto_accepted,,2026-08-27 20:03:49,https://www.michigan.gov/dtmb/-/media/Project/Websites/dtmb/Procurement/Contracts/MiDEAL/002/260000000712.pdf?rev=8d4ed14d634d466fa9207bb1d92c2458&hash=AAB40CFD3A7E1C61C7C17CA7044DBB4B,/Users/arshnoorkaur/Downloads/road_salt_tracker/data/raw/MI/doc_1.pdf,2026-08-27,MI,260000000712,2026-10-01,2027-09-30
3408,1,MI,Barry,"MIDDLEVILLE, VILLAGE OF",Detroit Salt,Detroit Salt,,2027,early_fill,100.0,73.84,7384.0,,35,deterministic_pdf,0.92,0.92,0.92,auto_accepted,,2026-08-27 20:03:49,https://www.michigan.gov/dtmb/-/media/Project/Websites/dtmb/Procurement/Contracts/MiDEAL/002/260000000712.pdf?rev=8d4ed14d634d466fa9207bb1d92c2458&hash=AAB40CFD3A7E1C61C7C17CA7044DBB4B,/Users/arshnoorkaur/Downloads/road_salt_tracker/data/raw/MI/doc_1.pdf,2026-08-27,MI,260000000712,2026-10-01,2027-09-30
3409,1,MI,Ionia,"PORTLAND, CITY OF",Detroit Salt,Detroit Salt,,2027,early_fill,200.0,84.29,16858.0,,35,deterministic_pdf,0.92,0.92,0.92,auto_accepted,,2026-08-27 20:03:49,https://www.michigan.gov/dtmb/-/media/Project/Websites/dtmb/Procurement/Contracts/MiDEAL/002/260000000712.pdf?rev=8d4ed14d634d466fa9207bb1d92c2458&hash=AAB40CFD3A7E1C61C7C17CA7044DBB4B,/Users/arshnoorkaur/Downloads/road_salt_tracker/data/raw/MI/doc_1.pdf,2026-08-27,MI,260000000712,2026-10-01,2027-09-30
3410,1,MI,Ionia,"BELDING, CITY OF",Detroit Salt,Detroit Salt,,2027,early_fill,50.0,84.29,4214.5,,35,deterministic_pdf,0.92,0.92,0.92,auto_accepted,,2026-08-27 20:03:49,https://www.michigan.gov/dtmb/-/media/Project/Websites/dtmb/Procurement/Contracts/MiDEAL/002/260000000712.pdf?rev=8d4ed14d634d466fa9207bb1d92c2458&hash=AAB40CFD3A7E1C61C7C17CA7044DBB4B,/Users/arshnoorkaur/Downloads/road_salt_tracker/data/raw/MI/doc_1.pdf,2026-08-27,MI,260000000712,2026-10-01,2027-09-30
3411,1,MI,Ionia,"SARANAC, VILLAGE OF",Detroit Salt,Detroit Salt,,2027,early_fill,100.0,84.29,8429.0,,35,deterministic_pdf,0.92,0.92,0.92,auto_accepted,,2026-08-27 20:03:49,https://www.michigan.gov/dtmb/-/media/Project/Websites/dtmb/Procurement/Contracts/MiDEAL/002/260000000712.pdf?rev=8d4ed14d634d466fa9207bb1d92c2458&hash=AAB40CFD3A7E1C61C7C17CA7044DBB4B,/Users/arshnoorkaur/Downloads/road_salt_tracker/data/raw/MI/doc_1.pdf,2026-08-27,MI,260000000712,2026-10-01,2027-09-30
3412,1,MI,Ionia,"MUIR, VILLAGE OF",Detroit Salt,Detroit Salt,,2027,early_fill,50.0,84.29,4214.5,,35,deterministic_pdf,0.92,0.92,0.92,auto_accepted,,2026-08-27 20:03:49,https://www.michigan.gov/dtmb/-/media/Project/Websites/dtmb/Procurement/Contracts/MiDEAL/002/260000000712.pdf?rev=8d4ed14d634d466fa9207bb1d92c2458&hash=AAB40CFD3A7E1C61C7C17CA7044DBB4B,/Users/arshnoorkaur/Downloads/road_salt_tracker/data/raw/MI/doc_1.pdf,2026-08-27,MI,260000000712,2026-10-01,2027-09-30
3413,1,MI,Ionia,"PEWAMO, VILLAGE OF",Detroit Salt,Detroit Salt,,2027,early_fill,50.0,84.29,4214.5,,35,deterministic_pdf,0.92,0.92,0.92,auto_accepted,,2026-08-27 20:03:49,https://www.michigan.gov/dtmb/-/media/Project/Websites/dtmb/Procurement/Contracts/MiDEAL/002/260000000712.pdf?rev=8d4ed14d634d466fa9207bb1d92c2458&hash=AAB40CFD3A7E1C61C7C17CA7044DBB4B,/Users/arshnoorkaur/Downloads/road_salt_tracker/data/raw/MI/doc_1.pdf,2026-08-27,MI,260000000712,2026-10-01,2027-09-30
3414,1,MI,Ionia,"LYONS, VILLAGE OF",Detroit Salt,Detroit Salt,,2027,early_fill,50.0,84.29,4214.5,,35,deterministic_pdf,0.92,0.92,0.92,auto_accepted,,2026-08-27 20:03:49,https://www.michigan.gov/dtmb/-/media/Project/Websites/dtmb/Procurement/Contracts/MiDEAL/002/260000000712.pdf?rev=8d4ed14d634d466fa9207bb1d92c2458&hash=AAB40CFD3A7E1C61C7C17CA7044DBB4B,/Users/arshnoorkaur/Downloads/road_salt_tracker/data/raw/MI/doc_1.pdf,2026-08-27,MI,260000000712,2026-10-01,2027-09-30
3415,1,MI,Kent,NORTHVIEW PUBLIC SCHOOLS,Detroit Salt,Detroit Salt,,2027,early_fill,50.0,85.54,4277.0,,35,deterministic_pdf,0.92,0.92,0.92,auto_accepted,,2026-08-27 20:03:49,https://www.michigan.gov/dtmb/-/media/Project/Websites/dtmb/Procurement/Contracts/MiDEAL/002/260000000712.pdf?rev=8d4ed14d634d466fa9207bb1d92c2458&hash=AAB40CFD3A7E1C61C7C17CA7044DBB4B,/Users/arshnoorkaur/Downloads/road_salt_tracker/data/raw/MI/doc_1.pdf,2026-08-27,MI,260000000712,2026-10-01,2027-09-30
3416,1,MI,Kent,Lowell Area Schools,Detroit Salt,Detroit Salt,,2027,early_fill,50.0,85.54,4277.0,,35,deterministic_pdf,0.92,0.92,0.92,auto_accepted,,2026-08-27 20:03:49,https://www.michigan.gov/dtmb/-/media/Project/Websites/dtmb/Procurement/Contracts/MiDEAL/002/260000000712.pdf?rev=8d4ed14d634d466fa9207bb1d92c2458&hash=AAB40CFD3A7E1C61C7C17CA7044DBB4B,/Users/arshnoorkaur/Downloads/road_salt_tracker/data/raw/MI/doc_1.pdf,2026-08-27,MI,260000000712,2026-10-01,2027-09-30
3417,1,MI,Kent,"INTERURBAN TRANSIT PARTNERSHIP-THE
RAPID",Detroit Salt,Detroit Salt,,2027,early_fill,100.0,85.54,8554.0,,35,deterministic_pdf,0.92,0.92,0.92,auto_accepted,,2026-08-27 20:03:49,https://www.michigan.gov/dtmb/-/media/Project/Websites/dtmb/Procurement/Contracts/MiDEAL/002/260000000712.pdf?rev=8d4ed14d634d466fa9207bb1d92c2458&hash=AAB40CFD3A7E1C61C7C17CA7044DBB4B,/Users/arshnoorkaur/Downloads/road_salt_tracker/data/raw/MI/doc_1.pdf,2026-08-27,MI,260000000712,2026-10-01,2027-09-30
3418,1,MI,Kent,"KENT CITY, VILLAGE OF",Detroit Salt,Detroit Salt,,2027,early_fill,50.0,85.54,4277.0,,36,deterministic_pdf,0.92,0.92,0.92,auto_accepted,,2026-08-27 20:03:49,https://www.michigan.gov/dtmb/-/media/Project/Websites/dtmb/Procurement/Contracts/MiDEAL/002/260000000712.pdf?rev=8d4ed14d634d466fa9207bb1d92c2458&hash=AAB40CFD3A7E1C61C7C17CA7044DBB4B,/Users/arshnoorkaur/Downloads/road_salt_tracker/data/raw/MI/doc_1.pdf,2026-08-27,MI,260000000712,2026-10-01,2027-09-30
3419,1,MI,Mecosta,MECOSTA COUNTY ROAD COMMISSION,Detroit Salt,Detroit Salt,,2027,early_fill,500.0,74.66,37330.0,,36,deterministic_pdf,0.92,0.92,0.92,auto_accepted,,2026-08-27 20:03:49,https://www.michigan.gov/dtmb/-/media/Project/Websites/dtmb/Procurement/Contracts/MiDEAL/002/260000000712.pdf?rev=8d4ed14d634d466fa9207bb1d92c2458&hash=AAB40CFD3A7E1C61C7C17CA7044DBB4B,/Users/arshnoorkaur/Downloads/road_salt_tracker/data/raw/MI/doc_1.pdf,2026-08-27,MI,260000000712,2026-10-01,2027-09-30
3420,1,MI,Mecosta,MECOSTA COUNTY ROAD COMMISSION,Detroit Salt,Detroit Salt,,2027,early_fill,350.0,74.66,26131.0,,36,deterministic_pdf,0.92,0.92,0.92,auto_accepted,,2026-08-27 20:03:49,https://www.michigan.gov/dtmb/-/media/Project/Websites/dtmb/Procurement/Contracts/MiDEAL/002/260000000712.pdf?rev=8d4ed14d634d466fa9207bb1d92c2458&hash=AAB40CFD3A7E1C61C7C17CA7044DBB4B,/Users/arshnoorkaur/Downloads/road_salt_tracker/data/raw/MI/doc_1.pdf,2026-08-27,MI,260000000712,2026-10-01,2027-09-30
3421,1,MI,Mecosta,"BIG RAPIDS, CITY OF",Detroit Salt,Detroit Salt,,2027,early_fill,500.0,74.66,37330.0,,36,deterministic_pdf,0.92,0.92,0.92,auto_accepted,,2026-08-27 20:03:49,https://www.michigan.gov/dtmb/-/media/Project/Websites/dtmb/Procurement/Contracts/MiDEAL/002/260000000712.pdf?rev=8d4ed14d634d466fa9207bb1d92c2458&hash=AAB40CFD3A7E1C61C7C17CA7044DBB4B,/Users/arshnoorkaur/Downloads/road_salt_tracker/data/raw/MI/doc_1.pdf,2026-08-27,MI,260000000712,2026-10-01,2027-09-30
3422,1,MI,Montcalm,"HOWARD CITY, VILLAGE OF",Detroit Salt,Detroit Salt,,2027,early_fill,200.0,87.27,17454.0,,36,deterministic_pdf,0.92,0.92,0.92,auto_accepted,,2026-08-27 20:03:49,https://www.michigan.gov/dtmb/-/media/Project/Websites/dtmb/Procurement/Contracts/MiDEAL/002/260000000712.pdf?rev=8d4ed14d634d466fa9207bb1d92c2458&hash=AAB40CFD3A7E1C61C7C17CA7044DBB4B,/Users/arshnoorkaur/Downloads/road_salt_tracker/data/raw/MI/doc_1.pdf,2026-08-27,MI,260000000712,2026-10-01,2027-09-30
3423,1,MI,Montcalm,"LAKEVIEW, VILLAGE OF",Detroit Salt,Detroit Salt,,2027,early_fill,150.0,87.27,13090.5,,36,deterministic_pdf,0.92,0.92,0.92,auto_accepted,,2026-08-27 20:03:49,https://www.michigan.gov/dtmb/-/media/Project/Websites/dtmb/Procurement/Contracts/MiDEAL/002/260000000712.pdf?rev=8d4ed14d634d466fa9207bb1d92c2458&hash=AAB40CFD3A7E1C61C7C17CA7044DBB4B,/Users/arshnoorkaur/Downloads/road_salt_tracker/data/raw/MI/doc_1.pdf,2026-08-27,MI,260000000712,2026-10-01,2027-09-30
3424,1,MI,Montcalm,"GREENVILLE, CITY OF",Detroit Salt,Detroit Salt,,2027,early_fill,100.0,87.27,8727.0,,36,deterministic_pdf,0.92,0.92,0.92,auto_accepted,,2026-08-27 20:03:49,https://www.michigan.gov/dtmb/-/media/Project/Websites/dtmb/Procurement/Contracts/MiDEAL/002/260000000712.pdf?rev=8d4ed14d634d466fa9207bb1d92c2458&hash=AAB40CFD3A7E1C61C7C17CA7044DBB4B,/Users/arshnoorkaur/Downloads/road_salt_tracker/data/raw/MI/doc_1.pdf,2026-08-27,MI,260000000712,2026-10-01,2027-09-30
3425,1,MI,Montcalm,TRI-COUNTY SCHOOLS,Detroit Salt,Detroit Salt,,2027,early_fill,50.0,87.27,4363.5,,36,deterministic_pdf,0.92,0.92,0.92,auto_accepted,,2026-08-27 20:03:49,https://www.michigan.gov/dtmb/-/media/Project/Websites/dtmb/Procurement/Contracts/MiDEAL/002/260000000712.pdf?rev=8d4ed14d634d466fa9207bb1d92c2458&hash=AAB40CFD3A7E1C61C7C17CA7044DBB4B,/Users/arshnoorkaur/Downloads/road_salt_tracker/data/raw/MI/doc_1.pdf,2026-08-27,MI,260000000712,2026-10-01,2027-09-30
3426,1,MI,Muskegon,MDOC-Muskegon Correctional Facility-AGENCY,Detroit Salt,Detroit Salt,,2027,early_fill,50.0,71.92,3596.0,,36,deterministic_pdf,0.92,0.92,0.92,auto_accepted,,2026-08-27 20:03:49,https://www.michigan.gov/dtmb/-/media/Project/Websites/dtmb/Procurement/Contracts/MiDEAL/002/260000000712.pdf?rev=8d4ed14d634d466fa9207bb1d92c2458&hash=AAB40CFD3A7E1C61C7C17CA7044DBB4B,/Users/arshnoorkaur/Downloads/road_salt_tracker/data/raw/MI/doc_1.pdf,2026-08-27,MI,260000000712,2026-10-01,2027-09-30
3427,1,MI,Muskegon,"FRUITPORT, VILLAGE OF",Detroit Salt,Detroit Salt,,2027,early_fill,100.0,71.92,7192.0,,36,deterministic_pdf,0.92,0.92,0.92,auto_accepted,,2026-08-27 20:03:49,https://www.michigan.gov/dtmb/-/media/Project/Websites/dtmb/Procurement/Contracts/MiDEAL/002/260000000712.pdf?rev=8d4ed14d634d466fa9207bb1d92c2458&hash=AAB40CFD3A7E1C61C7C17CA7044DBB4B,/Users/arshnoorkaur/Downloads/road_salt_tracker/data/raw/MI/doc_1.pdf,2026-08-27,MI,260000000712,2026-10-01,2027-09-30
3428,1,MI,Muskegon,"RAVENNA, VILLAGE OF",Detroit Salt,Detroit Salt,,2027,early_fill,50.0,71.92,3596.0,,36,deterministic_pdf,0.92,0.92,0.92,auto_accepted,,2026-08-27 20:03:49,https://www.michigan.gov/dtmb/-/media/Project/Websites/dtmb/Procurement/Contracts/MiDEAL/002/260000000712.pdf?rev=8d4ed14d634d466fa9207bb1d92c2458&hash=AAB40CFD3A7E1C61C7C17CA7044DBB4B,/Users/arshnoorkaur/Downloads/road_salt_tracker/data/raw/MI/doc_1.pdf,2026-08-27,MI,260000000712,2026-10-01,2027-09-30
3429,1,MI,Muskegon,"MDOC-E C BROOKS CORRECTIONAL FACILITY -
AGENCY",Detroit Salt,Detroit Salt,,2027,early_fill,50.0,71.92,3596.0,,36,deterministic_pdf,0.92,0.92,0.92,auto_accepted,,2026-08-27 20:03:49,https://www.michigan.gov/dtmb/-/media/Project/Websites/dtmb/Procurement/Contracts/MiDEAL/002/260000000712.pdf?rev=8d4ed14d634d466fa9207bb1d92c2458&hash=AAB40CFD3A7E1C61C7C17CA7044DBB4B,/Users/arshnoorkaur/Downloads/road_salt_tracker/data/raw/MI/doc_1.pdf,2026-08-27,MI,260000000712,2026-10-01,2027-09-30
3430,1,MI,Osceola,"HERSEY, VILLAGE OF",Detroit Salt,Detroit Salt,,2027,early_fill,50.0,72.92,3646.0,,36,deterministic_pdf,0.92,0.92,0.92,auto_accepted,,2026-08-27 20:03:49,https://www.michigan.gov/dtmb/-/media/Project/Websites/dtmb/Procurement/Contracts/MiDEAL/002/260000000712.pdf?rev=8d4ed14d634d466fa9207bb1d92c2458&hash=AAB40CFD3A7E1C61C7C17CA7044DBB4B,/Users/arshnoorkaur/Downloads/road_salt_tracker/data/raw/MI/doc_1.pdf,2026-08-27,MI,260000000712,2026-10-01,2027-09-30
3431,1,MI,Osceola,REED CITY AREA PUBLIC SCHOOLS,Detroit Salt,Detroit Salt,,2027,early_fill,50.0,72.92,3646.0,,36,deterministic_pdf,0.92,0.92,0.92,auto_accepted,,2026-08-27 20:03:49,https://www.michigan.gov/dtmb/-/media/Project/Websites/dtmb/Procurement/Contracts/MiDEAL/002/260000000712.pdf?rev=8d4ed14d634d466fa9207bb1d92c2458&hash=AAB40CFD3A7E1C61C7C17CA7044DBB4B,/Users/arshnoorkaur/Downloads/road_salt_tracker/data/raw/MI/doc_1.pdf,2026-08-27,MI,260000000712,2026-10-01,2027-09-30
3432,1,MI,Osceola,"EVART, CITY OF",Detroit Salt,Detroit Salt,,2027,early_fill,150.0,72.92,10938.0,,36,deterministic_pdf,0.92,0.92,0.92,auto_accepted,,2026-08-27 20:03:49,https://www.michigan.gov/dtmb/-/media/Project/Websites/dtmb/Procurement/Contracts/MiDEAL/002/260000000712.pdf?rev=8d4ed14d634d466fa9207bb1d92c2458&hash=AAB40CFD3A7E1C61C7C17CA7044DBB4B,/Users/arshnoorkaur/Downloads/road_salt_tracker/data/raw/MI/doc_1.pdf,2026-08-27,MI,260000000712,2026-10-01,2027-09-30
3433,1,MI,Osceola,"TUSTIN, VILLAGE OF",Detroit Salt,Detroit Salt,,2027,early_fill,50.0,72.92,3646.0,,36,deterministic_pdf,0.92,0.92,0.92,auto_accepted,,2026-08-27 20:03:49,https://www.michigan.gov/dtmb/-/media/Project/Websites/dtmb/Procurement/Contracts/MiDEAL/002/260000000712.pdf?rev=8d4ed14d634d466fa9207bb1d92c2458&hash=AAB40CFD3A7E1C61C7C17CA7044DBB4B,/Users/arshnoorkaur/Downloads/road_salt_tracker/data/raw/MI/doc_1.pdf,2026-08-27,MI,260000000712,2026-10-01,2027-09-30
3434,1,MI,Osceola,LEROY VILLAGE OF,Detroit Salt,Detroit Salt,,2027,early_fill,50.0,72.92,3646.0,,36,deterministic_pdf,0.92,0.92,0.92,auto_accepted,,2026-08-27 20:03:49,https://www.michigan.gov/dtmb/-/media/Project/Websites/dtmb/Procurement/Contracts/MiDEAL/002/260000000712.pdf?rev=8d4ed14d634d466fa9207bb1d92c2458&hash=AAB40CFD3A7E1C61C7C17CA7044DBB4B,/Users/arshnoorkaur/Downloads/road_salt_tracker/data/raw/MI/doc_1.pdf,2026-08-27,MI,260000000712,2026-10-01,2027-09-30
3435,1,MI,Osceola,OSCEOLA COUNTY ROAD COMMISSION,Detroit Salt,Detroit Salt,,2027,early_fill,400.0,72.92,29168.0,,36,deterministic_pdf,0.92,0.92,0.92,auto_accepted,,2026-08-27 20:03:49,https://www.michigan.gov/dtmb/-/media/Project/Websites/dtmb/Procurement/Contracts/MiDEAL/002/260000000712.pdf?rev=8d4ed14d634d466fa9207bb1d92c2458&hash=AAB40CFD3A7E1C61C7C17CA7044DBB4B,/Users/arshnoorkaur/Downloads/road_salt_tracker/data/raw/MI/doc_1.pdf,2026-08-27,MI,260000000712,2026-10-01,2027-09-30
3436,1,MI,Osceola,OSCEOLA COUNTY ROAD COMMISSION,Detroit Salt,Detroit Salt,,2027,early_fill,700.0,72.92,51044.0,,36,deterministic_pdf,0.92,0.92,0.92,auto_accepted,,2026-08-27 20:03:49,https://www.michigan.gov/dtmb/-/media/Project/Websites/dtmb/Procurement/Contracts/MiDEAL/002/260000000712.pdf?rev=8d4ed14d634d466fa9207bb1d92c2458&hash=AAB40CFD3A7E1C61C7C17CA7044DBB4B,/Users/arshnoorkaur/Downloads/road_salt_tracker/data/raw/MI/doc_1.pdf,2026-08-27,MI,260000000712,2026-10-01,2027-09-30
3437,1,MI,Osceola,"REED CITY, CITY OF",Detroit Salt,Detroit Salt,,2027,early_fill,550.0,72.92,40106.0,,36,deterministic_pdf,0.92,0.92,0.92,auto_accepted,,2026-08-27 20:03:49,https://www.michigan.gov/dtmb/-/media/Project/Websites/dtmb/Procurement/Contracts/MiDEAL/002/260000000712.pdf?rev=8d4ed14d634d466fa9207bb1d92c2458&hash=AAB40CFD3A7E1C61C7C17CA7044DBB4B,/Users/arshnoorkaur/Downloads/road_salt_tracker/data/raw/MI/doc_1.pdf,2026-08-27,MI,260000000712,2026-10-01,2027-09-30
3438,1,MI,Arenac,"STANDISH, CITY OF",Detroit Salt,Detroit Salt,,2027,early_fill,50.0,61.79,3089.5,,36,deterministic_pdf,0.92,0.92,0.92,auto_accepted,,2026-08-27 20:03:49,https://www.michigan.gov/dtmb/-/media/Project/Websites/dtmb/Procurement/Contracts/MiDEAL/002/260000000712.pdf?rev=8d4ed14d634d466fa9207bb1d92c2458&hash=AAB40CFD3A7E1C61C7C17CA7044DBB4B,/Users/arshnoorkaur/Downloads/road_salt_tracker/data/raw/MI/doc_1.pdf,2026-08-27,MI,260000000712,2026-10-01,2027-09-30
3439,1,MI,Arenac,ARENAC COUNTY ROAD COMMISSION,Detroit Salt,Detroit Salt,,2027,early_fill,1500.0,61.79,92685.0,,36,deterministic_pdf,0.92,0.92,0.92,auto_accepted,,2026-08-27 20:03:49,https://www.michigan.gov/dtmb/-/media/Project/Websites/dtmb/Procurement/Contracts/MiDEAL/002/260000000712.pdf?rev=8d4ed14d634d466fa9207bb1d92c2458&hash=AAB40CFD3A7E1C61C7C17CA7044DBB4B,/Users/arshnoorkaur/Downloads/road_salt_tracker/data/raw/MI/doc_1.pdf,2026-08-27,MI,260000000712,2026-10-01,2027-09-30
3440,1,MI,Bay,"ESSEXVILLE, CITY OF",Detroit Salt,Detroit Salt,,2027,early_fill,100.0,59.71,5971.0,,36,deterministic_pdf,0.92,0.92,0.92,auto_accepted,,2026-08-27 20:03:49,https://www.michigan.gov/dtmb/-/media/Project/Websites/dtmb/Procurement/Contracts/MiDEAL/002/260000000712.pdf?rev=8d4ed14d634d466fa9207bb1d92c2458&hash=AAB40CFD3A7E1C61C7C17CA7044DBB4B,/Users/arshnoorkaur/Downloads/road_salt_tracker/data/raw/MI/doc_1.pdf,2026-08-27,MI,260000000712,2026-10-01,2027-09-30
3441,1,MI,Bay,"BAY CITY, CITY OF",Detroit Salt,Detroit Salt,,2027,early_fill,100.0,59.71,5971.0,,36,deterministic_pdf,0.92,0.92,0.92,auto_accepted,,2026-08-27 20:03:49,https://www.michigan.gov/dtmb/-/media/Project/Websites/dtmb/Procurement/Contracts/MiDEAL/002/260000000712.pdf?rev=8d4ed14d634d466fa9207bb1d92c2458&hash=AAB40CFD3A7E1C61C7C17CA7044DBB4B,/Users/arshnoorkaur/Downloads/road_salt_tracker/data/raw/MI/doc_1.pdf,2026-08-27,MI,260000000712,2026-10-01,2027-09-30
3442,1,MI,Bay,BAY COUNTY ROAD COMMISSION,Detroit Salt,Detroit Salt,,2027,early_fill,2500.0,59.71,149275.0,,36,deterministic_pdf,0.92,0.92,0.92,auto_accepted,,2026-08-27 20:03:49,https://www.michigan.gov/dtmb/-/media/Project/Websites/dtmb/Procurement/Contracts/MiDEAL/002/260000000712.pdf?rev=8d4ed14d634d466fa9207bb1d92c2458&hash=AAB40CFD3A7E1C61C7C17CA7044DBB4B,/Users/arshnoorkaur/Downloads/road_salt_tracker/data/raw/MI/doc_1.pdf,2026-08-27,MI,260000000712,2026-10-01,2027-09-30
3443,1,MI,Bay,BAY COUNTY ROAD COMMISSION,Detroit Salt,Detroit Salt,,2027,early_fill,700.0,59.71,41797.0,,36,deterministic_pdf,0.92,0.92,0.92,auto_accepted,,2026-08-27 20:03:49,https://www.michigan.gov/dtmb/-/media/Project/Websites/dtmb/Procurement/Contracts/MiDEAL/002/260000000712.pdf?rev=8d4ed14d634d466fa9207bb1d92c2458&hash=AAB40CFD3A7E1C61C7C17CA7044DBB4B,/Users/arshnoorkaur/Downloads/road_salt_tracker/data/raw/MI/doc_1.pdf,2026-08-27,MI,260000000712,2026-10-01,2027-09-30
3444,1,MI,Bay,BAY COUNTY ROAD COMMISSION,Detroit Salt,Detroit Salt,,2027,early_fill,200.0,59.71,11942.0,,36,deterministic_pdf,0.92,0.92,0.92,auto_accepted,,2026-08-27 20:03:49,https://www.michigan.gov/dtmb/-/media/Project/Websites/dtmb/Procurement/Contracts/MiDEAL/002/260000000712.pdf?rev=8d4ed14d634d466fa9207bb1d92c2458&hash=AAB40CFD3A7E1C61C7C17CA7044DBB4B,/Users/arshnoorkaur/Downloads/road_salt_tracker/data/raw/MI/doc_1.pdf,2026-08-27,MI,260000000712,2026-10-01,2027-09-30
3445,1,MI,Bay,"PINCONNING, CITY OF",Detroit Salt,Detroit Salt,,2027,early_fill,50.0,59.71,2985.5,,36,deterministic_pdf,0.92,0.92,0.92,auto_accepted,,2026-08-27 20:03:49,https://www.michigan.gov/dtmb/-/media/Project/Websites/dtmb/Procurement/Contracts/MiDEAL/002/260000000712.pdf?rev=8d4ed14d634d466fa9207bb1d92c2458&hash=AAB40CFD3A7E1C61C7C17CA7044DBB4B,/Users/arshnoorkaur/Downloads/road_salt_tracker/data/raw/MI/doc_1.pdf,2026-08-27,MI,260000000712,2026-10-01,2027-09-30
3446,1,MI,Bay,DELTA COLLEGE,Detroit Salt,Detroit Salt,,2027,early_fill,100.0,59.71,5971.0,,36,deterministic_pdf,0.92,0.92,0.92,auto_accepted,,2026-08-27 20:03:49,https://www.michigan.gov/dtmb/-/media/Project/Websites/dtmb/Procurement/Contracts/MiDEAL/002/260000000712.pdf?rev=8d4ed14d634d466fa9207bb1d92c2458&hash=AAB40CFD3A7E1C61C7C17CA7044DBB4B,/Users/arshnoorkaur/Downloads/road_salt_tracker/data/raw/MI/doc_1.pdf,2026-08-27,MI,260000000712,2026-10-01,2027-09-30
3447,1,MI,Bay,"BAY CITY, CITY OF",Detroit Salt,Detroit Salt,,2027,early_fill,1000.0,59.71,59710.0,,36,deterministic_pdf,0.92,0.92,0.92,auto_accepted,,2026-08-27 20:03:49,https://www.michigan.gov/dtmb/-/media/Project/Websites/dtmb/Procurement/Contracts/MiDEAL/002/260000000712.pdf?rev=8d4ed14d634d466fa9207bb1d92c2458&hash=AAB40CFD3A7E1C61C7C17CA7044DBB4B,/Users/arshnoorkaur/Downloads/road_salt_tracker/data/raw/MI/doc_1.pdf,2026-08-27,MI,260000000712,2026-10-01,2027-09-30
3448,1,MI,Clare,MID MICHIGAN COMMUNITY COLLEGE,Detroit Salt,Detroit Salt,,2027,early_fill,50.0,69.03,3451.5,,36,deterministic_pdf,0.92,0.92,0.92,auto_accepted,,2026-08-27 20:03:49,https://www.michigan.gov/dtmb/-/media/Project/Websites/dtmb/Procurement/Contracts/MiDEAL/002/260000000712.pdf?rev=8d4ed14d634d466fa9207bb1d92c2458&hash=AAB40CFD3A7E1C61C7C17CA7044DBB4B,/Users/arshnoorkaur/Downloads/road_salt_tracker/data/raw/MI/doc_1.pdf,2026-08-27,MI,260000000712,2026-10-01,2027-09-30
3449,1,MI,Clare,"FARWELL, VILLAGE OF",Detroit Salt,Detroit Salt,,2027,early_fill,50.0,69.03,3451.5,,36,deterministic_pdf,0.92,0.92,0.92,auto_accepted,,2026-08-27 20:03:49,https://www.michigan.gov/dtmb/-/media/Project/Websites/dtmb/Procurement/Contracts/MiDEAL/002/260000000712.pdf?rev=8d4ed14d634d466fa9207bb1d92c2458&hash=AAB40CFD3A7E1C61C7C17CA7044DBB4B,/Users/arshnoorkaur/Downloads/road_salt_tracker/data/raw/MI/doc_1.pdf,2026-08-27,MI,260000000712,2026-10-01,2027-09-30
3450,1,MI,Clare,CLARE COUNTY ROAD COMMISSION,Detroit Salt,Detroit Salt,,2027,early_fill,1500.0,69.03,103545.0,,36,deterministic_pdf,0.92,0.92,0.92,auto_accepted,,2026-08-27 20:03:49,https://www.michigan.gov/dtmb/-/media/Project/Websites/dtmb/Procurement/Contracts/MiDEAL/002/260000000712.pdf?rev=8d4ed14d634d466fa9207bb1d92c2458&hash=AAB40CFD3A7E1C61C7C17CA7044DBB4B,/Users/arshnoorkaur/Downloads/road_salt_tracker/data/raw/MI/doc_1.pdf,2026-08-27,MI,260000000712,2026-10-01,2027-09-30
3451,1,MI,Clare,"CLARE, CITY OF",Detroit Salt,Detroit Salt,,2027,early_fill,150.0,69.03,10354.5,,36,deterministic_pdf,0.92,0.92,0.92,auto_accepted,,2026-08-27 20:03:49,https://www.michigan.gov/dtmb/-/media/Project/Websites/dtmb/Procurement/Contracts/MiDEAL/002/260000000712.pdf?rev=8d4ed14d634d466fa9207bb1d92c2458&hash=AAB40CFD3A7E1C61C7C17CA7044DBB4B,/Users/arshnoorkaur/Downloads/road_salt_tracker/data/raw/MI/doc_1.pdf,2026-08-27,MI,260000000712,2026-10-01,2027-09-30
3452,1,MI,Genesee,REMC 14,Detroit Salt,Detroit Salt,,2027,early_fill,100.0,78.13,7813.0,,36,deterministic_pdf,0.92,0.92,0.92,auto_accepted,,2026-08-27 20:03:49,https://www.michigan.gov/dtmb/-/media/Project/Websites/dtmb/Procurement/Contracts/MiDEAL/002/260000000712.pdf?rev=8d4ed14d634d466fa9207bb1d92c2458&hash=AAB40CFD3A7E1C61C7C17CA7044DBB4B,/Users/arshnoorkaur/Downloads/road_salt_tracker/data/raw/MI/doc_1.pdf,2026-08-27,MI,260000000712,2026-10-01,2027-09-30
3453,1,MI,Genesee,REMC 14,Detroit Salt,Detroit Salt,,2027,early_fill,200.0,78.13,15626.0,,36,deterministic_pdf,0.92,0.92,0.92,auto_accepted,,2026-08-27 20:03:49,https://www.michigan.gov/dtmb/-/media/Project/Websites/dtmb/Procurement/Contracts/MiDEAL/002/260000000712.pdf?rev=8d4ed14d634d466fa9207bb1d92c2458&hash=AAB40CFD3A7E1C61C7C17CA7044DBB4B,/Users/arshnoorkaur/Downloads/road_salt_tracker/data/raw/MI/doc_1.pdf,2026-08-27,MI,260000000712,2026-10-01,2027-09-30
3454,1,MI,Genesee,MT MORRIS CONSOLIDATED SCHOOLS,Detroit Salt,Detroit Salt,,2027,early_fill,50.0,78.13,3906.5,,36,deterministic_pdf,0.92,0.92,0.92,auto_accepted,,2026-08-27 20:03:49,https://www.michigan.gov/dtmb/-/media/Project/Websites/dtmb/Procurement/Contracts/MiDEAL/002/260000000712.pdf?rev=8d4ed14d634d466fa9207bb1d92c2458&hash=AAB40CFD3A7E1C61C7C17CA7044DBB4B,/Users/arshnoorkaur/Downloads/road_salt_tracker/data/raw/MI/doc_1.pdf,2026-08-27,MI,260000000712,2026-10-01,2027-09-30
3455,1,MI,Genesee,"MT. MORRIS, CITY OF",Detroit Salt,Detroit Salt,,2027,early_fill,200.0,78.13,15626.0,,36,deterministic_pdf,0.92,0.92,0.92,auto_accepted,,2026-08-27 20:03:49,https://www.michigan.gov/dtmb/-/media/Project/Websites/dtmb/Procurement/Contracts/MiDEAL/002/260000000712.pdf?rev=8d4ed14d634d466fa9207bb1d92c2458&hash=AAB40CFD3A7E1C61C7C17CA7044DBB4B,/Users/arshnoorkaur/Downloads/road_salt_tracker/data/raw/MI/doc_1.pdf,2026-08-27,MI,260000000712,2026-10-01,2027-09-30
3456,1,MI,Genesee,"DAVISON, CITY OF",Detroit Salt,Detroit Salt,,2027,early_fill,450.0,78.13,35158.5,,36,deterministic_pdf,0.92,0.92,0.92,auto_accepted,,2026-08-27 20:03:49,https://www.michigan.gov/dtmb/-/media/Project/Websites/dtmb/Procurement/Contracts/MiDEAL/002/260000000712.pdf?rev=8d4ed14d634d466fa9207bb1d92c2458&hash=AAB40CFD3A7E1C61C7C17CA7044DBB4B,/Users/arshnoorkaur/Downloads/road_salt_tracker/data/raw/MI/doc_1.pdf,2026-08-27,MI,260000000712,2026-10-01,2027-09-30
3457,1,MI,Genesee,Davison Community Schools,Detroit Salt,Detroit Salt,,2027,early_fill,150.0,78.13,11719.5,,36,deterministic_pdf,0.92,0.92,0.92,auto_accepted,,2026-08-27 20:03:49,https://www.michigan.gov/dtmb/-/media/Project/Websites/dtmb/Procurement/Contracts/MiDEAL/002/260000000712.pdf?rev=8d4ed14d634d466fa9207bb1d92c2458&hash=AAB40CFD3A7E1C61C7C17CA7044DBB4B,/Users/arshnoorkaur/Downloads/road_salt_tracker/data/raw/MI/doc_1.pdf,2026-08-27,MI,260000000712,2026-10-01,2027-09-30
3458,1,MI,Gladwin,GLADWIN COUNTY ROAD COMMISSION,Detroit Salt,Detroit Salt,,2027,early_fill,1200.0,69.07,82884.0,,36,deterministic_pdf,0.92,0.92,0.92,auto_accepted,,2026-08-27 20:03:49,https://www.michigan.gov/dtmb/-/media/Project/Websites/dtmb/Procurement/Contracts/MiDEAL/002/260000000712.pdf?rev=8d4ed14d634d466fa9207bb1d92c2458&hash=AAB40CFD3A7E1C61C7C17CA7044DBB4B,/Users/arshnoorkaur/Downloads/road_salt_tracker/data/raw/MI/doc_1.pdf,2026-08-27,MI,260000000712,2026-10-01,2027-09-30
3459,1,MI,Gladwin,"GLADWIN, CITY OF",Detroit Salt,Detroit Salt,,2027,early_fill,50.0,69.07,3453.5,,36,deterministic_pdf,0.92,0.92,0.92,auto_accepted,,2026-08-27 20:03:49,https://www.michigan.gov/dtmb/-/media/Project/Websites/dtmb/Procurement/Contracts/MiDEAL/002/260000000712.pdf?rev=8d4ed14d634d466fa9207bb1d92c2458&hash=AAB40CFD3A7E1C61C7C17CA7044DBB4B,/Users/arshnoorkaur/Downloads/road_salt_tracker/data/raw/MI/doc_1.pdf,2026-08-27,MI,260000000712,2026-10-01,2027-09-30
3460,1,MI,Gladwin,"Beaverton, City of",Detroit Salt,Detroit Salt,,2027,early_fill,50.0,69.07,3453.5,,36,deterministic_pdf,0.92,0.92,0.92,auto_accepted,,2026-08-27 20:03:49,https://www.michigan.gov/dtmb/-/media/Project/Websites/dtmb/Procurement/Contracts/MiDEAL/002/260000000712.pdf?rev=8d4ed14d634d466fa9207bb1d92c2458&hash=AAB40CFD3A7E1C61C7C17CA7044DBB4B,/Users/arshnoorkaur/Downloads/road_salt_tracker/data/raw/MI/doc_1.pdf,2026-08-27,MI,260000000712,2026-10-01,2027-09-30
3461,1,MI,Gratiot,DOC-Central Michigan Correctional -AGENCY,Detroit Salt,Detroit Salt,,2027,early_fill,150.0,65.89,9883.5,,36,deterministic_pdf,0.92,0.92,0.92,auto_accepted,,2026-08-27 20:03:49,https://www.michigan.gov/dtmb/-/media/Project/Websites/dtmb/Procurement/Contracts/MiDEAL/002/260000000712.pdf?rev=8d4ed14d634d466fa9207bb1d92c2458&hash=AAB40CFD3A7E1C61C7C17CA7044DBB4B,/Users/arshnoorkaur/Downloads/road_salt_tracker/data/raw/MI/doc_1.pdf,2026-08-27,MI,260000000712,2026-10-01,2027-09-30
3462,1,MI,Gratiot,"ALMA, CITY OF",Detroit Salt,Detroit Salt,,2027,early_fill,200.0,65.89,13178.0,,36,deterministic_pdf,0.92,0.92,0.92,auto_accepted,,2026-08-27 20:03:49,https://www.michigan.gov/dtmb/-/media/Project/Websites/dtmb/Procurement/Contracts/MiDEAL/002/260000000712.pdf?rev=8d4ed14d634d466fa9207bb1d92c2458&hash=AAB40CFD3A7E1C61C7C17CA7044DBB4B,/Users/arshnoorkaur/Downloads/road_salt_tracker/data/raw/MI/doc_1.pdf,2026-08-27,MI,260000000712,2026-10-01,2027-09-30
3463,1,MI,Gratiot,GRATIOT COUNTY ROAD COMMISSION,Detroit Salt,Detroit Salt,,2027,early_fill,500.0,65.89,32945.0,,36,deterministic_pdf,0.92,0.92,0.92,auto_accepted,,2026-08-27 20:03:49,https://www.michigan.gov/dtmb/-/media/Project/Websites/dtmb/Procurement/Contracts/MiDEAL/002/260000000712.pdf?rev=8d4ed14d634d466fa9207bb1d92c2458&hash=AAB40CFD3A7E1C61C7C17CA7044DBB4B,/Users/arshnoorkaur/Downloads/road_salt_tracker/data/raw/MI/doc_1.pdf,2026-08-27,MI,260000000712,2026-10-01,2027-09-30
3464,1,MI,Gratiot,"ST. LOUIS, CITY OF",Detroit Salt,Detroit Salt,,2027,early_fill,200.0,65.89,13178.0,,36,deterministic_pdf,0.92,0.92,0.92,auto_accepted,,2026-08-27 20:03:49,https://www.michigan.gov/dtmb/-/media/Project/Websites/dtmb/Procurement/Contracts/MiDEAL/002/260000000712.pdf?rev=8d4ed14d634d466fa9207bb1d92c2458&hash=AAB40CFD3A7E1C61C7C17CA7044DBB4B,/Users/arshnoorkaur/Downloads/road_salt_tracker/data/raw/MI/doc_1.pdf,2026-08-27,MI,260000000712,2026-10-01,2027-09-30
3465,1,MI,Huron,HURON COUNTY ROAD COMMISSION,Detroit Salt,Detroit Salt,,2027,early_fill,600.0,66.76,40056.0,,36,deterministic_pdf,0.92,0.92,0.92,auto_accepted,,2026-08-27 20:03:49,https://www.michigan.gov/dtmb/-/media/Project/Websites/dtmb/Procurement/Contracts/MiDEAL/002/260000000712.pdf?rev=8d4ed14d634d466fa9207bb1d92c2458&hash=AAB40CFD3A7E1C61C7C17CA7044DBB4B,/Users/arshnoorkaur/Downloads/road_salt_tracker/data/raw/MI/doc_1.pdf,2026-08-27,MI,260000000712,2026-10-01,2027-09-30
3466,1,MI,Huron,HURON COUNTY ROAD COMMISSION,Detroit Salt,Detroit Salt,,2027,early_fill,200.0,66.76,13352.0,,36,deterministic_pdf,0.92,0.92,0.92,auto_accepted,,2026-08-27 20:03:49,https://www.michigan.gov/dtmb/-/media/Project/Websites/dtmb/Procurement/Contracts/MiDEAL/002/260000000712.pdf?rev=8d4ed14d634d466fa9207bb1d92c2458&hash=AAB40CFD3A7E1C61C7C17CA7044DBB4B,/Users/arshnoorkaur/Downloads/road_salt_tracker/data/raw/MI/doc_1.pdf,2026-08-27,MI,260000000712,2026-10-01,2027-09-30
3467,1,MI,Huron,HURON COUNTY ROAD COMMISSION,Detroit Salt,Detroit Salt,,2027,early_fill,450.0,66.76,30042.0,,36,deterministic_pdf,0.92,0.92,0.92,auto_accepted,,2026-08-27 20:03:49,https://www.michigan.gov/dtmb/-/media/Project/Websites/dtmb/Procurement/Contracts/MiDEAL/002/260000000712.pdf?rev=8d4ed14d634d466fa9207bb1d92c2458&hash=AAB40CFD3A7E1C61C7C17CA7044DBB4B,/Users/arshnoorkaur/Downloads/road_salt_tracker/data/raw/MI/doc_1.pdf,2026-08-27,MI,260000000712,2026-10-01,2027-09-30
3468,1,MI,Huron,SEBEWAING VILLAGE OF,Detroit Salt,Detroit Salt,,2027,early_fill,50.0,66.76,3338.0,,36,deterministic_pdf,0.92,0.92,0.92,auto_accepted,,2026-08-27 20:03:49,https://www.michigan.gov/dtmb/-/media/Project/Websites/dtmb/Procurement/Contracts/MiDEAL/002/260000000712.pdf?rev=8d4ed14d634d466fa9207bb1d92c2458&hash=AAB40CFD3A7E1C61C7C17CA7044DBB4B,/Users/arshnoorkaur/Downloads/road_salt_tracker/data/raw/MI/doc_1.pdf,2026-08-27,MI,260000000712,2026-10-01,2027-09-30
3469,1,MI,Huron,"HARBOR BEACH, CITY OF",Detroit Salt,Detroit Salt,,2027,early_fill,200.0,66.76,13352.0,,36,deterministic_pdf,0.92,0.92,0.92,auto_accepted,,2026-08-27 20:03:49,https://www.michigan.gov/dtmb/-/media/Project/Websites/dtmb/Procurement/Contracts/MiDEAL/002/260000000712.pdf?rev=8d4ed14d634d466fa9207bb1d92c2458&hash=AAB40CFD3A7E1C61C7C17CA7044DBB4B,/Users/arshnoorkaur/Downloads/road_salt_tracker/data/raw/MI/doc_1.pdf,2026-08-27,MI,260000000712,2026-10-01,2027-09-30
3470,1,MI,Huron,HURON COUNTY ROAD COMMISSION,Detroit Salt,Detroit Salt,,2027,early_fill,50.0,66.76,3338.0,,36,deterministic_pdf,0.92,0.92,0.92,auto_accepted,,2026-08-27 20:03:49,https://www.michigan.gov/dtmb/-/media/Project/Websites/dtmb/Procurement/Contracts/MiDEAL/002/260000000712.pdf?rev=8d4ed14d634d466fa9207bb1d92c2458&hash=AAB40CFD3A7E1C61C7C17CA7044DBB4B,/Users/arshnoorkaur/Downloads/road_salt_tracker/data/raw/MI/doc_1.pdf,2026-08-27,MI,260000000712,2026-10-01,2027-09-30
3471,1,MI,Isabella,MID MICHIGAN COMMUNITY COLLEGE,Detroit Salt,Detroit Salt,,2027,early_fill,50.0,65.96,3298.0,,36,deterministic_pdf,0.92,0.92,0.92,auto_accepted,,2026-08-27 20:03:49,https://www.michigan.gov/dtmb/-/media/Project/Websites/dtmb/Procurement/Contracts/MiDEAL/002/260000000712.pdf?rev=8d4ed14d634d466fa9207bb1d92c2458&hash=AAB40CFD3A7E1C61C7C17CA7044DBB4B,/Users/arshnoorkaur/Downloads/road_salt_tracker/data/raw/MI/doc_1.pdf,2026-08-27,MI,260000000712,2026-10-01,2027-09-30
3472,1,MI,Isabella,CENTRAL MICHIGAN UNIVERSITY,Detroit Salt,Detroit Salt,,2027,early_fill,100.0,65.96,6596.0,,36,deterministic_pdf,0.92,0.92,0.92,auto_accepted,,2026-08-27 20:03:49,https://www.michigan.gov/dtmb/-/media/Project/Websites/dtmb/Procurement/Contracts/MiDEAL/002/260000000712.pdf?rev=8d4ed14d634d466fa9207bb1d92c2458&hash=AAB40CFD3A7E1C61C7C17CA7044DBB4B,/Users/arshnoorkaur/Downloads/road_salt_tracker/data/raw/MI/doc_1.pdf,2026-08-27,MI,260000000712,2026-10-01,2027-09-30
3473,1,MI,Isabella,ISABELLA COUNTY ROAD COMMISSION,Detroit Salt,Detroit Salt,,2027,early_fill,150.0,65.96,9894.0,,36,deterministic_pdf,0.92,0.92,0.92,auto_accepted,,2026-08-27 20:03:49,https://www.michigan.gov/dtmb/-/media/Project/Websites/dtmb/Procurement/Contracts/MiDEAL/002/260000000712.pdf?rev=8d4ed14d634d466fa9207bb1d92c2458&hash=AAB40CFD3A7E1C61C7C17CA7044DBB4B,/Users/arshnoorkaur/Downloads/road_salt_tracker/data/raw/MI/doc_1.pdf,2026-08-27,MI,260000000712,2026-10-01,2027-09-30
3474,1,MI,Isabella,ISABELLA COUNTY ROAD COMMISSION,Detroit Salt,Detroit Salt,,2027,early_fill,1200.0,65.96,79152.0,,36,deterministic_pdf,0.92,0.92,0.92,auto_accepted,,2026-08-27 20:03:49,https://www.michigan.gov/dtmb/-/media/Project/Websites/dtmb/Procurement/Contracts/MiDEAL/002/260000000712.pdf?rev=8d4ed14d634d466fa9207bb1d92c2458&hash=AAB40CFD3A7E1C61C7C17CA7044DBB4B,/Users/arshnoorkaur/Downloads/road_salt_tracker/data/raw/MI/doc_1.pdf,2026-08-27,MI,260000000712,2026-10-01,2027-09-30
3475,1,MI,Isabella,"SHEPHERD, VILLAGE OF",Detroit Salt,Detroit Salt,,2027,early_fill,50.0,65.96,3298.0,,36,deterministic_pdf,0.92,0.92,0.92,auto_accepted,,2026-08-27 20:03:49,https://www.michigan.gov/dtmb/-/media/Project/Websites/dtmb/Procurement/Contracts/MiDEAL/002/260000000712.pdf?rev=8d4ed14d634d466fa9207bb1d92c2458&hash=AAB40CFD3A7E1C61C7C17CA7044DBB4B,/Users/arshnoorkaur/Downloads/road_salt_tracker/data/raw/MI/doc_1.pdf,2026-08-27,MI,260000000712,2026-10-01,2027-09-30
3476,1,MI,Isabella,"LAKE ISABELLA, VILLAGE OF",Detroit Salt,Detroit Salt,,2027,early_fill,50.0,65.96,3298.0,,36,deterministic_pdf,0.92,0.92,0.92,auto_accepted,,2026-08-27 20:03:49,https://www.michigan.gov/dtmb/-/media/Project/Websites/dtmb/Procurement/Contracts/MiDEAL/002/260000000712.pdf?rev=8d4ed14d634d466fa9207bb1d92c2458&hash=AAB40CFD3A7E1C61C7C17CA7044DBB4B,/Users/arshnoorkaur/Downloads/road_salt_tracker/data/raw/MI/doc_1.pdf,2026-08-27,MI,260000000712,2026-10-01,2027-09-30
3477,1,MI,Isabella,"MT. PLEASANT, CITY OF",Detroit Salt,Detroit Salt,,2027,early_fill,400.0,65.96,26384.0,,36,deterministic_pdf,0.92,0.92,0.92,auto_accepted,,2026-08-27 20:03:49,https://www.michigan.gov/dtmb/-/media/Project/Websites/dtmb/Procurement/Contracts/MiDEAL/002/260000000712.pdf?rev=8d4ed14d634d466fa9207bb1d92c2458&hash=AAB40CFD3A7E1C61C7C17CA7044DBB4B,/Users/arshnoorkaur/Downloads/road_salt_tracker/data/raw/MI/doc_1.pdf,2026-08-27,MI,260000000712,2026-10-01,2027-09-30
3478,1,MI,Lapeer,LAPEER COUNTY ROAD COMMISSION,Detroit Salt,Detroit Salt,,2027,early_fill,4800.0,63.92,306816.0,,36,deterministic_pdf,0.92,0.92,0.92,auto_accepted,,2026-08-27 20:03:49,https://www.michigan.gov/dtmb/-/media/Project/Websites/dtmb/Procurement/Contracts/MiDEAL/002/260000000712.pdf?rev=8d4ed14d634d466fa9207bb1d92c2458&hash=AAB40CFD3A7E1C61C7C17CA7044DBB4B,/Users/arshnoorkaur/Downloads/road_salt_tracker/data/raw/MI/doc_1.pdf,2026-08-27,MI,260000000712,2026-10-01,2027-09-30
3479,1,MI,Lapeer,LAPEER COUNTY ROAD COMMISSION,Detroit Salt,Detroit Salt,,2027,early_fill,3400.0,63.92,217328.0,,36,deterministic_pdf,0.92,0.92,0.92,auto_accepted,,2026-08-27 20:03:49,https://www.michigan.gov/dtmb/-/media/Project/Websites/dtmb/Procurement/Contracts/MiDEAL/002/260000000712.pdf?rev=8d4ed14d634d466fa9207bb1d92c2458&hash=AAB40CFD3A7E1C61C7C17CA7044DBB4B,/Users/arshnoorkaur/Downloads/road_salt_tracker/data/raw/MI/doc_1.pdf,2026-08-27,MI,260000000712,2026-10-01,2027-09-30
3480,1,MI,Lapeer,LAPEER COUNTY ROAD COMMISSION,Detroit Salt,Detroit Salt,,2027,early_fill,2700.0,63.92,172584.0,,36,deterministic_pdf,0.92,0.92,0.92,auto_accepted,,2026-08-27 20:03:49,https://www.michigan.gov/dtmb/-/media/Project/Websites/dtmb/Procurement/Contracts/MiDEAL/002/260000000712.pdf?rev=8d4ed14d634d466fa9207bb1d92c2458&hash=AAB40CFD3A7E1C61C7C17CA7044DBB4B,/Users/arshnoorkaur/Downloads/road_salt_tracker/data/raw/MI/doc_1.pdf,2026-08-27,MI,260000000712,2026-10-01,2027-09-30
3481,1,MI,Lapeer,"IMLAY, CITY OF",Detroit Salt,Detroit Salt,,2027,early_fill,400.0,63.92,25568.0,,36,deterministic_pdf,0.92,0.92,0.92,auto_accepted,,2026-08-27 20:03:49,https://www.michigan.gov/dtmb/-/media/Project/Websites/dtmb/Procurement/Contracts/MiDEAL/002/260000000712.pdf?rev=8d4ed14d634d466fa9207bb1d92c2458&hash=AAB40CFD3A7E1C61C7C17CA7044DBB4B,/Users/arshnoorkaur/Downloads/road_salt_tracker/data/raw/MI/doc_1.pdf,2026-08-27,MI,260000000712,2026-10-01,2027-09-30
3482,1,MI,Lapeer,"CLIFFORD, VILLAGE OF",Detroit Salt,Detroit Salt,,2027,early_fill,50.0,63.92,3196.0,,36,deterministic_pdf,0.92,0.92,0.92,auto_accepted,,2026-08-27 20:03:49,https://www.michigan.gov/dtmb/-/media/Project/Websites/dtmb/Procurement/Contracts/MiDEAL/002/260000000712.pdf?rev=8d4ed14d634d466fa9207bb1d92c2458&hash=AAB40CFD3A7E1C61C7C17CA7044DBB4B,/Users/arshnoorkaur/Downloads/road_salt_tracker/data/raw/MI/doc_1.pdf,2026-08-27,MI,260000000712,2026-10-01,2027-09-30
3483,1,MI,Lapeer,"LAPEER, CITY OF",Detroit Salt,Detroit Salt,,2027,early_fill,200.0,63.92,12784.0,,37,deterministic_pdf,0.92,0.92,0.92,auto_accepted,,2026-08-27 20:03:49,https://www.michigan.gov/dtmb/-/media/Project/Websites/dtmb/Procurement/Contracts/MiDEAL/002/260000000712.pdf?rev=8d4ed14d634d466fa9207bb1d92c2458&hash=AAB40CFD3A7E1C61C7C17CA7044DBB4B,/Users/arshnoorkaur/Downloads/road_salt_tracker/data/raw/MI/doc_1.pdf,2026-08-27,MI,260000000712,2026-10-01,2027-09-30
3484,1,MI,Lapeer,"ALMONT, VILLAGE OF",Detroit Salt,Detroit Salt,,2027,early_fill,100.0,63.92,6392.0,,37,deterministic_pdf,0.92,0.92,0.92,auto_accepted,,2026-08-27 20:03:49,https://www.michigan.gov/dtmb/-/media/Project/Websites/dtmb/Procurement/Contracts/MiDEAL/002/260000000712.pdf?rev=8d4ed14d634d466fa9207bb1d92c2458&hash=AAB40CFD3A7E1C61C7C17CA7044DBB4B,/Users/arshnoorkaur/Downloads/road_salt_tracker/data/raw/MI/doc_1.pdf,2026-08-27,MI,260000000712,2026-10-01,2027-09-30
3485,1,MI,Lapeer,NORTH BRANCH AREA SCHOOLS,Detroit Salt,Detroit Salt,,2027,early_fill,50.0,63.92,3196.0,,37,deterministic_pdf,0.92,0.92,0.92,auto_accepted,,2026-08-27 20:03:49,https://www.michigan.gov/dtmb/-/media/Project/Websites/dtmb/Procurement/Contracts/MiDEAL/002/260000000712.pdf?rev=8d4ed14d634d466fa9207bb1d92c2458&hash=AAB40CFD3A7E1C61C7C17CA7044DBB4B,/Users/arshnoorkaur/Downloads/road_salt_tracker/data/raw/MI/doc_1.pdf,2026-08-27,MI,260000000712,2026-10-01,2027-09-30
3486,1,MI,Lapeer,Dryden Public Schools,Detroit Salt,Detroit Salt,,2027,early_fill,50.0,63.92,3196.0,,37,deterministic_pdf,0.92,0.92,0.92,auto_accepted,,2026-08-27 20:03:49,https://www.michigan.gov/dtmb/-/media/Project/Websites/dtmb/Procurement/Contracts/MiDEAL/002/260000000712.pdf?rev=8d4ed14d634d466fa9207bb1d92c2458&hash=AAB40CFD3A7E1C61C7C17CA7044DBB4B,/Users/arshnoorkaur/Downloads/road_salt_tracker/data/raw/MI/doc_1.pdf,2026-08-27,MI,260000000712,2026-10-01,2027-09-30
3487,1,MI,Midland,"MIDLAND, CITY OF",Detroit Salt,Detroit Salt,,2027,early_fill,1500.0,62.84,94260.0,,37,deterministic_pdf,0.92,0.92,0.92,auto_accepted,,2026-08-27 20:03:49,https://www.michigan.gov/dtmb/-/media/Project/Websites/dtmb/Procurement/Contracts/MiDEAL/002/260000000712.pdf?rev=8d4ed14d634d466fa9207bb1d92c2458&hash=AAB40CFD3A7E1C61C7C17CA7044DBB4B,/Users/arshnoorkaur/Downloads/road_salt_tracker/data/raw/MI/doc_1.pdf,2026-08-27,MI,260000000712,2026-10-01,2027-09-30
3488,1,MI,Midland,MIDLAND COUNTY ROAD COMMISSION,Detroit Salt,Detroit Salt,,2027,early_fill,1700.0,62.84,106828.0,,37,deterministic_pdf,0.92,0.92,0.92,auto_accepted,,2026-08-27 20:03:49,https://www.michigan.gov/dtmb/-/media/Project/Websites/dtmb/Procurement/Contracts/MiDEAL/002/260000000712.pdf?rev=8d4ed14d634d466fa9207bb1d92c2458&hash=AAB40CFD3A7E1C61C7C17CA7044DBB4B,/Users/arshnoorkaur/Downloads/road_salt_tracker/data/raw/MI/doc_1.pdf,2026-08-27,MI,260000000712,2026-10-01,2027-09-30
3489,1,MI,Sanilac,Sandusky,Detroit Salt,Detroit Salt,,2027,early_fill,50.0,65.67,3283.5,,37,deterministic_pdf,0.92,0.92,0.92,auto_accepted,,2026-08-27 20:03:49,https://www.michigan.gov/dtmb/-/media/Project/Websites/dtmb/Procurement/Contracts/MiDEAL/002/260000000712.pdf?rev=8d4ed14d634d466fa9207bb1d92c2458&hash=AAB40CFD3A7E1C61C7C17CA7044DBB4B,/Users/arshnoorkaur/Downloads/road_salt_tracker/data/raw/MI/doc_1.pdf,2026-08-27,MI,260000000712,2026-10-01,2027-09-30
3490,1,MI,Sanilac,"CROSWELL, CITY OF",Detroit Salt,Detroit Salt,,2027,early_fill,400.0,65.67,26268.0,,37,deterministic_pdf,0.92,0.92,0.92,auto_accepted,,2026-08-27 20:03:49,https://www.michigan.gov/dtmb/-/media/Project/Websites/dtmb/Procurement/Contracts/MiDEAL/002/260000000712.pdf?rev=8d4ed14d634d466fa9207bb1d92c2458&hash=AAB40CFD3A7E1C61C7C17CA7044DBB4B,/Users/arshnoorkaur/Downloads/road_salt_tracker/data/raw/MI/doc_1.pdf,2026-08-27,MI,260000000712,2026-10-01,2027-09-30
3491,1,MI,Sanilac,Brown City Community Schools,Detroit Salt,Detroit Salt,,2027,early_fill,50.0,65.67,3283.5,,37,deterministic_pdf,0.92,0.92,0.92,auto_accepted,,2026-08-27 20:03:49,https://www.michigan.gov/dtmb/-/media/Project/Websites/dtmb/Procurement/Contracts/MiDEAL/002/260000000712.pdf?rev=8d4ed14d634d466fa9207bb1d92c2458&hash=AAB40CFD3A7E1C61C7C17CA7044DBB4B,/Users/arshnoorkaur/Downloads/road_salt_tracker/data/raw/MI/doc_1.pdf,2026-08-27,MI,260000000712,2026-10-01,2027-09-30
3492,1,MI,Sanilac,Sandusky Community Schools,Detroit Salt,Detroit Salt,,2027,early_fill,50.0,65.67,3283.5,,37,deterministic_pdf,0.92,0.92,0.92,auto_accepted,,2026-08-27 20:03:49,https://www.michigan.gov/dtmb/-/media/Project/Websites/dtmb/Procurement/Contracts/MiDEAL/002/260000000712.pdf?rev=8d4ed14d634d466fa9207bb1d92c2458&hash=AAB40CFD3A7E1C61C7C17CA7044DBB4B,/Users/arshnoorkaur/Downloads/road_salt_tracker/data/raw/MI/doc_1.pdf,2026-08-27,MI,260000000712,2026-10-01,2027-09-30
3493,1,MI,Sanilac,"LEXINGTON, VILLAGE OF",Detroit Salt,Detroit Salt,,2027,early_fill,50.0,65.67,3283.5,,37,deterministic_pdf,0.92,0.92,0.92,auto_accepted,,2026-08-27 20:03:49,https://www.michigan.gov/dtmb/-/media/Project/Websites/dtmb/Procurement/Contracts/MiDEAL/002/260000000712.pdf?rev=8d4ed14d634d466fa9207bb1d92c2458&hash=AAB40CFD3A7E1C61C7C17CA7044DBB4B,/Users/arshnoorkaur/Downloads/road_salt_tracker/data/raw/MI/doc_1.pdf,2026-08-27,MI,260000000712,2026-10-01,2027-09-30
3494,1,MI,Sanilac,BROWN CITY,Detroit Salt,Detroit Salt,,2027,early_fill,50.0,65.67,3283.5,,37,deterministic_pdf,0.92,0.92,0.92,auto_accepted,,2026-08-27 20:03:49,https://www.michigan.gov/dtmb/-/media/Project/Websites/dtmb/Procurement/Contracts/MiDEAL/002/260000000712.pdf?rev=8d4ed14d634d466fa9207bb1d92c2458&hash=AAB40CFD3A7E1C61C7C17CA7044DBB4B,/Users/arshnoorkaur/Downloads/road_salt_tracker/data/raw/MI/doc_1.pdf,2026-08-27,MI,260000000712,2026-10-01,2027-09-30
3495,1,MI,Sanilac,SANILAC COUNTY ROAD COMMISSION,Detroit Salt,Detroit Salt,,2027,early_fill,500.0,65.67,32835.0,,37,deterministic_pdf,0.92,0.92,0.92,auto_accepted,,2026-08-27 20:03:49,https://www.michigan.gov/dtmb/-/media/Project/Websites/dtmb/Procurement/Contracts/MiDEAL/002/260000000712.pdf?rev=8d4ed14d634d466fa9207bb1d92c2458&hash=AAB40CFD3A7E1C61C7C17CA7044DBB4B,/Users/arshnoorkaur/Downloads/road_salt_tracker/data/raw/MI/doc_1.pdf,2026-08-27,MI,260000000712,2026-10-01,2027-09-30
3496,1,MI,Sanilac,SANILAC COUNTY ROAD COMMISSION,Detroit Salt,Detroit Salt,,2027,early_fill,450.0,65.67,29551.5,,37,deterministic_pdf,0.92,0.92,0.92,auto_accepted,,2026-08-27 20:03:49,https://www.michigan.gov/dtmb/-/media/Project/Websites/dtmb/Procurement/Contracts/MiDEAL/002/260000000712.pdf?rev=8d4ed14d634d466fa9207bb1d92c2458&hash=AAB40CFD3A7E1C61C7C17CA7044DBB4B,/Users/arshnoorkaur/Downloads/road_salt_tracker/data/raw/MI/doc_1.pdf,2026-08-27,MI,260000000712,2026-10-01,2027-09-30
3497,1,MI,Sanilac,SANILAC COUNTY ROAD COMMISSION,Detroit Salt,Detroit Salt,,2027,early_fill,650.0,65.67,42685.5,,37,deterministic_pdf,0.92,0.92,0.92,auto_accepted,,2026-08-27 20:03:49,https://www.michigan.gov/dtmb/-/media/Project/Websites/dtmb/Procurement/Contracts/MiDEAL/002/260000000712.pdf?rev=8d4ed14d634d466fa9207bb1d92c2458&hash=AAB40CFD3A7E1C61C7C17CA7044DBB4B,/Users/arshnoorkaur/Downloads/road_salt_tracker/data/raw/MI/doc_1.pdf,2026-08-27,MI,260000000712,2026-10-01,2027-09-30
3498,1,MI,Sanilac,SANILAC COUNTY ROAD COMMISSION,Detroit Salt,Detroit Salt,,2027,early_fill,700.0,65.67,45969.0,,37,deterministic_pdf,0.92,0.92,0.92,auto_accepted,,2026-08-27 20:03:49,https://www.michigan.gov/dtmb/-/media/Project/Websites/dtmb/Procurement/Contracts/MiDEAL/002/260000000712.pdf?rev=8d4ed14d634d466fa9207bb1d92c2458&hash=AAB40CFD3A7E1C61C7C17CA7044DBB4B,/Users/arshnoorkaur/Downloads/road_salt_tracker/data/raw/MI/doc_1.pdf,2026-08-27,MI,260000000712,2026-10-01,2027-09-30
3499,1,MI,Sanilac,SANILAC COUNTY ROAD COMMISSION,Detroit Salt,Detroit Salt,,2027,early_fill,300.0,65.67,19701.0,,37,deterministic_pdf,0.92,0.92,0.92,auto_accepted,,2026-08-27 20:03:49,https://www.michigan.gov/dtmb/-/media/Project/Websites/dtmb/Procurement/Contracts/MiDEAL/002/260000000712.pdf?rev=8d4ed14d634d466fa9207bb1d92c2458&hash=AAB40CFD3A7E1C61C7C17CA7044DBB4B,/Users/arshnoorkaur/Downloads/road_salt_tracker/data/raw/MI/doc_1.pdf,2026-08-27,MI,260000000712,2026-10-01,2027-09-30
3500,1,MI,Sanilac,"DECKERVILLE, VILLAGE OF",Detroit Salt,Detroit Salt,,2027,early_fill,50.0,65.67,3283.5,,37,deterministic_pdf,0.92,0.92,0.92,auto_accepted,,2026-08-27 20:03:49,https://www.michigan.gov/dtmb/-/media/Project/Websites/dtmb/Procurement/Contracts/MiDEAL/002/260000000712.pdf?rev=8d4ed14d634d466fa9207bb1d92c2458&hash=AAB40CFD3A7E1C61C7C17CA7044DBB4B,/Users/arshnoorkaur/Downloads/road_salt_tracker/data/raw/MI/doc_1.pdf,2026-08-27,MI,260000000712,2026-10-01,2027-09-30
3501,1,MI,Saginaw,MBS INTERNATIONAL AIRPORT COMMISSION,Detroit Salt,Detroit Salt,,2027,early_fill,50.0,59.94,2997.0,,37,deterministic_pdf,0.92,0.92,0.92,auto_accepted,,2026-08-27 20:03:49,https://www.michigan.gov/dtmb/-/media/Project/Websites/dtmb/Procurement/Contracts/MiDEAL/002/260000000712.pdf?rev=8d4ed14d634d466fa9207bb1d92c2458&hash=AAB40CFD3A7E1C61C7C17CA7044DBB4B,/Users/arshnoorkaur/Downloads/road_salt_tracker/data/raw/MI/doc_1.pdf,2026-08-27,MI,260000000712,2026-10-01,2027-09-30
3502,1,MI,Saginaw,SAGINAW COUNTY ROAD COMMISSION,Detroit Salt,Detroit Salt,,2027,early_fill,3500.0,59.94,209790.0,,37,deterministic_pdf,0.92,0.92,0.92,auto_accepted,,2026-08-27 20:03:49,https://www.michigan.gov/dtmb/-/media/Project/Websites/dtmb/Procurement/Contracts/MiDEAL/002/260000000712.pdf?rev=8d4ed14d634d466fa9207bb1d92c2458&hash=AAB40CFD3A7E1C61C7C17CA7044DBB4B,/Users/arshnoorkaur/Downloads/road_salt_tracker/data/raw/MI/doc_1.pdf,2026-08-27,MI,260000000712,2026-10-01,2027-09-30
3503,1,MI,Saginaw,"ST. CHARLES, VILLAGE OF",Detroit Salt,Detroit Salt,,2027,early_fill,50.0,59.94,2997.0,,37,deterministic_pdf,0.92,0.92,0.92,auto_accepted,,2026-08-27 20:03:49,https://www.michigan.gov/dtmb/-/media/Project/Websites/dtmb/Procurement/Contracts/MiDEAL/002/260000000712.pdf?rev=8d4ed14d634d466fa9207bb1d92c2458&hash=AAB40CFD3A7E1C61C7C17CA7044DBB4B,/Users/arshnoorkaur/Downloads/road_salt_tracker/data/raw/MI/doc_1.pdf,2026-08-27,MI,260000000712,2026-10-01,2027-09-30
3504,1,MI,Saginaw,SAGINAW VALLEY STATE UNIVERSITY,Detroit Salt,Detroit Salt,,2027,early_fill,50.0,59.94,2997.0,,37,deterministic_pdf,0.92,0.92,0.92,auto_accepted,,2026-08-27 20:03:49,https://www.michigan.gov/dtmb/-/media/Project/Websites/dtmb/Procurement/Contracts/MiDEAL/002/260000000712.pdf?rev=8d4ed14d634d466fa9207bb1d92c2458&hash=AAB40CFD3A7E1C61C7C17CA7044DBB4B,/Users/arshnoorkaur/Downloads/road_salt_tracker/data/raw/MI/doc_1.pdf,2026-08-27,MI,260000000712,2026-10-01,2027-09-30
3505,1,MI,Saginaw,"CHESANING, VILLAGE OF",Detroit Salt,Detroit Salt,,2027,early_fill,50.0,59.94,2997.0,,37,deterministic_pdf,0.92,0.92,0.92,auto_accepted,,2026-08-27 20:03:49,https://www.michigan.gov/dtmb/-/media/Project/Websites/dtmb/Procurement/Contracts/MiDEAL/002/260000000712.pdf?rev=8d4ed14d634d466fa9207bb1d92c2458&hash=AAB40CFD3A7E1C61C7C17CA7044DBB4B,/Users/arshnoorkaur/Downloads/road_salt_tracker/data/raw/MI/doc_1.pdf,2026-08-27,MI,260000000712,2026-10-01,2027-09-30
3506,1,MI,Saginaw,"SAGINAW, CITY OF",Detroit Salt,Detroit Salt,,2027,early_fill,1500.0,59.94,89910.0,,37,deterministic_pdf,0.92,0.92,0.92,auto_accepted,,2026-08-27 20:03:49,https://www.michigan.gov/dtmb/-/media/Project/Websites/dtmb/Procurement/Contracts/MiDEAL/002/260000000712.pdf?rev=8d4ed14d634d466fa9207bb1d92c2458&hash=AAB40CFD3A7E1C61C7C17CA7044DBB4B,/Users/arshnoorkaur/Downloads/road_salt_tracker/data/raw/MI/doc_1.pdf,2026-08-27,MI,260000000712,2026-10-01,2027-09-30
3507,1,MI,Saginaw,COVENANT HEALTHCARE,Detroit Salt,Detroit Salt,,2027,early_fill,500.0,59.94,29970.0,,37,deterministic_pdf,0.92,0.92,0.92,auto_accepted,,2026-08-27 20:03:49,https://www.michigan.gov/dtmb/-/media/Project/Websites/dtmb/Procurement/Contracts/MiDEAL/002/260000000712.pdf?rev=8d4ed14d634d466fa9207bb1d92c2458&hash=AAB40CFD3A7E1C61C7C17CA7044DBB4B,/Users/arshnoorkaur/Downloads/road_salt_tracker/data/raw/MI/doc_1.pdf,2026-08-27,MI,260000000712,2026-10-01,2027-09-30
3508,1,MI,Saginaw,City of Zilwaukee,Detroit Salt,Detroit Salt,,2027,early_fill,50.0,59.94,2997.0,,37,deterministic_pdf,0.92,0.92,0.92,auto_accepted,,2026-08-27 20:03:49,https://www.michigan.gov/dtmb/-/media/Project/Websites/dtmb/Procurement/Contracts/MiDEAL/002/260000000712.pdf?rev=8d4ed14d634d466fa9207bb1d92c2458&hash=AAB40CFD3A7E1C61C7C17CA7044DBB4B,/Users/arshnoorkaur/Downloads/road_salt_tracker/data/raw/MI/doc_1.pdf,2026-08-27,MI,260000000712,2026-10-01,2027-09-30
3509,1,MI,Saginaw,SAGINAW COUNTY ROAD COMMISSION,Detroit Salt,Detroit Salt,,2027,early_fill,3000.0,59.94,179820.0,,37,deterministic_pdf,0.92,0.92,0.92,auto_accepted,,2026-08-27 20:03:49,https://www.michigan.gov/dtmb/-/media/Project/Websites/dtmb/Procurement/Contracts/MiDEAL/002/260000000712.pdf?rev=8d4ed14d634d466fa9207bb1d92c2458&hash=AAB40CFD3A7E1C61C7C17CA7044DBB4B,/Users/arshnoorkaur/Downloads/road_salt_tracker/data/raw/MI/doc_1.pdf,2026-08-27,MI,260000000712,2026-10-01,2027-09-30
3510,1,MI,Shiawassee,"OWOSSO, CITY OF",Detroit Salt,Detroit Salt,,2027,early_fill,400.0,67.08,26832.0,,37,deterministic_pdf,0.92,0.92,0.92,auto_accepted,,2026-08-27 20:03:49,https://www.michigan.gov/dtmb/-/media/Project/Websites/dtmb/Procurement/Contracts/MiDEAL/002/260000000712.pdf?rev=8d4ed14d634d466fa9207bb1d92c2458&hash=AAB40CFD3A7E1C61C7C17CA7044DBB4B,/Users/arshnoorkaur/Downloads/road_salt_tracker/data/raw/MI/doc_1.pdf,2026-08-27,MI,260000000712,2026-10-01,2027-09-30
3511,1,MI,Shiawassee,DURAND AREA SCHOOLS,Detroit Salt,Detroit Salt,,2027,early_fill,50.0,67.08,3354.0,,37,deterministic_pdf,0.92,0.92,0.92,auto_accepted,,2026-08-27 20:03:49,https://www.michigan.gov/dtmb/-/media/Project/Websites/dtmb/Procurement/Contracts/MiDEAL/002/260000000712.pdf?rev=8d4ed14d634d466fa9207bb1d92c2458&hash=AAB40CFD3A7E1C61C7C17CA7044DBB4B,/Users/arshnoorkaur/Downloads/road_salt_tracker/data/raw/MI/doc_1.pdf,2026-08-27,MI,260000000712,2026-10-01,2027-09-30
3512,1,MI,Shiawassee,"BYRON, VILLAGE OF",Detroit Salt,Detroit Salt,,2027,early_fill,50.0,67.08,3354.0,,37,deterministic_pdf,0.92,0.92,0.92,auto_accepted,,2026-08-27 20:03:49,https://www.michigan.gov/dtmb/-/media/Project/Websites/dtmb/Procurement/Contracts/MiDEAL/002/260000000712.pdf?rev=8d4ed14d634d466fa9207bb1d92c2458&hash=AAB40CFD3A7E1C61C7C17CA7044DBB4B,/Users/arshnoorkaur/Downloads/road_salt_tracker/data/raw/MI/doc_1.pdf,2026-08-27,MI,260000000712,2026-10-01,2027-09-30
3513,1,MI,Shiawassee,SHIAWASSEE COUNTY ROAD COMMISSION,Detroit Salt,Detroit Salt,,2027,early_fill,2000.0,67.08,134160.0,,37,deterministic_pdf,0.92,0.92,0.92,auto_accepted,,2026-08-27 20:03:49,https://www.michigan.gov/dtmb/-/media/Project/Websites/dtmb/Procurement/Contracts/MiDEAL/002/260000000712.pdf?rev=8d4ed14d634d466fa9207bb1d92c2458&hash=AAB40CFD3A7E1C61C7C17CA7044DBB4B,/Users/arshnoorkaur/Downloads/road_salt_tracker/data/raw/MI/doc_1.pdf,2026-08-27,MI,260000000712,2026-10-01,2027-09-30
3514,1,MI,Shiawassee,SHIAWASSEE COUNTY ROAD COMMISSION,Detroit Salt,Detroit Salt,,2027,early_fill,500.0,67.08,33540.0,,37,deterministic_pdf,0.92,0.92,0.92,auto_accepted,,2026-08-27 20:03:49,https://www.michigan.gov/dtmb/-/media/Project/Websites/dtmb/Procurement/Contracts/MiDEAL/002/260000000712.pdf?rev=8d4ed14d634d466fa9207bb1d92c2458&hash=AAB40CFD3A7E1C61C7C17CA7044DBB4B,/Users/arshnoorkaur/Downloads/road_salt_tracker/data/raw/MI/doc_1.pdf,2026-08-27,MI,260000000712,2026-10-01,2027-09-30
3515,1,MI,Shiawassee,"DURAND, CITY OF",Detroit Salt,Detroit Salt,,2027,early_fill,150.0,67.08,10062.0,,37,deterministic_pdf,0.92,0.92,0.92,auto_accepted,,2026-08-27 20:03:49,https://www.michigan.gov/dtmb/-/media/Project/Websites/dtmb/Procurement/Contracts/MiDEAL/002/260000000712.pdf?rev=8d4ed14d634d466fa9207bb1d92c2458&hash=AAB40CFD3A7E1C61C7C17CA7044DBB4B,/Users/arshnoorkaur/Downloads/road_salt_tracker/data/raw/MI/doc_1.pdf,2026-08-27,MI,260000000712,2026-10-01,2027-09-30
3516,1,MI,Shiawassee,"PERRY, CITY OF",Detroit Salt,Detroit Salt,,2027,early_fill,100.0,67.08,6708.0,,37,deterministic_pdf,0.92,0.92,0.92,auto_accepted,,2026-08-27 20:03:49,https://www.michigan.gov/dtmb/-/media/Project/Websites/dtmb/Procurement/Contracts/MiDEAL/002/260000000712.pdf?rev=8d4ed14d634d466fa9207bb1d92c2458&hash=AAB40CFD3A7E1C61C7C17CA7044DBB4B,/Users/arshnoorkaur/Downloads/road_salt_tracker/data/raw/MI/doc_1.pdf,2026-08-27,MI,260000000712,2026-10-01,2027-09-30
3517,1,MI,Shiawassee,"MORRICE, VILLAGE OF",Detroit Salt,Detroit Salt,,2027,early_fill,100.0,67.08,6708.0,,37,deterministic_pdf,0.92,0.92,0.92,auto_accepted,,2026-08-27 20:03:49,https://www.michigan.gov/dtmb/-/media/Project/Websites/dtmb/Procurement/Contracts/MiDEAL/002/260000000712.pdf?rev=8d4ed14d634d466fa9207bb1d92c2458&hash=AAB40CFD3A7E1C61C7C17CA7044DBB4B,/Users/arshnoorkaur/Downloads/road_salt_tracker/data/raw/MI/doc_1.pdf,2026-08-27,MI,260000000712,2026-10-01,2027-09-30
3518,1,MI,Shiawassee,Shiawassee RESD,Detroit Salt,Detroit Salt,,2027,early_fill,100.0,67.08,6708.0,,37,deterministic_pdf,0.92,0.92,0.92,auto_accepted,,2026-08-27 20:03:49,https://www.michigan.gov/dtmb/-/media/Project/Websites/dtmb/Procurement/Contracts/MiDEAL/002/260000000712.pdf?rev=8d4ed14d634d466fa9207bb1d92c2458&hash=AAB40CFD3A7E1C61C7C17CA7044DBB4B,/Users/arshnoorkaur/Downloads/road_salt_tracker/data/raw/MI/doc_1.pdf,2026-08-27,MI,260000000712,2026-10-01,2027-09-30
3519,1,MI,Shiawassee,City of Laingsburg,Detroit Salt,Detroit Salt,,2027,early_fill,50.0,67.08,3354.0,,37,deterministic_pdf,0.92,0.92,0.92,auto_accepted,,2026-08-27 20:03:49,https://www.michigan.gov/dtmb/-/media/Project/Websites/dtmb/Procurement/Contracts/MiDEAL/002/260000000712.pdf?rev=8d4ed14d634d466fa9207bb1d92c2458&hash=AAB40CFD3A7E1C61C7C17CA7044DBB4B,/Users/arshnoorkaur/Downloads/road_salt_tracker/data/raw/MI/doc_1.pdf,2026-08-27,MI,260000000712,2026-10-01,2027-09-30
3520,1,MI,St. Clair,City of Yale,Detroit Salt,Detroit Salt,,2027,early_fill,50.0,64.09,3204.5,,37,deterministic_pdf,0.92,0.92,0.92,auto_accepted,,2026-08-27 20:03:49,https://www.michigan.gov/dtmb/-/media/Project/Websites/dtmb/Procurement/Contracts/MiDEAL/002/260000000712.pdf?rev=8d4ed14d634d466fa9207bb1d92c2458&hash=AAB40CFD3A7E1C61C7C17CA7044DBB4B,/Users/arshnoorkaur/Downloads/road_salt_tracker/data/raw/MI/doc_1.pdf,2026-08-27,MI,260000000712,2026-10-01,2027-09-30
3521,1,MI,St. Clair,"CAPAC, VILLAGE OF",Detroit Salt,Detroit Salt,,2027,early_fill,200.0,64.09,12818.0,,37,deterministic_pdf,0.92,0.92,0.92,auto_accepted,,2026-08-27 20:03:49,https://www.michigan.gov/dtmb/-/media/Project/Websites/dtmb/Procurement/Contracts/MiDEAL/002/260000000712.pdf?rev=8d4ed14d634d466fa9207bb1d92c2458&hash=AAB40CFD3A7E1C61C7C17CA7044DBB4B,/Users/arshnoorkaur/Downloads/road_salt_tracker/data/raw/MI/doc_1.pdf,2026-08-27,MI,260000000712,2026-10-01,2027-09-30
3522,1,MI,St. Clair,PORT HURON AREA SCHOOL DISTRICT,Detroit Salt,Detroit Salt,,2027,early_fill,50.0,64.09,3204.5,,37,deterministic_pdf,0.92,0.92,0.92,auto_accepted,,2026-08-27 20:03:49,https://www.michigan.gov/dtmb/-/media/Project/Websites/dtmb/Procurement/Contracts/MiDEAL/002/260000000712.pdf?rev=8d4ed14d634d466fa9207bb1d92c2458&hash=AAB40CFD3A7E1C61C7C17CA7044DBB4B,/Users/arshnoorkaur/Downloads/road_salt_tracker/data/raw/MI/doc_1.pdf,2026-08-27,MI,260000000712,2026-10-01,2027-09-30
3523,1,MI,St. Clair,"PORT HURON, CITY OF",Detroit Salt,Detroit Salt,,2027,early_fill,2500.0,64.09,160225.0,,37,deterministic_pdf,0.92,0.92,0.92,auto_accepted,,2026-08-27 20:03:49,https://www.michigan.gov/dtmb/-/media/Project/Websites/dtmb/Procurement/Contracts/MiDEAL/002/260000000712.pdf?rev=8d4ed14d634d466fa9207bb1d92c2458&hash=AAB40CFD3A7E1C61C7C17CA7044DBB4B,/Users/arshnoorkaur/Downloads/road_salt_tracker/data/raw/MI/doc_1.pdf,2026-08-27,MI,260000000712,2026-10-01,2027-09-30
3524,1,MI,St. Clair,MARYSVILLE POLICE DEPT,Detroit Salt,Detroit Salt,,2027,early_fill,500.0,64.09,32045.0,,37,deterministic_pdf,0.92,0.92,0.92,auto_accepted,,2026-08-27 20:03:49,https://www.michigan.gov/dtmb/-/media/Project/Websites/dtmb/Procurement/Contracts/MiDEAL/002/260000000712.pdf?rev=8d4ed14d634d466fa9207bb1d92c2458&hash=AAB40CFD3A7E1C61C7C17CA7044DBB4B,/Users/arshnoorkaur/Downloads/road_salt_tracker/data/raw/MI/doc_1.pdf,2026-08-27,MI,260000000712,2026-10-01,2027-09-30
3525,1,MI,St. Clair,ALGONAC COMMUNITY SCHOOLS,Detroit Salt,Detroit Salt,,2027,early_fill,50.0,64.09,3204.5,,37,deterministic_pdf,0.92,0.92,0.92,auto_accepted,,2026-08-27 20:03:49,https://www.michigan.gov/dtmb/-/media/Project/Websites/dtmb/Procurement/Contracts/MiDEAL/002/260000000712.pdf?rev=8d4ed14d634d466fa9207bb1d92c2458&hash=AAB40CFD3A7E1C61C7C17CA7044DBB4B,/Users/arshnoorkaur/Downloads/road_salt_tracker/data/raw/MI/doc_1.pdf,2026-08-27,MI,260000000712,2026-10-01,2027-09-30
3526,1,MI,St. Clair,MARYSVILLE PUBLIC SCHOOL DISTRICT,Detroit Salt,Detroit Salt,,2027,early_fill,150.0,64.09,9613.5,,37,deterministic_pdf,0.92,0.92,0.92,auto_accepted,,2026-08-27 20:03:49,https://www.michigan.gov/dtmb/-/media/Project/Websites/dtmb/Procurement/Contracts/MiDEAL/002/260000000712.pdf?rev=8d4ed14d634d466fa9207bb1d92c2458&hash=AAB40CFD3A7E1C61C7C17CA7044DBB4B,/Users/arshnoorkaur/Downloads/road_salt_tracker/data/raw/MI/doc_1.pdf,2026-08-27,MI,260000000712,2026-10-01,2027-09-30
3527,1,MI,St. Clair,ST. CLAIR COUNTY ROAD COMMISSION,Detroit Salt,Detroit Salt,,2027,early_fill,1000.0,64.09,64090.0,,37,deterministic_pdf,0.92,0.92,0.92,auto_accepted,,2026-08-27 20:03:49,https://www.michigan.gov/dtmb/-/media/Project/Websites/dtmb/Procurement/Contracts/MiDEAL/002/260000000712.pdf?rev=8d4ed14d634d466fa9207bb1d92c2458&hash=AAB40CFD3A7E1C61C7C17CA7044DBB4B,/Users/arshnoorkaur/Downloads/road_salt_tracker/data/raw/MI/doc_1.pdf,2026-08-27,MI,260000000712,2026-10-01,2027-09-30
3528,1,MI,St. Clair,ST. CLAIR COUNTY ROAD COMMISSION,Detroit Salt,Detroit Salt,,2027,early_fill,650.0,64.09,41658.5,,37,deterministic_pdf,0.92,0.92,0.92,auto_accepted,,2026-08-27 20:03:49,https://www.michigan.gov/dtmb/-/media/Project/Websites/dtmb/Procurement/Contracts/MiDEAL/002/260000000712.pdf?rev=8d4ed14d634d466fa9207bb1d92c2458&hash=AAB40CFD3A7E1C61C7C17CA7044DBB4B,/Users/arshnoorkaur/Downloads/road_salt_tracker/data/raw/MI/doc_1.pdf,2026-08-27,MI,260000000712,2026-10-01,2027-09-30
3529,1,MI,St. Clair,PORT HURON HOUSING COMMISSION,Detroit Salt,Detroit Salt,,2027,early_fill,50.0,64.09,3204.5,,37,deterministic_pdf,0.92,0.92,0.92,auto_accepted,,2026-08-27 20:03:49,https://www.michigan.gov/dtmb/-/media/Project/Websites/dtmb/Procurement/Contracts/MiDEAL/002/260000000712.pdf?rev=8d4ed14d634d466fa9207bb1d92c2458&hash=AAB40CFD3A7E1C61C7C17CA7044DBB4B,/Users/arshnoorkaur/Downloads/road_salt_tracker/data/raw/MI/doc_1.pdf,2026-08-27,MI,260000000712,2026-10-01,2027-09-30
3530,1,MI,St. Clair,"ST. CLAIR, CITY OF",Detroit Salt,Detroit Salt,,2027,early_fill,600.0,64.09,38454.0,,37,deterministic_pdf,0.92,0.92,0.92,auto_accepted,,2026-08-27 20:03:49,https://www.michigan.gov/dtmb/-/media/Project/Websites/dtmb/Procurement/Contracts/MiDEAL/002/260000000712.pdf?rev=8d4ed14d634d466fa9207bb1d92c2458&hash=AAB40CFD3A7E1C61C7C17CA7044DBB4B,/Users/arshnoorkaur/Downloads/road_salt_tracker/data/raw/MI/doc_1.pdf,2026-08-27,MI,260000000712,2026-10-01,2027-09-30
3531,1,MI,St. Clair,"ALGONAC, CITY OF",Detroit Salt,Detroit Salt,,2027,early_fill,50.0,64.09,3204.5,,37,deterministic_pdf,0.92,0.92,0.92,auto_accepted,,2026-08-27 20:03:49,https://www.michigan.gov/dtmb/-/media/Project/Websites/dtmb/Procurement/Contracts/MiDEAL/002/260000000712.pdf?rev=8d4ed14d634d466fa9207bb1d92c2458&hash=AAB40CFD3A7E1C61C7C17CA7044DBB4B,/Users/arshnoorkaur/Downloads/road_salt_tracker/data/raw/MI/doc_1.pdf,2026-08-27,MI,260000000712,2026-10-01,2027-09-30
3532,1,MI,Tuscola,TUSCOLA COUNTY ROAD COMMISSION,Detroit Salt,Detroit Salt,,2027,early_fill,350.0,60.48,21168.0,,37,deterministic_pdf,0.92,0.92,0.92,auto_accepted,,2026-08-27 20:03:49,https://www.michigan.gov/dtmb/-/media/Project/Websites/dtmb/Procurement/Contracts/MiDEAL/002/260000000712.pdf?rev=8d4ed14d634d466fa9207bb1d92c2458&hash=AAB40CFD3A7E1C61C7C17CA7044DBB4B,/Users/arshnoorkaur/Downloads/road_salt_tracker/data/raw/MI/doc_1.pdf,2026-08-27,MI,260000000712,2026-10-01,2027-09-30
3533,1,MI,Tuscola,TUSCOLA COUNTY ROAD COMMISSION,Detroit Salt,Detroit Salt,,2027,early_fill,300.0,60.48,18144.0,,37,deterministic_pdf,0.92,0.92,0.92,auto_accepted,,2026-08-27 20:03:49,https://www.michigan.gov/dtmb/-/media/Project/Websites/dtmb/Procurement/Contracts/MiDEAL/002/260000000712.pdf?rev=8d4ed14d634d466fa9207bb1d92c2458&hash=AAB40CFD3A7E1C61C7C17CA7044DBB4B,/Users/arshnoorkaur/Downloads/road_salt_tracker/data/raw/MI/doc_1.pdf,2026-08-27,MI,260000000712,2026-10-01,2027-09-30
3534,1,MI,Tuscola,TUSCOLA COUNTY ROAD COMMISSION,Detroit Salt,Detroit Salt,,2027,early_fill,400.0,60.48,24192.0,,37,deterministic_pdf,0.92,0.92,0.92,auto_accepted,,2026-08-27 20:03:49,https://www.michigan.gov/dtmb/-/media/Project/Websites/dtmb/Procurement/Contracts/MiDEAL/002/260000000712.pdf?rev=8d4ed14d634d466fa9207bb1d92c2458&hash=AAB40CFD3A7E1C61C7C17CA7044DBB4B,/Users/arshnoorkaur/Downloads/road_salt_tracker/data/raw/MI/doc_1.pdf,2026-08-27,MI,260000000712,2026-10-01,2027-09-30
3535,1,MI,Tuscola,MILLINGTON VILLAGE OF,Detroit Salt,Detroit Salt,,2027,early_fill,100.0,60.48,6048.0,,37,deterministic_pdf,0.92,0.92,0.92,auto_accepted,,2026-08-27 20:03:49,https://www.michigan.gov/dtmb/-/media/Project/Websites/dtmb/Procurement/Contracts/MiDEAL/002/260000000712.pdf?rev=8d4ed14d634d466fa9207bb1d92c2458&hash=AAB40CFD3A7E1C61C7C17CA7044DBB4B,/Users/arshnoorkaur/Downloads/road_salt_tracker/data/raw/MI/doc_1.pdf,2026-08-27,MI,260000000712,2026-10-01,2027-09-30
3536,1,MI,Tuscola,"VASSAR, CITY OF",Detroit Salt,Detroit Salt,,2027,early_fill,150.0,60.48,9072.0,,37,deterministic_pdf,0.92,0.92,0.92,auto_accepted,,2026-08-27 20:03:49,https://www.michigan.gov/dtmb/-/media/Project/Websites/dtmb/Procurement/Contracts/MiDEAL/002/260000000712.pdf?rev=8d4ed14d634d466fa9207bb1d92c2458&hash=AAB40CFD3A7E1C61C7C17CA7044DBB4B,/Users/arshnoorkaur/Downloads/road_salt_tracker/data/raw/MI/doc_1.pdf,2026-08-27,MI,260000000712,2026-10-01,2027-09-30
3537,1,MI,Tuscola,"CARO, VILLAGE OF",Detroit Salt,Detroit Salt,,2027,early_fill,400.0,60.48,24192.0,,37,deterministic_pdf,0.92,0.92,0.92,auto_accepted,,2026-08-27 20:03:49,https://www.michigan.gov/dtmb/-/media/Project/Websites/dtmb/Procurement/Contracts/MiDEAL/002/260000000712.pdf?rev=8d4ed14d634d466fa9207bb1d92c2458&hash=AAB40CFD3A7E1C61C7C17CA7044DBB4B,/Users/arshnoorkaur/Downloads/road_salt_tracker/data/raw/MI/doc_1.pdf,2026-08-27,MI,260000000712,2026-10-01,2027-09-30
3538,1,MI,Tuscola,KINGSTON VILLAGE OF,Detroit Salt,Detroit Salt,,2027,early_fill,100.0,60.48,6048.0,,37,deterministic_pdf,0.92,0.92,0.92,auto_accepted,,2026-08-27 20:03:49,https://www.michigan.gov/dtmb/-/media/Project/Websites/dtmb/Procurement/Contracts/MiDEAL/002/260000000712.pdf?rev=8d4ed14d634d466fa9207bb1d92c2458&hash=AAB40CFD3A7E1C61C7C17CA7044DBB4B,/Users/arshnoorkaur/Downloads/road_salt_tracker/data/raw/MI/doc_1.pdf,2026-08-27,MI,260000000712,2026-10-01,2027-09-30
3539,1,MI,Tuscola,GAGETOWN VILLAGE OF,Detroit Salt,Detroit Salt,,2027,early_fill,50.0,60.48,3024.0,,37,deterministic_pdf,0.92,0.92,0.92,auto_accepted,,2026-08-27 20:03:49,https://www.michigan.gov/dtmb/-/media/Project/Websites/dtmb/Procurement/Contracts/MiDEAL/002/260000000712.pdf?rev=8d4ed14d634d466fa9207bb1d92c2458&hash=AAB40CFD3A7E1C61C7C17CA7044DBB4B,/Users/arshnoorkaur/Downloads/road_salt_tracker/data/raw/MI/doc_1.pdf,2026-08-27,MI,260000000712,2026-10-01,2027-09-30
3540,1,MI,Tuscola,REESE VILLAGE OF,Detroit Salt,Detroit Salt,,2027,early_fill,100.0,60.48,6048.0,,37,deterministic_pdf,0.92,0.92,0.92,auto_accepted,,2026-08-27 20:03:49,https://www.michigan.gov/dtmb/-/media/Project/Websites/dtmb/Procurement/Contracts/MiDEAL/002/260000000712.pdf?rev=8d4ed14d634d466fa9207bb1d92c2458&hash=AAB40CFD3A7E1C61C7C17CA7044DBB4B,/Users/arshnoorkaur/Downloads/road_salt_tracker/data/raw/MI/doc_1.pdf,2026-08-27,MI,260000000712,2026-10-01,2027-09-30
3541,1,MI,Tuscola,CARO COMMUNITY SCHOOLS,Detroit Salt,Detroit Salt,,2027,early_fill,50.0,60.48,3024.0,,37,deterministic_pdf,0.92,0.92,0.92,auto_accepted,,2026-08-27 20:03:49,https://www.michigan.gov/dtmb/-/media/Project/Websites/dtmb/Procurement/Contracts/MiDEAL/002/260000000712.pdf?rev=8d4ed14d634d466fa9207bb1d92c2458&hash=AAB40CFD3A7E1C61C7C17CA7044DBB4B,/Users/arshnoorkaur/Downloads/road_salt_tracker/data/raw/MI/doc_1.pdf,2026-08-27,MI,260000000712,2026-10-01,2027-09-30
3542,1,MI,Berrien,"BUCHANAN, CITY OF",Detroit Salt,Detroit Salt,,2027,early_fill,300.0,76.2,22860.0,,37,deterministic_pdf,0.92,0.92,0.92,auto_accepted,,2026-08-27 20:03:49,https://www.michigan.gov/dtmb/-/media/Project/Websites/dtmb/Procurement/Contracts/MiDEAL/002/260000000712.pdf?rev=8d4ed14d634d466fa9207bb1d92c2458&hash=AAB40CFD3A7E1C61C7C17CA7044DBB4B,/Users/arshnoorkaur/Downloads/road_salt_tracker/data/raw/MI/doc_1.pdf,2026-08-27,MI,260000000712,2026-10-01,2027-09-30
3543,1,MI,Berrien,"NEW BUFFALO, CITY OF",Detroit Salt,Detroit Salt,,2027,early_fill,100.0,76.2,7620.0,,37,deterministic_pdf,0.92,0.92,0.92,auto_accepted,,2026-08-27 20:03:49,https://www.michigan.gov/dtmb/-/media/Project/Websites/dtmb/Procurement/Contracts/MiDEAL/002/260000000712.pdf?rev=8d4ed14d634d466fa9207bb1d92c2458&hash=AAB40CFD3A7E1C61C7C17CA7044DBB4B,/Users/arshnoorkaur/Downloads/road_salt_tracker/data/raw/MI/doc_1.pdf,2026-08-27,MI,260000000712,2026-10-01,2027-09-30
3544,1,MI,Berrien,"COLOMA, CITY OF",Detroit Salt,Detroit Salt,,2027,early_fill,200.0,76.2,15240.0,,37,deterministic_pdf,0.92,0.92,0.92,auto_accepted,,2026-08-27 20:03:49,https://www.michigan.gov/dtmb/-/media/Project/Websites/dtmb/Procurement/Contracts/MiDEAL/002/260000000712.pdf?rev=8d4ed14d634d466fa9207bb1d92c2458&hash=AAB40CFD3A7E1C61C7C17CA7044DBB4B,/Users/arshnoorkaur/Downloads/road_salt_tracker/data/raw/MI/doc_1.pdf,2026-08-27,MI,260000000712,2026-10-01,2027-09-30
3545,1,MI,Berrien,"BENTON HARBOR, CITY OF",Detroit Salt,Detroit Salt,,2027,early_fill,150.0,76.2,11430.0,,38,deterministic_pdf,0.92,0.92,0.92,auto_accepted,,2026-08-27 20:03:49,https://www.michigan.gov/dtmb/-/media/Project/Websites/dtmb/Procurement/Contracts/MiDEAL/002/260000000712.pdf?rev=8d4ed14d634d466fa9207bb1d92c2458&hash=AAB40CFD3A7E1C61C7C17CA7044DBB4B,/Users/arshnoorkaur/Downloads/road_salt_tracker/data/raw/MI/doc_1.pdf,2026-08-27,MI,260000000712,2026-10-01,2027-09-30
3546,1,MI,Berrien,"BERRIEN SPRINGS, VILLAGE OF",Detroit Salt,Detroit Salt,,2027,early_fill,50.0,76.2,3810.0,,38,deterministic_pdf,0.92,0.92,0.92,auto_accepted,,2026-08-27 20:03:49,https://www.michigan.gov/dtmb/-/media/Project/Websites/dtmb/Procurement/Contracts/MiDEAL/002/260000000712.pdf?rev=8d4ed14d634d466fa9207bb1d92c2458&hash=AAB40CFD3A7E1C61C7C17CA7044DBB4B,/Users/arshnoorkaur/Downloads/road_salt_tracker/data/raw/MI/doc_1.pdf,2026-08-27,MI,260000000712,2026-10-01,2027-09-30
3547,1,MI,Berrien,"BERRIEN SPRINGS, VILLAGE OF",Detroit Salt,Detroit Salt,,2027,early_fill,100.0,76.2,7620.0,,38,deterministic_pdf,0.92,0.92,0.92,auto_accepted,,2026-08-27 20:03:49,https://www.michigan.gov/dtmb/-/media/Project/Websites/dtmb/Procurement/Contracts/MiDEAL/002/260000000712.pdf?rev=8d4ed14d634d466fa9207bb1d92c2458&hash=AAB40CFD3A7E1C61C7C17CA7044DBB4B,/Users/arshnoorkaur/Downloads/road_salt_tracker/data/raw/MI/doc_1.pdf,2026-08-27,MI,260000000712,2026-10-01,2027-09-30
3548,1,MI,Berrien,"THREE OAKS, VILLAGE OF",Detroit Salt,Detroit Salt,,2027,early_fill,50.0,76.2,3810.0,,38,deterministic_pdf,0.92,0.92,0.92,auto_accepted,,2026-08-27 20:03:49,https://www.michigan.gov/dtmb/-/media/Project/Websites/dtmb/Procurement/Contracts/MiDEAL/002/260000000712.pdf?rev=8d4ed14d634d466fa9207bb1d92c2458&hash=AAB40CFD3A7E1C61C7C17CA7044DBB4B,/Users/arshnoorkaur/Downloads/road_salt_tracker/data/raw/MI/doc_1.pdf,2026-08-27,MI,260000000712,2026-10-01,2027-09-30
3549,1,MI,Berrien,"WATERVLIET, CITY OF",Detroit Salt,Detroit Salt,,2027,early_fill,100.0,76.2,7620.0,,38,deterministic_pdf,0.92,0.92,0.92,auto_accepted,,2026-08-27 20:03:49,https://www.michigan.gov/dtmb/-/media/Project/Websites/dtmb/Procurement/Contracts/MiDEAL/002/260000000712.pdf?rev=8d4ed14d634d466fa9207bb1d92c2458&hash=AAB40CFD3A7E1C61C7C17CA7044DBB4B,/Users/arshnoorkaur/Downloads/road_salt_tracker/data/raw/MI/doc_1.pdf,2026-08-27,MI,260000000712,2026-10-01,2027-09-30
3550,1,MI,Berrien,"ST. JOSEPH, CITY OF",Detroit Salt,Detroit Salt,,2027,early_fill,800.0,76.2,60960.0,,38,deterministic_pdf,0.92,0.92,0.92,auto_accepted,,2026-08-27 20:03:49,https://www.michigan.gov/dtmb/-/media/Project/Websites/dtmb/Procurement/Contracts/MiDEAL/002/260000000712.pdf?rev=8d4ed14d634d466fa9207bb1d92c2458&hash=AAB40CFD3A7E1C61C7C17CA7044DBB4B,/Users/arshnoorkaur/Downloads/road_salt_tracker/data/raw/MI/doc_1.pdf,2026-08-27,MI,260000000712,2026-10-01,2027-09-30
3551,1,MI,Berrien,BRIDGMAN CITY OF,Detroit Salt,Detroit Salt,,2027,early_fill,300.0,76.2,22860.0,,38,deterministic_pdf,0.92,0.92,0.92,auto_accepted,,2026-08-27 20:03:49,https://www.michigan.gov/dtmb/-/media/Project/Websites/dtmb/Procurement/Contracts/MiDEAL/002/260000000712.pdf?rev=8d4ed14d634d466fa9207bb1d92c2458&hash=AAB40CFD3A7E1C61C7C17CA7044DBB4B,/Users/arshnoorkaur/Downloads/road_salt_tracker/data/raw/MI/doc_1.pdf,2026-08-27,MI,260000000712,2026-10-01,2027-09-30
3552,1,MI,Berrien,BERRIEN COUNTY,Detroit Salt,Detroit Salt,,2027,early_fill,300.0,76.2,22860.0,,38,deterministic_pdf,0.92,0.92,0.92,auto_accepted,,2026-08-27 20:03:49,https://www.michigan.gov/dtmb/-/media/Project/Websites/dtmb/Procurement/Contracts/MiDEAL/002/260000000712.pdf?rev=8d4ed14d634d466fa9207bb1d92c2458&hash=AAB40CFD3A7E1C61C7C17CA7044DBB4B,/Users/arshnoorkaur/Downloads/road_salt_tracker/data/raw/MI/doc_1.pdf,2026-08-27,MI,260000000712,2026-10-01,2027-09-30
3553,1,MI,Branch,"BRONSON, CITY OF",Detroit Salt,Detroit Salt,,2027,early_fill,100.0,74.38,7438.0,,38,deterministic_pdf,0.92,0.92,0.92,auto_accepted,,2026-08-27 20:03:49,https://www.michigan.gov/dtmb/-/media/Project/Websites/dtmb/Procurement/Contracts/MiDEAL/002/260000000712.pdf?rev=8d4ed14d634d466fa9207bb1d92c2458&hash=AAB40CFD3A7E1C61C7C17CA7044DBB4B,/Users/arshnoorkaur/Downloads/road_salt_tracker/data/raw/MI/doc_1.pdf,2026-08-27,MI,260000000712,2026-10-01,2027-09-30
3554,1,MI,Branch,BRANCH COUNTY ROAD COMMISSION,Detroit Salt,Detroit Salt,,2027,early_fill,4800.0,74.38,357024.0,,38,deterministic_pdf,0.92,0.92,0.92,auto_accepted,,2026-08-27 20:03:49,https://www.michigan.gov/dtmb/-/media/Project/Websites/dtmb/Procurement/Contracts/MiDEAL/002/260000000712.pdf?rev=8d4ed14d634d466fa9207bb1d92c2458&hash=AAB40CFD3A7E1C61C7C17CA7044DBB4B,/Users/arshnoorkaur/Downloads/road_salt_tracker/data/raw/MI/doc_1.pdf,2026-08-27,MI,260000000712,2026-10-01,2027-09-30
3555,1,MI,Branch,"QUINCY, VILLAGE OF",Detroit Salt,Detroit Salt,,2027,early_fill,100.0,74.38,7438.0,,38,deterministic_pdf,0.92,0.92,0.92,auto_accepted,,2026-08-27 20:03:49,https://www.michigan.gov/dtmb/-/media/Project/Websites/dtmb/Procurement/Contracts/MiDEAL/002/260000000712.pdf?rev=8d4ed14d634d466fa9207bb1d92c2458&hash=AAB40CFD3A7E1C61C7C17CA7044DBB4B,/Users/arshnoorkaur/Downloads/road_salt_tracker/data/raw/MI/doc_1.pdf,2026-08-27,MI,260000000712,2026-10-01,2027-09-30
3556,1,MI,Calhoun,"MARSHALL, CITY OF",Detroit Salt,Detroit Salt,,2027,early_fill,500.0,75.75,37875.0,,38,deterministic_pdf,0.92,0.92,0.92,auto_accepted,,2026-08-27 20:03:49,https://www.michigan.gov/dtmb/-/media/Project/Websites/dtmb/Procurement/Contracts/MiDEAL/002/260000000712.pdf?rev=8d4ed14d634d466fa9207bb1d92c2458&hash=AAB40CFD3A7E1C61C7C17CA7044DBB4B,/Users/arshnoorkaur/Downloads/road_salt_tracker/data/raw/MI/doc_1.pdf,2026-08-27,MI,260000000712,2026-10-01,2027-09-30
3557,1,MI,Calhoun,Kellogg Community College,Detroit Salt,Detroit Salt,,2027,early_fill,100.0,75.75,7575.0,,38,deterministic_pdf,0.92,0.92,0.92,auto_accepted,,2026-08-27 20:03:49,https://www.michigan.gov/dtmb/-/media/Project/Websites/dtmb/Procurement/Contracts/MiDEAL/002/260000000712.pdf?rev=8d4ed14d634d466fa9207bb1d92c2458&hash=AAB40CFD3A7E1C61C7C17CA7044DBB4B,/Users/arshnoorkaur/Downloads/road_salt_tracker/data/raw/MI/doc_1.pdf,2026-08-27,MI,260000000712,2026-10-01,2027-09-30
3558,1,MI,Calhoun,ALBION CITY OF,Detroit Salt,Detroit Salt,,2027,early_fill,200.0,75.75,15150.0,,38,deterministic_pdf,0.92,0.92,0.92,auto_accepted,,2026-08-27 20:03:49,https://www.michigan.gov/dtmb/-/media/Project/Websites/dtmb/Procurement/Contracts/MiDEAL/002/260000000712.pdf?rev=8d4ed14d634d466fa9207bb1d92c2458&hash=AAB40CFD3A7E1C61C7C17CA7044DBB4B,/Users/arshnoorkaur/Downloads/road_salt_tracker/data/raw/MI/doc_1.pdf,2026-08-27,MI,260000000712,2026-10-01,2027-09-30
3559,1,MI,Cass,CASS COUNTY ROAD COMMISSION,Detroit Salt,Detroit Salt,,2027,early_fill,600.0,81.05,48630.0,,38,deterministic_pdf,0.92,0.92,0.92,auto_accepted,,2026-08-27 20:03:49,https://www.michigan.gov/dtmb/-/media/Project/Websites/dtmb/Procurement/Contracts/MiDEAL/002/260000000712.pdf?rev=8d4ed14d634d466fa9207bb1d92c2458&hash=AAB40CFD3A7E1C61C7C17CA7044DBB4B,/Users/arshnoorkaur/Downloads/road_salt_tracker/data/raw/MI/doc_1.pdf,2026-08-27,MI,260000000712,2026-10-01,2027-09-30
3560,1,MI,Cass,"DOWAGIAC, CITY OF",Detroit Salt,Detroit Salt,,2027,early_fill,600.0,81.05,48630.0,,38,deterministic_pdf,0.92,0.92,0.92,auto_accepted,,2026-08-27 20:03:49,https://www.michigan.gov/dtmb/-/media/Project/Websites/dtmb/Procurement/Contracts/MiDEAL/002/260000000712.pdf?rev=8d4ed14d634d466fa9207bb1d92c2458&hash=AAB40CFD3A7E1C61C7C17CA7044DBB4B,/Users/arshnoorkaur/Downloads/road_salt_tracker/data/raw/MI/doc_1.pdf,2026-08-27,MI,260000000712,2026-10-01,2027-09-30
3561,1,MI,Cass,"MARCELLUS, VILLAGE OF",Detroit Salt,Detroit Salt,,2027,early_fill,50.0,81.05,4052.5,,38,deterministic_pdf,0.92,0.92,0.92,auto_accepted,,2026-08-27 20:03:49,https://www.michigan.gov/dtmb/-/media/Project/Websites/dtmb/Procurement/Contracts/MiDEAL/002/260000000712.pdf?rev=8d4ed14d634d466fa9207bb1d92c2458&hash=AAB40CFD3A7E1C61C7C17CA7044DBB4B,/Users/arshnoorkaur/Downloads/road_salt_tracker/data/raw/MI/doc_1.pdf,2026-08-27,MI,260000000712,2026-10-01,2027-09-30
3562,1,MI,Kalamazoo,"VICKSBURG, VILLAGE OF",Detroit Salt,Detroit Salt,,2027,early_fill,50.0,73.68,3684.0,,38,deterministic_pdf,0.92,0.92,0.92,auto_accepted,,2026-08-27 20:03:49,https://www.michigan.gov/dtmb/-/media/Project/Websites/dtmb/Procurement/Contracts/MiDEAL/002/260000000712.pdf?rev=8d4ed14d634d466fa9207bb1d92c2458&hash=AAB40CFD3A7E1C61C7C17CA7044DBB4B,/Users/arshnoorkaur/Downloads/road_salt_tracker/data/raw/MI/doc_1.pdf,2026-08-27,MI,260000000712,2026-10-01,2027-09-30
3563,1,MI,Kalamazoo,"PORTAGE, CITY OF",Detroit Salt,Detroit Salt,,2027,early_fill,2500.0,73.68,184200.0,,38,deterministic_pdf,0.92,0.92,0.92,auto_accepted,,2026-08-27 20:03:49,https://www.michigan.gov/dtmb/-/media/Project/Websites/dtmb/Procurement/Contracts/MiDEAL/002/260000000712.pdf?rev=8d4ed14d634d466fa9207bb1d92c2458&hash=AAB40CFD3A7E1C61C7C17CA7044DBB4B,/Users/arshnoorkaur/Downloads/road_salt_tracker/data/raw/MI/doc_1.pdf,2026-08-27,MI,260000000712,2026-10-01,2027-09-30
3564,1,MI,Kalamazoo,WESTERN MICHIGAN UNIVERSITY,Detroit Salt,Detroit Salt,,2027,early_fill,1800.0,73.68,132624.0,,38,deterministic_pdf,0.92,0.92,0.92,auto_accepted,,2026-08-27 20:03:49,https://www.michigan.gov/dtmb/-/media/Project/Websites/dtmb/Procurement/Contracts/MiDEAL/002/260000000712.pdf?rev=8d4ed14d634d466fa9207bb1d92c2458&hash=AAB40CFD3A7E1C61C7C17CA7044DBB4B,/Users/arshnoorkaur/Downloads/road_salt_tracker/data/raw/MI/doc_1.pdf,2026-08-27,MI,260000000712,2026-10-01,2027-09-30
3565,1,MI,Kalamazoo,"KALAMAZOO, CITY OF",Detroit Salt,Detroit Salt,,2027,early_fill,7800.0,73.68,574704.0,,38,deterministic_pdf,0.92,0.92,0.92,auto_accepted,,2026-08-27 20:03:49,https://www.michigan.gov/dtmb/-/media/Project/Websites/dtmb/Procurement/Contracts/MiDEAL/002/260000000712.pdf?rev=8d4ed14d634d466fa9207bb1d92c2458&hash=AAB40CFD3A7E1C61C7C17CA7044DBB4B,/Users/arshnoorkaur/Downloads/road_salt_tracker/data/raw/MI/doc_1.pdf,2026-08-27,MI,260000000712,2026-10-01,2027-09-30
3566,1,MI,Kalamazoo,"Galesburg, City of",Detroit Salt,Detroit Salt,,2027,early_fill,100.0,73.68,7368.0,,38,deterministic_pdf,0.92,0.92,0.92,auto_accepted,,2026-08-27 20:03:49,https://www.michigan.gov/dtmb/-/media/Project/Websites/dtmb/Procurement/Contracts/MiDEAL/002/260000000712.pdf?rev=8d4ed14d634d466fa9207bb1d92c2458&hash=AAB40CFD3A7E1C61C7C17CA7044DBB4B,/Users/arshnoorkaur/Downloads/road_salt_tracker/data/raw/MI/doc_1.pdf,2026-08-27,MI,260000000712,2026-10-01,2027-09-30
3567,1,MI,Kalamazoo,KALAMAZOO VALLEY COMMUNITY COLLEGE,Detroit Salt,Detroit Salt,,2027,early_fill,50.0,73.68,3684.0,,38,deterministic_pdf,0.92,0.92,0.92,auto_accepted,,2026-08-27 20:03:49,https://www.michigan.gov/dtmb/-/media/Project/Websites/dtmb/Procurement/Contracts/MiDEAL/002/260000000712.pdf?rev=8d4ed14d634d466fa9207bb1d92c2458&hash=AAB40CFD3A7E1C61C7C17CA7044DBB4B,/Users/arshnoorkaur/Downloads/road_salt_tracker/data/raw/MI/doc_1.pdf,2026-08-27,MI,260000000712,2026-10-01,2027-09-30
3568,1,MI,Kalamazoo,"SCHOOLCRAFT, VILLAGE OF",Detroit Salt,Detroit Salt,,2027,early_fill,50.0,73.68,3684.0,,38,deterministic_pdf,0.92,0.92,0.92,auto_accepted,,2026-08-27 20:03:49,https://www.michigan.gov/dtmb/-/media/Project/Websites/dtmb/Procurement/Contracts/MiDEAL/002/260000000712.pdf?rev=8d4ed14d634d466fa9207bb1d92c2458&hash=AAB40CFD3A7E1C61C7C17CA7044DBB4B,/Users/arshnoorkaur/Downloads/road_salt_tracker/data/raw/MI/doc_1.pdf,2026-08-27,MI,260000000712,2026-10-01,2027-09-30
3569,1,MI,St. Joseph,ST. JOSEPH COUNTY ROAD COMMISSION,Detroit Salt,Detroit Salt,,2027,early_fill,2500.0,76.31,190775.0,,38,deterministic_pdf,0.92,0.92,0.92,auto_accepted,,2026-08-27 20:03:49,https://www.michigan.gov/dtmb/-/media/Project/Websites/dtmb/Procurement/Contracts/MiDEAL/002/260000000712.pdf?rev=8d4ed14d634d466fa9207bb1d92c2458&hash=AAB40CFD3A7E1C61C7C17CA7044DBB4B,/Users/arshnoorkaur/Downloads/road_salt_tracker/data/raw/MI/doc_1.pdf,2026-08-27,MI,260000000712,2026-10-01,2027-09-30
3570,1,MI,St. Joseph,ST. JOSEPH COUNTY ROAD COMMISSION,Detroit Salt,Detroit Salt,,2027,early_fill,50.0,76.31,3815.5,,38,deterministic_pdf,0.92,0.92,0.92,auto_accepted,,2026-08-27 20:03:49,https://www.michigan.gov/dtmb/-/media/Project/Websites/dtmb/Procurement/Contracts/MiDEAL/002/260000000712.pdf?rev=8d4ed14d634d466fa9207bb1d92c2458&hash=AAB40CFD3A7E1C61C7C17CA7044DBB4B,/Users/arshnoorkaur/Downloads/road_salt_tracker/data/raw/MI/doc_1.pdf,2026-08-27,MI,260000000712,2026-10-01,2027-09-30
3571,1,MI,St. Joseph,"THREE RIVERS, CITY OF",Detroit Salt,Detroit Salt,,2027,early_fill,200.0,76.31,15262.0,,38,deterministic_pdf,0.92,0.92,0.92,auto_accepted,,2026-08-27 20:03:49,https://www.michigan.gov/dtmb/-/media/Project/Websites/dtmb/Procurement/Contracts/MiDEAL/002/260000000712.pdf?rev=8d4ed14d634d466fa9207bb1d92c2458&hash=AAB40CFD3A7E1C61C7C17CA7044DBB4B,/Users/arshnoorkaur/Downloads/road_salt_tracker/data/raw/MI/doc_1.pdf,2026-08-27,MI,260000000712,2026-10-01,2027-09-30
3572,1,MI,VanBuren,VAN BUREN COUNTY ROAD COMMISSION,Detroit Salt,Detroit Salt,,2027,early_fill,1000.0,73.72,73720.0,,38,deterministic_pdf,0.92,0.92,0.92,auto_accepted,,2026-08-27 20:03:49,https://www.michigan.gov/dtmb/-/media/Project/Websites/dtmb/Procurement/Contracts/MiDEAL/002/260000000712.pdf?rev=8d4ed14d634d466fa9207bb1d92c2458&hash=AAB40CFD3A7E1C61C7C17CA7044DBB4B,/Users/arshnoorkaur/Downloads/road_salt_tracker/data/raw/MI/doc_1.pdf,2026-08-27,MI,260000000712,2026-10-01,2027-09-30
3573,1,MI,VanBuren,"MATTAWAN, VILLAGE OF",Detroit Salt,Detroit Salt,,2027,early_fill,150.0,73.72,11058.0,,38,deterministic_pdf,0.92,0.92,0.92,auto_accepted,,2026-08-27 20:03:49,https://www.michigan.gov/dtmb/-/media/Project/Websites/dtmb/Procurement/Contracts/MiDEAL/002/260000000712.pdf?rev=8d4ed14d634d466fa9207bb1d92c2458&hash=AAB40CFD3A7E1C61C7C17CA7044DBB4B,/Users/arshnoorkaur/Downloads/road_salt_tracker/data/raw/MI/doc_1.pdf,2026-08-27,MI,260000000712,2026-10-01,2027-09-30
3574,1,MI,VanBuren,"DECATUR, VILLAGE OF",Detroit Salt,Detroit Salt,,2027,early_fill,100.0,73.72,7372.0,,38,deterministic_pdf,0.92,0.92,0.92,auto_accepted,,2026-08-27 20:03:49,https://www.michigan.gov/dtmb/-/media/Project/Websites/dtmb/Procurement/Contracts/MiDEAL/002/260000000712.pdf?rev=8d4ed14d634d466fa9207bb1d92c2458&hash=AAB40CFD3A7E1C61C7C17CA7044DBB4B,/Users/arshnoorkaur/Downloads/road_salt_tracker/data/raw/MI/doc_1.pdf,2026-08-27,MI,260000000712,2026-10-01,2027-09-30
3575,1,MI,VanBuren,"HARTFORD, CITY OF",Detroit Salt,Detroit Salt,,2027,early_fill,50.0,73.72,3686.0,,38,deterministic_pdf,0.92,0.92,0.92,auto_accepted,,2026-08-27 20:03:49,https://www.michigan.gov/dtmb/-/media/Project/Websites/dtmb/Procurement/Contracts/MiDEAL/002/260000000712.pdf?rev=8d4ed14d634d466fa9207bb1d92c2458&hash=AAB40CFD3A7E1C61C7C17CA7044DBB4B,/Users/arshnoorkaur/Downloads/road_salt_tracker/data/raw/MI/doc_1.pdf,2026-08-27,MI,260000000712,2026-10-01,2027-09-30
3576,1,MI,VanBuren,"SOUTH HAVEN, CITY OF",Detroit Salt,Detroit Salt,,2027,early_fill,700.0,73.72,51604.0,,38,deterministic_pdf,0.92,0.92,0.92,auto_accepted,,2026-08-27 20:03:49,https://www.michigan.gov/dtmb/-/media/Project/Websites/dtmb/Procurement/Contracts/MiDEAL/002/260000000712.pdf?rev=8d4ed14d634d466fa9207bb1d92c2458&hash=AAB40CFD3A7E1C61C7C17CA7044DBB4B,/Users/arshnoorkaur/Downloads/road_salt_tracker/data/raw/MI/doc_1.pdf,2026-08-27,MI,260000000712,2026-10-01,2027-09-30
3577,1,MI,VanBuren,"PAW PAW, VILLAGE OF",Detroit Salt,Detroit Salt,,2027,early_fill,100.0,73.72,7372.0,,38,deterministic_pdf,0.92,0.92,0.92,auto_accepted,,2026-08-27 20:03:49,https://www.michigan.gov/dtmb/-/media/Project/Websites/dtmb/Procurement/Contracts/MiDEAL/002/260000000712.pdf?rev=8d4ed14d634d466fa9207bb1d92c2458&hash=AAB40CFD3A7E1C61C7C17CA7044DBB4B,/Users/arshnoorkaur/Downloads/road_salt_tracker/data/raw/MI/doc_1.pdf,2026-08-27,MI,260000000712,2026-10-01,2027-09-30
3578,1,MI,VanBuren,"LAWRENCE, VILLAGE OF",Detroit Salt,Detroit Salt,,2027,early_fill,50.0,73.72,3686.0,,38,deterministic_pdf,0.92,0.92,0.92,auto_accepted,,2026-08-27 20:03:49,https://www.michigan.gov/dtmb/-/media/Project/Websites/dtmb/Procurement/Contracts/MiDEAL/002/260000000712.pdf?rev=8d4ed14d634d466fa9207bb1d92c2458&hash=AAB40CFD3A7E1C61C7C17CA7044DBB4B,/Users/arshnoorkaur/Downloads/road_salt_tracker/data/raw/MI/doc_1.pdf,2026-08-27,MI,260000000712,2026-10-01,2027-09-30
3579,1,MI,VanBuren,LAWTON VILLAGE OF,Detroit Salt,Detroit Salt,,2027,early_fill,100.0,73.72,7372.0,,38,deterministic_pdf,0.92,0.92,0.92,auto_accepted,,2026-08-27 20:03:49,https://www.michigan.gov/dtmb/-/media/Project/Websites/dtmb/Procurement/Contracts/MiDEAL/002/260000000712.pdf?rev=8d4ed14d634d466fa9207bb1d92c2458&hash=AAB40CFD3A7E1C61C7C17CA7044DBB4B,/Users/arshnoorkaur/Downloads/road_salt_tracker/data/raw/MI/doc_1.pdf,2026-08-27,MI,260000000712,2026-10-01,2027-09-30
3580,1,MI,Clinton,"ST. JOHNS, CITY OF",Detroit Salt,Detroit Salt,,2027,early_fill,250.0,72.96,18240.0,,38,deterministic_pdf,0.92,0.92,0.92,auto_accepted,,2026-08-27 20:03:49,https://www.michigan.gov/dtmb/-/media/Project/Websites/dtmb/Procurement/Contracts/MiDEAL/002/260000000712.pdf?rev=8d4ed14d634d466fa9207bb1d92c2458&hash=AAB40CFD3A7E1C61C7C17CA7044DBB4B,/Users/arshnoorkaur/Downloads/road_salt_tracker/data/raw/MI/doc_1.pdf,2026-08-27,MI,260000000712,2026-10-01,2027-09-30
3581,1,MI,Clinton,"DEWITT, CITY OF",Detroit Salt,Detroit Salt,,2027,early_fill,150.0,72.96,10944.0,,38,deterministic_pdf,0.92,0.92,0.92,auto_accepted,,2026-08-27 20:03:49,https://www.michigan.gov/dtmb/-/media/Project/Websites/dtmb/Procurement/Contracts/MiDEAL/002/260000000712.pdf?rev=8d4ed14d634d466fa9207bb1d92c2458&hash=AAB40CFD3A7E1C61C7C17CA7044DBB4B,/Users/arshnoorkaur/Downloads/road_salt_tracker/data/raw/MI/doc_1.pdf,2026-08-27,MI,260000000712,2026-10-01,2027-09-30
3582,1,MI,Clinton,CLINTON COUNTY ROAD COMMISSION,Detroit Salt,Detroit Salt,,2027,early_fill,1000.0,72.96,72960.0,,38,deterministic_pdf,0.92,0.92,0.92,auto_accepted,,2026-08-27 20:03:49,https://www.michigan.gov/dtmb/-/media/Project/Websites/dtmb/Procurement/Contracts/MiDEAL/002/260000000712.pdf?rev=8d4ed14d634d466fa9207bb1d92c2458&hash=AAB40CFD3A7E1C61C7C17CA7044DBB4B,/Users/arshnoorkaur/Downloads/road_salt_tracker/data/raw/MI/doc_1.pdf,2026-08-27,MI,260000000712,2026-10-01,2027-09-30
3583,1,MI,Clinton,"EAST LANSING, CITY OF",Detroit Salt,Detroit Salt,,2027,early_fill,1000.0,72.96,72960.0,,38,deterministic_pdf,0.92,0.92,0.92,auto_accepted,,2026-08-27 20:03:49,https://www.michigan.gov/dtmb/-/media/Project/Websites/dtmb/Procurement/Contracts/MiDEAL/002/260000000712.pdf?rev=8d4ed14d634d466fa9207bb1d92c2458&hash=AAB40CFD3A7E1C61C7C17CA7044DBB4B,/Users/arshnoorkaur/Downloads/road_salt_tracker/data/raw/MI/doc_1.pdf,2026-08-27,MI,260000000712,2026-10-01,2027-09-30
3584,1,MI,Clinton,"Fowler, Village of",Detroit Salt,Detroit Salt,,2027,early_fill,50.0,72.96,3648.0,,38,deterministic_pdf,0.92,0.92,0.92,auto_accepted,,2026-08-27 20:03:49,https://www.michigan.gov/dtmb/-/media/Project/Websites/dtmb/Procurement/Contracts/MiDEAL/002/260000000712.pdf?rev=8d4ed14d634d466fa9207bb1d92c2458&hash=AAB40CFD3A7E1C61C7C17CA7044DBB4B,/Users/arshnoorkaur/Downloads/road_salt_tracker/data/raw/MI/doc_1.pdf,2026-08-27,MI,260000000712,2026-10-01,2027-09-30
3585,1,MI,Eaton,"CHARLOTTE, CITY OF",Detroit Salt,Detroit Salt,,2027,early_fill,300.0,69.83,20949.0,,38,deterministic_pdf,0.92,0.92,0.92,auto_accepted,,2026-08-27 20:03:49,https://www.michigan.gov/dtmb/-/media/Project/Websites/dtmb/Procurement/Contracts/MiDEAL/002/260000000712.pdf?rev=8d4ed14d634d466fa9207bb1d92c2458&hash=AAB40CFD3A7E1C61C7C17CA7044DBB4B,/Users/arshnoorkaur/Downloads/road_salt_tracker/data/raw/MI/doc_1.pdf,2026-08-27,MI,260000000712,2026-10-01,2027-09-30
3586,1,MI,Eaton,GRAND LEDGE PUBLIC SCHOOLS,Detroit Salt,Detroit Salt,,2027,early_fill,50.0,69.83,3491.5,,38,deterministic_pdf,0.92,0.92,0.92,auto_accepted,,2026-08-27 20:03:49,https://www.michigan.gov/dtmb/-/media/Project/Websites/dtmb/Procurement/Contracts/MiDEAL/002/260000000712.pdf?rev=8d4ed14d634d466fa9207bb1d92c2458&hash=AAB40CFD3A7E1C61C7C17CA7044DBB4B,/Users/arshnoorkaur/Downloads/road_salt_tracker/data/raw/MI/doc_1.pdf,2026-08-27,MI,260000000712,2026-10-01,2027-09-30
3587,1,MI,Eaton,"DTMB-Facilities-Building Operations Division-
AGENCY",Detroit Salt,Detroit Salt,,2027,early_fill,600.0,69.83,41898.0,,38,deterministic_pdf,0.92,0.92,0.92,auto_accepted,,2026-08-27 20:03:49,https://www.michigan.gov/dtmb/-/media/Project/Websites/dtmb/Procurement/Contracts/MiDEAL/002/260000000712.pdf?rev=8d4ed14d634d466fa9207bb1d92c2458&hash=AAB40CFD3A7E1C61C7C17CA7044DBB4B,/Users/arshnoorkaur/Downloads/road_salt_tracker/data/raw/MI/doc_1.pdf,2026-08-27,MI,260000000712,2026-10-01,2027-09-30
3588,1,MI,Eaton,LANSING COMMUNITY COLLEGE,Detroit Salt,Detroit Salt,,2027,early_fill,100.0,69.83,6983.0,,38,deterministic_pdf,0.92,0.92,0.92,auto_accepted,,2026-08-27 20:03:49,https://www.michigan.gov/dtmb/-/media/Project/Websites/dtmb/Procurement/Contracts/MiDEAL/002/260000000712.pdf?rev=8d4ed14d634d466fa9207bb1d92c2458&hash=AAB40CFD3A7E1C61C7C17CA7044DBB4B,/Users/arshnoorkaur/Downloads/road_salt_tracker/data/raw/MI/doc_1.pdf,2026-08-27,MI,260000000712,2026-10-01,2027-09-30
3589,1,MI,Eaton,GRAND LEDGE CITY OF,Detroit Salt,Detroit Salt,,2027,early_fill,50.0,69.83,3491.5,,38,deterministic_pdf,0.92,0.92,0.92,auto_accepted,,2026-08-27 20:03:49,https://www.michigan.gov/dtmb/-/media/Project/Websites/dtmb/Procurement/Contracts/MiDEAL/002/260000000712.pdf?rev=8d4ed14d634d466fa9207bb1d92c2458&hash=AAB40CFD3A7E1C61C7C17CA7044DBB4B,/Users/arshnoorkaur/Downloads/road_salt_tracker/data/raw/MI/doc_1.pdf,2026-08-27,MI,260000000712,2026-10-01,2027-09-30
3590,1,MI,Eaton,EATON COUNTY ROAD COMMISSION,Detroit Salt,Detroit Salt,,2027,early_fill,200.0,69.83,13966.0,,38,deterministic_pdf,0.92,0.92,0.92,auto_accepted,,2026-08-27 20:03:49,https://www.michigan.gov/dtmb/-/media/Project/Websites/dtmb/Procurement/Contracts/MiDEAL/002/260000000712.pdf?rev=8d4ed14d634d466fa9207bb1d92c2458&hash=AAB40CFD3A7E1C61C7C17CA7044DBB4B,/Users/arshnoorkaur/Downloads/road_salt_tracker/data/raw/MI/doc_1.pdf,2026-08-27,MI,260000000712,2026-10-01,2027-09-30
3591,1,MI,Eaton,"VERMONTVILLE, VILLAGE OF",Detroit Salt,Detroit Salt,,2027,early_fill,100.0,69.83,6983.0,,38,deterministic_pdf,0.92,0.92,0.92,auto_accepted,,2026-08-27 20:03:49,https://www.michigan.gov/dtmb/-/media/Project/Websites/dtmb/Procurement/Contracts/MiDEAL/002/260000000712.pdf?rev=8d4ed14d634d466fa9207bb1d92c2458&hash=AAB40CFD3A7E1C61C7C17CA7044DBB4B,/Users/arshnoorkaur/Downloads/road_salt_tracker/data/raw/MI/doc_1.pdf,2026-08-27,MI,260000000712,2026-10-01,2027-09-30
3592,1,MI,Eaton,"POTTERVILLE, CITY OF",Detroit Salt,Detroit Salt,,2027,early_fill,100.0,69.83,6983.0,,38,deterministic_pdf,0.92,0.92,0.92,auto_accepted,,2026-08-27 20:03:49,https://www.michigan.gov/dtmb/-/media/Project/Websites/dtmb/Procurement/Contracts/MiDEAL/002/260000000712.pdf?rev=8d4ed14d634d466fa9207bb1d92c2458&hash=AAB40CFD3A7E1C61C7C17CA7044DBB4B,/Users/arshnoorkaur/Downloads/road_salt_tracker/data/raw/MI/doc_1.pdf,2026-08-27,MI,260000000712,2026-10-01,2027-09-30
3593,1,MI,Eaton,EATON COUNTY ROAD COMMISSION,Detroit Salt,Detroit Salt,,2027,early_fill,100.0,69.83,6983.0,,38,deterministic_pdf,0.92,0.92,0.92,auto_accepted,,2026-08-27 20:03:49,https://www.michigan.gov/dtmb/-/media/Project/Websites/dtmb/Procurement/Contracts/MiDEAL/002/260000000712.pdf?rev=8d4ed14d634d466fa9207bb1d92c2458&hash=AAB40CFD3A7E1C61C7C17CA7044DBB4B,/Users/arshnoorkaur/Downloads/road_salt_tracker/data/raw/MI/doc_1.pdf,2026-08-27,MI,260000000712,2026-10-01,2027-09-30
3594,1,MI,Eaton,EATON COUNTY ROAD COMMISSION,Detroit Salt,Detroit Salt,,2027,early_fill,300.0,69.83,20949.0,,38,deterministic_pdf,0.92,0.92,0.92,auto_accepted,,2026-08-27 20:03:49,https://www.michigan.gov/dtmb/-/media/Project/Websites/dtmb/Procurement/Contracts/MiDEAL/002/260000000712.pdf?rev=8d4ed14d634d466fa9207bb1d92c2458&hash=AAB40CFD3A7E1C61C7C17CA7044DBB4B,/Users/arshnoorkaur/Downloads/road_salt_tracker/data/raw/MI/doc_1.pdf,2026-08-27,MI,260000000712,2026-10-01,2027-09-30
3595,1,MI,Eaton,EATON COUNTY ROAD COMMISSION,Detroit Salt,Detroit Salt,,2027,early_fill,150.0,69.83,10474.5,,38,deterministic_pdf,0.92,0.92,0.92,auto_accepted,,2026-08-27 20:03:49,https://www.michigan.gov/dtmb/-/media/Project/Websites/dtmb/Procurement/Contracts/MiDEAL/002/260000000712.pdf?rev=8d4ed14d634d466fa9207bb1d92c2458&hash=AAB40CFD3A7E1C61C7C17CA7044DBB4B,/Users/arshnoorkaur/Downloads/road_salt_tracker/data/raw/MI/doc_1.pdf,2026-08-27,MI,260000000712,2026-10-01,2027-09-30
3596,1,MI,Eaton,EATON COUNTY ROAD COMMISSION,Detroit Salt,Detroit Salt,,2027,early_fill,50.0,69.83,3491.5,,38,deterministic_pdf,0.92,0.92,0.92,auto_accepted,,2026-08-27 20:03:49,https://www.michigan.gov/dtmb/-/media/Project/Websites/dtmb/Procurement/Contracts/MiDEAL/002/260000000712.pdf?rev=8d4ed14d634d466fa9207bb1d92c2458&hash=AAB40CFD3A7E1C61C7C17CA7044DBB4B,/Users/arshnoorkaur/Downloads/road_salt_tracker/data/raw/MI/doc_1.pdf,2026-08-27,MI,260000000712,2026-10-01,2027-09-30
3597,1,MI,Hillsdale,"JONESVILLE, CITY OF",Detroit Salt,Detroit Salt,,2027,early_fill,50.0,79.89,3994.5,,38,deterministic_pdf,0.92,0.92,0.92,auto_accepted,,2026-08-27 20:03:49,https://www.michigan.gov/dtmb/-/media/Project/Websites/dtmb/Procurement/Contracts/MiDEAL/002/260000000712.pdf?rev=8d4ed14d634d466fa9207bb1d92c2458&hash=AAB40CFD3A7E1C61C7C17CA7044DBB4B,/Users/arshnoorkaur/Downloads/road_salt_tracker/data/raw/MI/doc_1.pdf,2026-08-27,MI,260000000712,2026-10-01,2027-09-30
3598,1,MI,Hillsdale,"Reading, City of",Detroit Salt,Detroit Salt,,2027,early_fill,50.0,79.89,3994.5,,38,deterministic_pdf,0.92,0.92,0.92,auto_accepted,,2026-08-27 20:03:49,https://www.michigan.gov/dtmb/-/media/Project/Websites/dtmb/Procurement/Contracts/MiDEAL/002/260000000712.pdf?rev=8d4ed14d634d466fa9207bb1d92c2458&hash=AAB40CFD3A7E1C61C7C17CA7044DBB4B,/Users/arshnoorkaur/Downloads/road_salt_tracker/data/raw/MI/doc_1.pdf,2026-08-27,MI,260000000712,2026-10-01,2027-09-30
3599,1,MI,Ingham,"WEBBERVILLE, VILLAGE OF",Detroit Salt,Detroit Salt,,2027,early_fill,100.0,76.16,7616.0,,38,deterministic_pdf,0.92,0.92,0.92,auto_accepted,,2026-08-27 20:03:49,https://www.michigan.gov/dtmb/-/media/Project/Websites/dtmb/Procurement/Contracts/MiDEAL/002/260000000712.pdf?rev=8d4ed14d634d466fa9207bb1d92c2458&hash=AAB40CFD3A7E1C61C7C17CA7044DBB4B,/Users/arshnoorkaur/Downloads/road_salt_tracker/data/raw/MI/doc_1.pdf,2026-08-27,MI,260000000712,2026-10-01,2027-09-30
3600,1,MI,Ingham,LANSING SCHOOL DISTRICT,Detroit Salt,Detroit Salt,,2027,early_fill,2000.0,76.16,152320.0,,38,deterministic_pdf,0.92,0.92,0.92,auto_accepted,,2026-08-27 20:03:49,https://www.michigan.gov/dtmb/-/media/Project/Websites/dtmb/Procurement/Contracts/MiDEAL/002/260000000712.pdf?rev=8d4ed14d634d466fa9207bb1d92c2458&hash=AAB40CFD3A7E1C61C7C17CA7044DBB4B,/Users/arshnoorkaur/Downloads/road_salt_tracker/data/raw/MI/doc_1.pdf,2026-08-27,MI,260000000712,2026-10-01,2027-09-30
3601,1,MI,Ingham,"DTMB-Facilities-Building Operations Division -
AGENCY",Detroit Salt,Detroit Salt,,2027,early_fill,400.0,76.16,30464.0,,38,deterministic_pdf,0.92,0.92,0.92,auto_accepted,,2026-08-27 20:03:49,https://www.michigan.gov/dtmb/-/media/Project/Websites/dtmb/Procurement/Contracts/MiDEAL/002/260000000712.pdf?rev=8d4ed14d634d466fa9207bb1d92c2458&hash=AAB40CFD3A7E1C61C7C17CA7044DBB4B,/Users/arshnoorkaur/Downloads/road_salt_tracker/data/raw/MI/doc_1.pdf,2026-08-27,MI,260000000712,2026-10-01,2027-09-30
3602,1,MI,Ingham,HOLT PUBLIC SCHOOLS,Detroit Salt,Detroit Salt,,2027,early_fill,50.0,76.16,3808.0,,38,deterministic_pdf,0.92,0.92,0.92,auto_accepted,,2026-08-27 20:03:49,https://www.michigan.gov/dtmb/-/media/Project/Websites/dtmb/Procurement/Contracts/MiDEAL/002/260000000712.pdf?rev=8d4ed14d634d466fa9207bb1d92c2458&hash=AAB40CFD3A7E1C61C7C17CA7044DBB4B,/Users/arshnoorkaur/Downloads/road_salt_tracker/data/raw/MI/doc_1.pdf,2026-08-27,MI,260000000712,2026-10-01,2027-09-30
3603,1,MI,Ingham,OKEMOS PUBLIC SCHOOLS,Detroit Salt,Detroit Salt,,2027,early_fill,50.0,76.16,3808.0,,38,deterministic_pdf,0.92,0.92,0.92,auto_accepted,,2026-08-27 20:03:49,https://www.michigan.gov/dtmb/-/media/Project/Websites/dtmb/Procurement/Contracts/MiDEAL/002/260000000712.pdf?rev=8d4ed14d634d466fa9207bb1d92c2458&hash=AAB40CFD3A7E1C61C7C17CA7044DBB4B,/Users/arshnoorkaur/Downloads/road_salt_tracker/data/raw/MI/doc_1.pdf,2026-08-27,MI,260000000712,2026-10-01,2027-09-30
3604,1,MI,Ingham,HASLETT PUBLIC SCHOOLS,Detroit Salt,Detroit Salt,,2027,early_fill,50.0,76.16,3808.0,,38,deterministic_pdf,0.92,0.92,0.92,auto_accepted,,2026-08-27 20:03:49,https://www.michigan.gov/dtmb/-/media/Project/Websites/dtmb/Procurement/Contracts/MiDEAL/002/260000000712.pdf?rev=8d4ed14d634d466fa9207bb1d92c2458&hash=AAB40CFD3A7E1C61C7C17CA7044DBB4B,/Users/arshnoorkaur/Downloads/road_salt_tracker/data/raw/MI/doc_1.pdf,2026-08-27,MI,260000000712,2026-10-01,2027-09-30
3605,1,MI,Ingham,CAPITAL REGION AIRPORT AUTHORITY,Detroit Salt,Detroit Salt,,2027,early_fill,200.0,76.16,15232.0,,38,deterministic_pdf,0.92,0.92,0.92,auto_accepted,,2026-08-27 20:03:49,https://www.michigan.gov/dtmb/-/media/Project/Websites/dtmb/Procurement/Contracts/MiDEAL/002/260000000712.pdf?rev=8d4ed14d634d466fa9207bb1d92c2458&hash=AAB40CFD3A7E1C61C7C17CA7044DBB4B,/Users/arshnoorkaur/Downloads/road_salt_tracker/data/raw/MI/doc_1.pdf,2026-08-27,MI,260000000712,2026-10-01,2027-09-30
3606,1,MI,Ingham,"WILLIAMSTON, CITY OF",Detroit Salt,Detroit Salt,,2027,early_fill,200.0,76.16,15232.0,,38,deterministic_pdf,0.92,0.92,0.92,auto_accepted,,2026-08-27 20:03:49,https://www.michigan.gov/dtmb/-/media/Project/Websites/dtmb/Procurement/Contracts/MiDEAL/002/260000000712.pdf?rev=8d4ed14d634d466fa9207bb1d92c2458&hash=AAB40CFD3A7E1C61C7C17CA7044DBB4B,/Users/arshnoorkaur/Downloads/road_salt_tracker/data/raw/MI/doc_1.pdf,2026-08-27,MI,260000000712,2026-10-01,2027-09-30
3607,1,MI,Ingham,WILLIAMSTON COMMUNITY SCHOOLS,Detroit Salt,Detroit Salt,,2027,early_fill,50.0,76.16,3808.0,,38,deterministic_pdf,0.92,0.92,0.92,auto_accepted,,2026-08-27 20:03:49,https://www.michigan.gov/dtmb/-/media/Project/Websites/dtmb/Procurement/Contracts/MiDEAL/002/260000000712.pdf?rev=8d4ed14d634d466fa9207bb1d92c2458&hash=AAB40CFD3A7E1C61C7C17CA7044DBB4B,/Users/arshnoorkaur/Downloads/road_salt_tracker/data/raw/MI/doc_1.pdf,2026-08-27,MI,260000000712,2026-10-01,2027-09-30
3608,1,MI,Ingham,MERIDIAN TOWNSHIP,Detroit Salt,Detroit Salt,,2027,early_fill,50.0,76.16,3808.0,,39,deterministic_pdf,0.92,0.92,0.92,auto_accepted,,2026-08-27 20:03:49,https://www.michigan.gov/dtmb/-/media/Project/Websites/dtmb/Procurement/Contracts/MiDEAL/002/260000000712.pdf?rev=8d4ed14d634d466fa9207bb1d92c2458&hash=AAB40CFD3A7E1C61C7C17CA7044DBB4B,/Users/arshnoorkaur/Downloads/road_salt_tracker/data/raw/MI/doc_1.pdf,2026-08-27,MI,260000000712,2026-10-01,2027-09-30
3609,1,MI,Jackson,GRASS LAKE VILLAGE OF,Detroit Salt,Detroit Salt,,2027,early_fill,50.0,77.31,3865.5,,39,deterministic_pdf,0.92,0.92,0.92,auto_accepted,,2026-08-27 20:03:49,https://www.michigan.gov/dtmb/-/media/Project/Websites/dtmb/Procurement/Contracts/MiDEAL/002/260000000712.pdf?rev=8d4ed14d634d466fa9207bb1d92c2458&hash=AAB40CFD3A7E1C61C7C17CA7044DBB4B,/Users/arshnoorkaur/Downloads/road_salt_tracker/data/raw/MI/doc_1.pdf,2026-08-27,MI,260000000712,2026-10-01,2027-09-30
3610,1,MI,Jackson,Western School District,Detroit Salt,Detroit Salt,,2027,early_fill,100.0,77.31,7731.0,,39,deterministic_pdf,0.92,0.92,0.92,auto_accepted,,2026-08-27 20:03:49,https://www.michigan.gov/dtmb/-/media/Project/Websites/dtmb/Procurement/Contracts/MiDEAL/002/260000000712.pdf?rev=8d4ed14d634d466fa9207bb1d92c2458&hash=AAB40CFD3A7E1C61C7C17CA7044DBB4B,/Users/arshnoorkaur/Downloads/road_salt_tracker/data/raw/MI/doc_1.pdf,2026-08-27,MI,260000000712,2026-10-01,2027-09-30
3611,1,MI,Jackson,DOC-SMR - AGENCY,Detroit Salt,Detroit Salt,,2027,early_fill,150.0,77.31,11596.5,,39,deterministic_pdf,0.92,0.92,0.92,auto_accepted,,2026-08-27 20:03:49,https://www.michigan.gov/dtmb/-/media/Project/Websites/dtmb/Procurement/Contracts/MiDEAL/002/260000000712.pdf?rev=8d4ed14d634d466fa9207bb1d92c2458&hash=AAB40CFD3A7E1C61C7C17CA7044DBB4B,/Users/arshnoorkaur/Downloads/road_salt_tracker/data/raw/MI/doc_1.pdf,2026-08-27,MI,260000000712,2026-10-01,2027-09-30
3612,1,MI,Lenawee,LENAWEE COUNTY ROAD COMMISSION,Detroit Salt,Detroit Salt,,2027,early_fill,1500.0,66.73,100095.0,,39,deterministic_pdf,0.92,0.92,0.92,auto_accepted,,2026-08-27 20:03:49,https://www.michigan.gov/dtmb/-/media/Project/Websites/dtmb/Procurement/Contracts/MiDEAL/002/260000000712.pdf?rev=8d4ed14d634d466fa9207bb1d92c2458&hash=AAB40CFD3A7E1C61C7C17CA7044DBB4B,/Users/arshnoorkaur/Downloads/road_salt_tracker/data/raw/MI/doc_1.pdf,2026-08-27,MI,260000000712,2026-10-01,2027-09-30
3613,1,MI,Lenawee,"HUDSON, CITY OF",Detroit Salt,Detroit Salt,,2027,early_fill,100.0,66.73,6673.0,,39,deterministic_pdf,0.92,0.92,0.92,auto_accepted,,2026-08-27 20:03:49,https://www.michigan.gov/dtmb/-/media/Project/Websites/dtmb/Procurement/Contracts/MiDEAL/002/260000000712.pdf?rev=8d4ed14d634d466fa9207bb1d92c2458&hash=AAB40CFD3A7E1C61C7C17CA7044DBB4B,/Users/arshnoorkaur/Downloads/road_salt_tracker/data/raw/MI/doc_1.pdf,2026-08-27,MI,260000000712,2026-10-01,2027-09-30
3614,1,MI,Lenawee,LENAWEE COUNTY,Detroit Salt,Detroit Salt,,2027,early_fill,100.0,66.73,6673.0,,39,deterministic_pdf,0.92,0.92,0.92,auto_accepted,,2026-08-27 20:03:49,https://www.michigan.gov/dtmb/-/media/Project/Websites/dtmb/Procurement/Contracts/MiDEAL/002/260000000712.pdf?rev=8d4ed14d634d466fa9207bb1d92c2458&hash=AAB40CFD3A7E1C61C7C17CA7044DBB4B,/Users/arshnoorkaur/Downloads/road_salt_tracker/data/raw/MI/doc_1.pdf,2026-08-27,MI,260000000712,2026-10-01,2027-09-30
3615,1,MI,Lenawee,"CLINTON, VILLAGE OF",Detroit Salt,Detroit Salt,,2027,early_fill,100.0,66.73,6673.0,,39,deterministic_pdf,0.92,0.92,0.92,auto_accepted,,2026-08-27 20:03:49,https://www.michigan.gov/dtmb/-/media/Project/Websites/dtmb/Procurement/Contracts/MiDEAL/002/260000000712.pdf?rev=8d4ed14d634d466fa9207bb1d92c2458&hash=AAB40CFD3A7E1C61C7C17CA7044DBB4B,/Users/arshnoorkaur/Downloads/road_salt_tracker/data/raw/MI/doc_1.pdf,2026-08-27,MI,260000000712,2026-10-01,2027-09-30
3616,1,MI,Lenawee,ADRIAN COLLEGE,Detroit Salt,Detroit Salt,,2027,early_fill,50.0,66.73,3336.5,,39,deterministic_pdf,0.92,0.92,0.92,auto_accepted,,2026-08-27 20:03:49,https://www.michigan.gov/dtmb/-/media/Project/Websites/dtmb/Procurement/Contracts/MiDEAL/002/260000000712.pdf?rev=8d4ed14d634d466fa9207bb1d92c2458&hash=AAB40CFD3A7E1C61C7C17CA7044DBB4B,/Users/arshnoorkaur/Downloads/road_salt_tracker/data/raw/MI/doc_1.pdf,2026-08-27,MI,260000000712,2026-10-01,2027-09-30
3617,1,MI,Monroe,MONROE COUNTY ROAD COMMISSION,Detroit Salt,Detroit Salt,,2027,early_fill,800.0,61.81,49448.0,,39,deterministic_pdf,0.92,0.92,0.92,auto_accepted,,2026-08-27 20:03:49,https://www.michigan.gov/dtmb/-/media/Project/Websites/dtmb/Procurement/Contracts/MiDEAL/002/260000000712.pdf?rev=8d4ed14d634d466fa9207bb1d92c2458&hash=AAB40CFD3A7E1C61C7C17CA7044DBB4B,/Users/arshnoorkaur/Downloads/road_salt_tracker/data/raw/MI/doc_1.pdf,2026-08-27,MI,260000000712,2026-10-01,2027-09-30
3618,1,MI,Monroe,CARLETON VILLAGE OF,Detroit Salt,Detroit Salt,,2027,early_fill,50.0,61.81,3090.5,,39,deterministic_pdf,0.92,0.92,0.92,auto_accepted,,2026-08-27 20:03:49,https://www.michigan.gov/dtmb/-/media/Project/Websites/dtmb/Procurement/Contracts/MiDEAL/002/260000000712.pdf?rev=8d4ed14d634d466fa9207bb1d92c2458&hash=AAB40CFD3A7E1C61C7C17CA7044DBB4B,/Users/arshnoorkaur/Downloads/road_salt_tracker/data/raw/MI/doc_1.pdf,2026-08-27,MI,260000000712,2026-10-01,2027-09-30
3619,1,MI,Monroe,"DUNDEE, VILLAGE OF",Detroit Salt,Detroit Salt,,2027,early_fill,300.0,61.81,18543.0,,39,deterministic_pdf,0.92,0.92,0.92,auto_accepted,,2026-08-27 20:03:49,https://www.michigan.gov/dtmb/-/media/Project/Websites/dtmb/Procurement/Contracts/MiDEAL/002/260000000712.pdf?rev=8d4ed14d634d466fa9207bb1d92c2458&hash=AAB40CFD3A7E1C61C7C17CA7044DBB4B,/Users/arshnoorkaur/Downloads/road_salt_tracker/data/raw/MI/doc_1.pdf,2026-08-27,MI,260000000712,2026-10-01,2027-09-30
3620,1,MI,Monroe,JEFFERSON SCHOOLS,Detroit Salt,Detroit Salt,,2027,early_fill,50.0,61.81,3090.5,,39,deterministic_pdf,0.92,0.92,0.92,auto_accepted,,2026-08-27 20:03:49,https://www.michigan.gov/dtmb/-/media/Project/Websites/dtmb/Procurement/Contracts/MiDEAL/002/260000000712.pdf?rev=8d4ed14d634d466fa9207bb1d92c2458&hash=AAB40CFD3A7E1C61C7C17CA7044DBB4B,/Users/arshnoorkaur/Downloads/road_salt_tracker/data/raw/MI/doc_1.pdf,2026-08-27,MI,260000000712,2026-10-01,2027-09-30
3621,1,MI,Monroe,MONROE COUNTY ROAD COMMISSION,Detroit Salt,Detroit Salt,,2027,early_fill,1300.0,61.81,80353.0,,39,deterministic_pdf,0.92,0.92,0.92,auto_accepted,,2026-08-27 20:03:49,https://www.michigan.gov/dtmb/-/media/Project/Websites/dtmb/Procurement/Contracts/MiDEAL/002/260000000712.pdf?rev=8d4ed14d634d466fa9207bb1d92c2458&hash=AAB40CFD3A7E1C61C7C17CA7044DBB4B,/Users/arshnoorkaur/Downloads/road_salt_tracker/data/raw/MI/doc_1.pdf,2026-08-27,MI,260000000712,2026-10-01,2027-09-30
3622,1,MI,Monroe,MONROE COUNTY ROAD COMMISSION,Detroit Salt,Detroit Salt,,2027,early_fill,500.0,61.81,30905.0,,39,deterministic_pdf,0.92,0.92,0.92,auto_accepted,,2026-08-27 20:03:49,https://www.michigan.gov/dtmb/-/media/Project/Websites/dtmb/Procurement/Contracts/MiDEAL/002/260000000712.pdf?rev=8d4ed14d634d466fa9207bb1d92c2458&hash=AAB40CFD3A7E1C61C7C17CA7044DBB4B,/Users/arshnoorkaur/Downloads/road_salt_tracker/data/raw/MI/doc_1.pdf,2026-08-27,MI,260000000712,2026-10-01,2027-09-30
3623,1,MI,Monroe,MONROE COUNTY ROAD COMMISSION,Detroit Salt,Detroit Salt,,2027,early_fill,1100.0,61.81,67991.0,,39,deterministic_pdf,0.92,0.92,0.92,auto_accepted,,2026-08-27 20:03:49,https://www.michigan.gov/dtmb/-/media/Project/Websites/dtmb/Procurement/Contracts/MiDEAL/002/260000000712.pdf?rev=8d4ed14d634d466fa9207bb1d92c2458&hash=AAB40CFD3A7E1C61C7C17CA7044DBB4B,/Users/arshnoorkaur/Downloads/road_salt_tracker/data/raw/MI/doc_1.pdf,2026-08-27,MI,260000000712,2026-10-01,2027-09-30
3624,1,MI,Washtenaw,WASHTENAW COUNTY ROAD COMMISSION,Detroit Salt,Detroit Salt,,2027,early_fill,3000.0,60.56,181680.0,,39,deterministic_pdf,0.92,0.92,0.92,auto_accepted,,2026-08-27 20:03:49,https://www.michigan.gov/dtmb/-/media/Project/Websites/dtmb/Procurement/Contracts/MiDEAL/002/260000000712.pdf?rev=8d4ed14d634d466fa9207bb1d92c2458&hash=AAB40CFD3A7E1C61C7C17CA7044DBB4B,/Users/arshnoorkaur/Downloads/road_salt_tracker/data/raw/MI/doc_1.pdf,2026-08-27,MI,260000000712,2026-10-01,2027-09-30
3625,1,MI,Washtenaw,WASHTENAW COUNTY ROAD COMMISSION,Detroit Salt,Detroit Salt,,2027,early_fill,500.0,60.56,30280.0,,39,deterministic_pdf,0.92,0.92,0.92,auto_accepted,,2026-08-27 20:03:49,https://www.michigan.gov/dtmb/-/media/Project/Websites/dtmb/Procurement/Contracts/MiDEAL/002/260000000712.pdf?rev=8d4ed14d634d466fa9207bb1d92c2458&hash=AAB40CFD3A7E1C61C7C17CA7044DBB4B,/Users/arshnoorkaur/Downloads/road_salt_tracker/data/raw/MI/doc_1.pdf,2026-08-27,MI,260000000712,2026-10-01,2027-09-30
3626,1,MI,Washtenaw,"CHELSEA, CITY OF",Detroit Salt,Detroit Salt,,2027,early_fill,50.0,60.56,3028.0,,39,deterministic_pdf,0.92,0.92,0.92,auto_accepted,,2026-08-27 20:03:49,https://www.michigan.gov/dtmb/-/media/Project/Websites/dtmb/Procurement/Contracts/MiDEAL/002/260000000712.pdf?rev=8d4ed14d634d466fa9207bb1d92c2458&hash=AAB40CFD3A7E1C61C7C17CA7044DBB4B,/Users/arshnoorkaur/Downloads/road_salt_tracker/data/raw/MI/doc_1.pdf,2026-08-27,MI,260000000712,2026-10-01,2027-09-30
3627,1,MI,Washtenaw,CHELSEA SCHOOL DISTRICT,Detroit Salt,Detroit Salt,,2027,early_fill,50.0,60.56,3028.0,,39,deterministic_pdf,0.92,0.92,0.92,auto_accepted,,2026-08-27 20:03:49,https://www.michigan.gov/dtmb/-/media/Project/Websites/dtmb/Procurement/Contracts/MiDEAL/002/260000000712.pdf?rev=8d4ed14d634d466fa9207bb1d92c2458&hash=AAB40CFD3A7E1C61C7C17CA7044DBB4B,/Users/arshnoorkaur/Downloads/road_salt_tracker/data/raw/MI/doc_1.pdf,2026-08-27,MI,260000000712,2026-10-01,2027-09-30
3628,1,MI,Washtenaw,WASHTENAW INTER SCHOOL DISTRICT,Detroit Salt,Detroit Salt,,2027,early_fill,200.0,60.56,12112.0,,39,deterministic_pdf,0.92,0.92,0.92,auto_accepted,,2026-08-27 20:03:49,https://www.michigan.gov/dtmb/-/media/Project/Websites/dtmb/Procurement/Contracts/MiDEAL/002/260000000712.pdf?rev=8d4ed14d634d466fa9207bb1d92c2458&hash=AAB40CFD3A7E1C61C7C17CA7044DBB4B,/Users/arshnoorkaur/Downloads/road_salt_tracker/data/raw/MI/doc_1.pdf,2026-08-27,MI,260000000712,2026-10-01,2027-09-30
3629,1,MI,Washtenaw,WASHTENAW COMMUNITY COLLEGE,Detroit Salt,Detroit Salt,,2027,early_fill,50.0,60.56,3028.0,,39,deterministic_pdf,0.92,0.92,0.92,auto_accepted,,2026-08-27 20:03:49,https://www.michigan.gov/dtmb/-/media/Project/Websites/dtmb/Procurement/Contracts/MiDEAL/002/260000000712.pdf?rev=8d4ed14d634d466fa9207bb1d92c2458&hash=AAB40CFD3A7E1C61C7C17CA7044DBB4B,/Users/arshnoorkaur/Downloads/road_salt_tracker/data/raw/MI/doc_1.pdf,2026-08-27,MI,260000000712,2026-10-01,2027-09-30
3630,1,MI,Washtenaw,"SALINE, CITY OF",Detroit Salt,Detroit Salt,,2027,early_fill,1800.0,60.56,109008.0,,39,deterministic_pdf,0.92,0.92,0.92,auto_accepted,,2026-08-27 20:03:49,https://www.michigan.gov/dtmb/-/media/Project/Websites/dtmb/Procurement/Contracts/MiDEAL/002/260000000712.pdf?rev=8d4ed14d634d466fa9207bb1d92c2458&hash=AAB40CFD3A7E1C61C7C17CA7044DBB4B,/Users/arshnoorkaur/Downloads/road_salt_tracker/data/raw/MI/doc_1.pdf,2026-08-27,MI,260000000712,2026-10-01,2027-09-30
3631,1,MI,Washtenaw,"ANN ARBOR, CITY OF",Detroit Salt,Detroit Salt,,2027,early_fill,3000.0,60.56,181680.0,,39,deterministic_pdf,0.92,0.92,0.92,auto_accepted,,2026-08-27 20:03:49,https://www.michigan.gov/dtmb/-/media/Project/Websites/dtmb/Procurement/Contracts/MiDEAL/002/260000000712.pdf?rev=8d4ed14d634d466fa9207bb1d92c2458&hash=AAB40CFD3A7E1C61C7C17CA7044DBB4B,/Users/arshnoorkaur/Downloads/road_salt_tracker/data/raw/MI/doc_1.pdf,2026-08-27,MI,260000000712,2026-10-01,2027-09-30
3632,1,MI,Washtenaw,Ypsilanti Community Schools,Detroit Salt,Detroit Salt,,2027,early_fill,50.0,60.56,3028.0,,39,deterministic_pdf,0.92,0.92,0.92,auto_accepted,,2026-08-27 20:03:49,https://www.michigan.gov/dtmb/-/media/Project/Websites/dtmb/Procurement/Contracts/MiDEAL/002/260000000712.pdf?rev=8d4ed14d634d466fa9207bb1d92c2458&hash=AAB40CFD3A7E1C61C7C17CA7044DBB4B,/Users/arshnoorkaur/Downloads/road_salt_tracker/data/raw/MI/doc_1.pdf,2026-08-27,MI,260000000712,2026-10-01,2027-09-30
3633,1,MI,Washtenaw,DEXTER COMMUNITY SCHOOLS,Detroit Salt,Detroit Salt,,2027,early_fill,150.0,60.56,9084.0,,39,deterministic_pdf,0.92,0.92,0.92,auto_accepted,,2026-08-27 20:03:49,https://www.michigan.gov/dtmb/-/media/Project/Websites/dtmb/Procurement/Contracts/MiDEAL/002/260000000712.pdf?rev=8d4ed14d634d466fa9207bb1d92c2458&hash=AAB40CFD3A7E1C61C7C17CA7044DBB4B,/Users/arshnoorkaur/Downloads/road_salt_tracker/data/raw/MI/doc_1.pdf,2026-08-27,MI,260000000712,2026-10-01,2027-09-30
3634,1,MI,Washtenaw,"DOC-Womens Huron Valley Correction Facility-
AGENCY",Detroit Salt,Detroit Salt,,2027,early_fill,50.0,60.56,3028.0,,39,deterministic_pdf,0.92,0.92,0.92,auto_accepted,,2026-08-27 20:03:49,https://www.michigan.gov/dtmb/-/media/Project/Websites/dtmb/Procurement/Contracts/MiDEAL/002/260000000712.pdf?rev=8d4ed14d634d466fa9207bb1d92c2458&hash=AAB40CFD3A7E1C61C7C17CA7044DBB4B,/Users/arshnoorkaur/Downloads/road_salt_tracker/data/raw/MI/doc_1.pdf,2026-08-27,MI,260000000712,2026-10-01,2027-09-30
3635,1,MI,Washtenaw,WASHTENAW COUNTY ROAD COMMISSION,Detroit Salt,Detroit Salt,,2027,early_fill,2000.0,60.56,121120.0,,39,deterministic_pdf,0.92,0.92,0.92,auto_accepted,,2026-08-27 20:03:49,https://www.michigan.gov/dtmb/-/media/Project/Websites/dtmb/Procurement/Contracts/MiDEAL/002/260000000712.pdf?rev=8d4ed14d634d466fa9207bb1d92c2458&hash=AAB40CFD3A7E1C61C7C17CA7044DBB4B,/Users/arshnoorkaur/Downloads/road_salt_tracker/data/raw/MI/doc_1.pdf,2026-08-27,MI,260000000712,2026-10-01,2027-09-30
3636,1,MI,Washtenaw,Loch Alpine Sanitary Authority,Detroit Salt,Detroit Salt,,2027,early_fill,50.0,60.56,3028.0,,39,deterministic_pdf,0.92,0.92,0.92,auto_accepted,,2026-08-27 20:03:49,https://www.michigan.gov/dtmb/-/media/Project/Websites/dtmb/Procurement/Contracts/MiDEAL/002/260000000712.pdf?rev=8d4ed14d634d466fa9207bb1d92c2458&hash=AAB40CFD3A7E1C61C7C17CA7044DBB4B,/Users/arshnoorkaur/Downloads/road_salt_tracker/data/raw/MI/doc_1.pdf,2026-08-27,MI,260000000712,2026-10-01,2027-09-30
3637,1,MI,Washtenaw,ANN ARBOR PUBLIC SCHOOLS,Detroit Salt,Detroit Salt,,2027,early_fill,200.0,60.56,12112.0,,39,deterministic_pdf,0.92,0.92,0.92,auto_accepted,,2026-08-27 20:03:49,https://www.michigan.gov/dtmb/-/media/Project/Websites/dtmb/Procurement/Contracts/MiDEAL/002/260000000712.pdf?rev=8d4ed14d634d466fa9207bb1d92c2458&hash=AAB40CFD3A7E1C61C7C17CA7044DBB4B,/Users/arshnoorkaur/Downloads/road_salt_tracker/data/raw/MI/doc_1.pdf,2026-08-27,MI,260000000712,2026-10-01,2027-09-30
3638,1,MI,Macomb,CENTER LINE PUBLIC SCHOOLS,Detroit Salt,Detroit Salt,,2027,early_fill,50.0,71.26,3563.0,,39,deterministic_pdf,0.92,0.92,0.92,auto_accepted,,2026-08-27 20:03:49,https://www.michigan.gov/dtmb/-/media/Project/Websites/dtmb/Procurement/Contracts/MiDEAL/002/260000000712.pdf?rev=8d4ed14d634d466fa9207bb1d92c2458&hash=AAB40CFD3A7E1C61C7C17CA7044DBB4B,/Users/arshnoorkaur/Downloads/road_salt_tracker/data/raw/MI/doc_1.pdf,2026-08-27,MI,260000000712,2026-10-01,2027-09-30
3639,1,MI,Macomb,CHIPPEWA VALLEY SCHOOLS,Detroit Salt,Detroit Salt,,2027,early_fill,100.0,71.26,7126.0,,39,deterministic_pdf,0.92,0.92,0.92,auto_accepted,,2026-08-27 20:03:49,https://www.michigan.gov/dtmb/-/media/Project/Websites/dtmb/Procurement/Contracts/MiDEAL/002/260000000712.pdf?rev=8d4ed14d634d466fa9207bb1d92c2458&hash=AAB40CFD3A7E1C61C7C17CA7044DBB4B,/Users/arshnoorkaur/Downloads/road_salt_tracker/data/raw/MI/doc_1.pdf,2026-08-27,MI,260000000712,2026-10-01,2027-09-30
3640,1,MI,Macomb,MACOMB COUNTY ROAD COMMISSION,Detroit Salt,Detroit Salt,,2027,early_fill,7000.0,71.26,498820.0,,39,deterministic_pdf,0.92,0.92,0.92,auto_accepted,,2026-08-27 20:03:49,https://www.michigan.gov/dtmb/-/media/Project/Websites/dtmb/Procurement/Contracts/MiDEAL/002/260000000712.pdf?rev=8d4ed14d634d466fa9207bb1d92c2458&hash=AAB40CFD3A7E1C61C7C17CA7044DBB4B,/Users/arshnoorkaur/Downloads/road_salt_tracker/data/raw/MI/doc_1.pdf,2026-08-27,MI,260000000712,2026-10-01,2027-09-30
3641,1,MI,Macomb,MACOMB COUNTY ROAD COMMISSION,Detroit Salt,Detroit Salt,,2027,early_fill,6000.0,71.26,427560.0,,39,deterministic_pdf,0.92,0.92,0.92,auto_accepted,,2026-08-27 20:03:49,https://www.michigan.gov/dtmb/-/media/Project/Websites/dtmb/Procurement/Contracts/MiDEAL/002/260000000712.pdf?rev=8d4ed14d634d466fa9207bb1d92c2458&hash=AAB40CFD3A7E1C61C7C17CA7044DBB4B,/Users/arshnoorkaur/Downloads/road_salt_tracker/data/raw/MI/doc_1.pdf,2026-08-27,MI,260000000712,2026-10-01,2027-09-30
3642,1,MI,Macomb,CHESTERFIELD TOWNSHIP,Detroit Salt,Detroit Salt,,2027,early_fill,50.0,71.26,3563.0,,39,deterministic_pdf,0.92,0.92,0.92,auto_accepted,,2026-08-27 20:03:49,https://www.michigan.gov/dtmb/-/media/Project/Websites/dtmb/Procurement/Contracts/MiDEAL/002/260000000712.pdf?rev=8d4ed14d634d466fa9207bb1d92c2458&hash=AAB40CFD3A7E1C61C7C17CA7044DBB4B,/Users/arshnoorkaur/Downloads/road_salt_tracker/data/raw/MI/doc_1.pdf,2026-08-27,MI,260000000712,2026-10-01,2027-09-30
3643,1,MI,Macomb,MACOMB COUNTY ROAD COMMISSION,Detroit Salt,Detroit Salt,,2027,early_fill,2000.0,71.26,142520.0,,39,deterministic_pdf,0.92,0.92,0.92,auto_accepted,,2026-08-27 20:03:49,https://www.michigan.gov/dtmb/-/media/Project/Websites/dtmb/Procurement/Contracts/MiDEAL/002/260000000712.pdf?rev=8d4ed14d634d466fa9207bb1d92c2458&hash=AAB40CFD3A7E1C61C7C17CA7044DBB4B,/Users/arshnoorkaur/Downloads/road_salt_tracker/data/raw/MI/doc_1.pdf,2026-08-27,MI,260000000712,2026-10-01,2027-09-30
3644,1,MI,Macomb,MACOMB COUNTY ROAD COMMISSION,Detroit Salt,Detroit Salt,,2027,early_fill,7500.0,71.26,534450.0,,39,deterministic_pdf,0.92,0.92,0.92,auto_accepted,,2026-08-27 20:03:49,https://www.michigan.gov/dtmb/-/media/Project/Websites/dtmb/Procurement/Contracts/MiDEAL/002/260000000712.pdf?rev=8d4ed14d634d466fa9207bb1d92c2458&hash=AAB40CFD3A7E1C61C7C17CA7044DBB4B,/Users/arshnoorkaur/Downloads/road_salt_tracker/data/raw/MI/doc_1.pdf,2026-08-27,MI,260000000712,2026-10-01,2027-09-30
3645,1,MI,Macomb,"UTICA, CITY OF",Detroit Salt,Detroit Salt,,2027,early_fill,200.0,71.26,14252.0,,39,deterministic_pdf,0.92,0.92,0.92,auto_accepted,,2026-08-27 20:03:49,https://www.michigan.gov/dtmb/-/media/Project/Websites/dtmb/Procurement/Contracts/MiDEAL/002/260000000712.pdf?rev=8d4ed14d634d466fa9207bb1d92c2458&hash=AAB40CFD3A7E1C61C7C17CA7044DBB4B,/Users/arshnoorkaur/Downloads/road_salt_tracker/data/raw/MI/doc_1.pdf,2026-08-27,MI,260000000712,2026-10-01,2027-09-30
3646,1,MI,Macomb,MACOMB TOWNSHIP,Detroit Salt,Detroit Salt,,2027,early_fill,50.0,71.26,3563.0,,39,deterministic_pdf,0.92,0.92,0.92,auto_accepted,,2026-08-27 20:03:49,https://www.michigan.gov/dtmb/-/media/Project/Websites/dtmb/Procurement/Contracts/MiDEAL/002/260000000712.pdf?rev=8d4ed14d634d466fa9207bb1d92c2458&hash=AAB40CFD3A7E1C61C7C17CA7044DBB4B,/Users/arshnoorkaur/Downloads/road_salt_tracker/data/raw/MI/doc_1.pdf,2026-08-27,MI,260000000712,2026-10-01,2027-09-30
3647,1,MI,Macomb,ARMADA AREA SCHOOLS,Detroit Salt,Detroit Salt,,2027,early_fill,50.0,71.26,3563.0,,39,deterministic_pdf,0.92,0.92,0.92,auto_accepted,,2026-08-27 20:03:49,https://www.michigan.gov/dtmb/-/media/Project/Websites/dtmb/Procurement/Contracts/MiDEAL/002/260000000712.pdf?rev=8d4ed14d634d466fa9207bb1d92c2458&hash=AAB40CFD3A7E1C61C7C17CA7044DBB4B,/Users/arshnoorkaur/Downloads/road_salt_tracker/data/raw/MI/doc_1.pdf,2026-08-27,MI,260000000712,2026-10-01,2027-09-30
3648,1,MI,Macomb,CLINTON CHARTER TOWNSHIP,Detroit Salt,Detroit Salt,,2027,early_fill,150.0,71.26,10689.0,,39,deterministic_pdf,0.92,0.92,0.92,auto_accepted,,2026-08-27 20:03:49,https://www.michigan.gov/dtmb/-/media/Project/Websites/dtmb/Procurement/Contracts/MiDEAL/002/260000000712.pdf?rev=8d4ed14d634d466fa9207bb1d92c2458&hash=AAB40CFD3A7E1C61C7C17CA7044DBB4B,/Users/arshnoorkaur/Downloads/road_salt_tracker/data/raw/MI/doc_1.pdf,2026-08-27,MI,260000000712,2026-10-01,2027-09-30
3649,1,MI,Oakland,"AUBURN HILLS, CITY OF",Detroit Salt,Detroit Salt,,2027,early_fill,3000.0,74.03,222090.0,,39,deterministic_pdf,0.92,0.92,0.92,auto_accepted,,2026-08-27 20:03:49,https://www.michigan.gov/dtmb/-/media/Project/Websites/dtmb/Procurement/Contracts/MiDEAL/002/260000000712.pdf?rev=8d4ed14d634d466fa9207bb1d92c2458&hash=AAB40CFD3A7E1C61C7C17CA7044DBB4B,/Users/arshnoorkaur/Downloads/road_salt_tracker/data/raw/MI/doc_1.pdf,2026-08-27,MI,260000000712,2026-10-01,2027-09-30
3650,1,MI,Oakland,"ROYAL OAK, CITY OF",Detroit Salt,Detroit Salt,,2027,early_fill,500.0,74.03,37015.0,,39,deterministic_pdf,0.92,0.92,0.92,auto_accepted,,2026-08-27 20:03:49,https://www.michigan.gov/dtmb/-/media/Project/Websites/dtmb/Procurement/Contracts/MiDEAL/002/260000000712.pdf?rev=8d4ed14d634d466fa9207bb1d92c2458&hash=AAB40CFD3A7E1C61C7C17CA7044DBB4B,/Users/arshnoorkaur/Downloads/road_salt_tracker/data/raw/MI/doc_1.pdf,2026-08-27,MI,260000000712,2026-10-01,2027-09-30
3651,1,MI,Oakland,OAK PARK SCHOOL DISTRICT,Detroit Salt,Detroit Salt,,2027,early_fill,50.0,74.03,3701.5,,39,deterministic_pdf,0.92,0.92,0.92,auto_accepted,,2026-08-27 20:03:49,https://www.michigan.gov/dtmb/-/media/Project/Websites/dtmb/Procurement/Contracts/MiDEAL/002/260000000712.pdf?rev=8d4ed14d634d466fa9207bb1d92c2458&hash=AAB40CFD3A7E1C61C7C17CA7044DBB4B,/Users/arshnoorkaur/Downloads/road_salt_tracker/data/raw/MI/doc_1.pdf,2026-08-27,MI,260000000712,2026-10-01,2027-09-30
3652,1,MI,Oakland,"OAKLAND, COUNTY OF",Detroit Salt,Detroit Salt,,2027,early_fill,500.0,74.03,37015.0,,39,deterministic_pdf,0.92,0.92,0.92,auto_accepted,,2026-08-27 20:03:49,https://www.michigan.gov/dtmb/-/media/Project/Websites/dtmb/Procurement/Contracts/MiDEAL/002/260000000712.pdf?rev=8d4ed14d634d466fa9207bb1d92c2458&hash=AAB40CFD3A7E1C61C7C17CA7044DBB4B,/Users/arshnoorkaur/Downloads/road_salt_tracker/data/raw/MI/doc_1.pdf,2026-08-27,MI,260000000712,2026-10-01,2027-09-30
3653,1,MI,Oakland,"BIRMINGHAM, CITY OF",Detroit Salt,Detroit Salt,,2027,early_fill,2500.0,74.03,185075.0,,39,deterministic_pdf,0.92,0.92,0.92,auto_accepted,,2026-08-27 20:03:49,https://www.michigan.gov/dtmb/-/media/Project/Websites/dtmb/Procurement/Contracts/MiDEAL/002/260000000712.pdf?rev=8d4ed14d634d466fa9207bb1d92c2458&hash=AAB40CFD3A7E1C61C7C17CA7044DBB4B,/Users/arshnoorkaur/Downloads/road_salt_tracker/data/raw/MI/doc_1.pdf,2026-08-27,MI,260000000712,2026-10-01,2027-09-30
3654,1,MI,Oakland,HOLLY SCHOOL DISTRICT,Detroit Salt,Detroit Salt,,2027,early_fill,150.0,74.03,11104.5,,39,deterministic_pdf,0.92,0.92,0.92,auto_accepted,,2026-08-27 20:03:49,https://www.michigan.gov/dtmb/-/media/Project/Websites/dtmb/Procurement/Contracts/MiDEAL/002/260000000712.pdf?rev=8d4ed14d634d466fa9207bb1d92c2458&hash=AAB40CFD3A7E1C61C7C17CA7044DBB4B,/Users/arshnoorkaur/Downloads/road_salt_tracker/data/raw/MI/doc_1.pdf,2026-08-27,MI,260000000712,2026-10-01,2027-09-30
3655,1,MI,Oakland,"FERNDALE, CITY OF",Detroit Salt,Detroit Salt,,2027,early_fill,300.0,74.03,22209.0,,39,deterministic_pdf,0.92,0.92,0.92,auto_accepted,,2026-08-27 20:03:49,https://www.michigan.gov/dtmb/-/media/Project/Websites/dtmb/Procurement/Contracts/MiDEAL/002/260000000712.pdf?rev=8d4ed14d634d466fa9207bb1d92c2458&hash=AAB40CFD3A7E1C61C7C17CA7044DBB4B,/Users/arshnoorkaur/Downloads/road_salt_tracker/data/raw/MI/doc_1.pdf,2026-08-27,MI,260000000712,2026-10-01,2027-09-30
3656,1,MI,Oakland,"HOLLY, VILLAGE OF",Detroit Salt,Detroit Salt,,2027,early_fill,200.0,74.03,14806.0,,39,deterministic_pdf,0.92,0.92,0.92,auto_accepted,,2026-08-27 20:03:49,https://www.michigan.gov/dtmb/-/media/Project/Websites/dtmb/Procurement/Contracts/MiDEAL/002/260000000712.pdf?rev=8d4ed14d634d466fa9207bb1d92c2458&hash=AAB40CFD3A7E1C61C7C17CA7044DBB4B,/Users/arshnoorkaur/Downloads/road_salt_tracker/data/raw/MI/doc_1.pdf,2026-08-27,MI,260000000712,2026-10-01,2027-09-30
3657,1,MI,Oakland,WALLED LAKE CONSOLIDATED SCHOOLS,Detroit Salt,Detroit Salt,,2027,early_fill,100.0,74.03,7403.0,,39,deterministic_pdf,0.92,0.92,0.92,auto_accepted,,2026-08-27 20:03:49,https://www.michigan.gov/dtmb/-/media/Project/Websites/dtmb/Procurement/Contracts/MiDEAL/002/260000000712.pdf?rev=8d4ed14d634d466fa9207bb1d92c2458&hash=AAB40CFD3A7E1C61C7C17CA7044DBB4B,/Users/arshnoorkaur/Downloads/road_salt_tracker/data/raw/MI/doc_1.pdf,2026-08-27,MI,260000000712,2026-10-01,2027-09-30
3658,1,MI,Oakland,"BEVERLY HILLS, VILLAGE OF",Detroit Salt,Detroit Salt,,2027,early_fill,700.0,74.03,51821.0,,39,deterministic_pdf,0.92,0.92,0.92,auto_accepted,,2026-08-27 20:03:49,https://www.michigan.gov/dtmb/-/media/Project/Websites/dtmb/Procurement/Contracts/MiDEAL/002/260000000712.pdf?rev=8d4ed14d634d466fa9207bb1d92c2458&hash=AAB40CFD3A7E1C61C7C17CA7044DBB4B,/Users/arshnoorkaur/Downloads/road_salt_tracker/data/raw/MI/doc_1.pdf,2026-08-27,MI,260000000712,2026-10-01,2027-09-30
3659,1,MI,Oakland,"HAZEL PARK, CITY OF",Detroit Salt,Detroit Salt,,2027,early_fill,650.0,74.03,48119.5,,39,deterministic_pdf,0.92,0.92,0.92,auto_accepted,,2026-08-27 20:03:49,https://www.michigan.gov/dtmb/-/media/Project/Websites/dtmb/Procurement/Contracts/MiDEAL/002/260000000712.pdf?rev=8d4ed14d634d466fa9207bb1d92c2458&hash=AAB40CFD3A7E1C61C7C17CA7044DBB4B,/Users/arshnoorkaur/Downloads/road_salt_tracker/data/raw/MI/doc_1.pdf,2026-08-27,MI,260000000712,2026-10-01,2027-09-30
3660,1,MI,Oakland,BRANDON SCHOOL DISTRICT,Detroit Salt,Detroit Salt,,2027,early_fill,50.0,74.03,3701.5,,39,deterministic_pdf,0.92,0.92,0.92,auto_accepted,,2026-08-27 20:03:49,https://www.michigan.gov/dtmb/-/media/Project/Websites/dtmb/Procurement/Contracts/MiDEAL/002/260000000712.pdf?rev=8d4ed14d634d466fa9207bb1d92c2458&hash=AAB40CFD3A7E1C61C7C17CA7044DBB4B,/Users/arshnoorkaur/Downloads/road_salt_tracker/data/raw/MI/doc_1.pdf,2026-08-27,MI,260000000712,2026-10-01,2027-09-30
3661,1,MI,Oakland,"LAKE ORION, VILLAGE OF",Detroit Salt,Detroit Salt,,2027,early_fill,50.0,74.03,3701.5,,39,deterministic_pdf,0.92,0.92,0.92,auto_accepted,,2026-08-27 20:03:49,https://www.michigan.gov/dtmb/-/media/Project/Websites/dtmb/Procurement/Contracts/MiDEAL/002/260000000712.pdf?rev=8d4ed14d634d466fa9207bb1d92c2458&hash=AAB40CFD3A7E1C61C7C17CA7044DBB4B,/Users/arshnoorkaur/Downloads/road_salt_tracker/data/raw/MI/doc_1.pdf,2026-08-27,MI,260000000712,2026-10-01,2027-09-30
3662,1,MI,Oakland,ROCHESTER COMMUNITY SCHOOL DISTRICT,Detroit Salt,Detroit Salt,,2027,early_fill,800.0,74.03,59224.0,,39,deterministic_pdf,0.92,0.92,0.92,auto_accepted,,2026-08-27 20:03:49,https://www.michigan.gov/dtmb/-/media/Project/Websites/dtmb/Procurement/Contracts/MiDEAL/002/260000000712.pdf?rev=8d4ed14d634d466fa9207bb1d92c2458&hash=AAB40CFD3A7E1C61C7C17CA7044DBB4B,/Users/arshnoorkaur/Downloads/road_salt_tracker/data/raw/MI/doc_1.pdf,2026-08-27,MI,260000000712,2026-10-01,2027-09-30
3663,1,MI,Oakland,"MILFORD, VILLAGE OF",Detroit Salt,Detroit Salt,,2027,early_fill,350.0,74.03,25910.5,,39,deterministic_pdf,0.92,0.92,0.92,auto_accepted,,2026-08-27 20:03:49,https://www.michigan.gov/dtmb/-/media/Project/Websites/dtmb/Procurement/Contracts/MiDEAL/002/260000000712.pdf?rev=8d4ed14d634d466fa9207bb1d92c2458&hash=AAB40CFD3A7E1C61C7C17CA7044DBB4B,/Users/arshnoorkaur/Downloads/road_salt_tracker/data/raw/MI/doc_1.pdf,2026-08-27,MI,260000000712,2026-10-01,2027-09-30
3664,1,MI,Oakland,"PLEASANT RIDGE, CITY OF",Detroit Salt,Detroit Salt,,2027,early_fill,100.0,74.03,7403.0,,39,deterministic_pdf,0.92,0.92,0.92,auto_accepted,,2026-08-27 20:03:49,https://www.michigan.gov/dtmb/-/media/Project/Websites/dtmb/Procurement/Contracts/MiDEAL/002/260000000712.pdf?rev=8d4ed14d634d466fa9207bb1d92c2458&hash=AAB40CFD3A7E1C61C7C17CA7044DBB4B,/Users/arshnoorkaur/Downloads/road_salt_tracker/data/raw/MI/doc_1.pdf,2026-08-27,MI,260000000712,2026-10-01,2027-09-30
3665,1,MI,Wayne,GARDEN CITY PUBLIC SCHOOLS,Detroit Salt,Detroit Salt,,2027,early_fill,50.0,66.94,3347.0,,39,deterministic_pdf,0.92,0.92,0.92,auto_accepted,,2026-08-27 20:03:49,https://www.michigan.gov/dtmb/-/media/Project/Websites/dtmb/Procurement/Contracts/MiDEAL/002/260000000712.pdf?rev=8d4ed14d634d466fa9207bb1d92c2458&hash=AAB40CFD3A7E1C61C7C17CA7044DBB4B,/Users/arshnoorkaur/Downloads/road_salt_tracker/data/raw/MI/doc_1.pdf,2026-08-27,MI,260000000712,2026-10-01,2027-09-30
3666,1,MI,Wayne,"DEARBORN, CITY OF",Detroit Salt,Detroit Salt,,2027,early_fill,9000.0,66.94,602460.0,,39,deterministic_pdf,0.92,0.92,0.92,auto_accepted,,2026-08-27 20:03:49,https://www.michigan.gov/dtmb/-/media/Project/Websites/dtmb/Procurement/Contracts/MiDEAL/002/260000000712.pdf?rev=8d4ed14d634d466fa9207bb1d92c2458&hash=AAB40CFD3A7E1C61C7C17CA7044DBB4B,/Users/arshnoorkaur/Downloads/road_salt_tracker/data/raw/MI/doc_1.pdf,2026-08-27,MI,260000000712,2026-10-01,2027-09-30
3667,1,MI,Wayne,"GROSSE POINTE, CITY OF",Detroit Salt,Detroit Salt,,2027,early_fill,50.0,66.94,3347.0,,39,deterministic_pdf,0.92,0.92,0.92,auto_accepted,,2026-08-27 20:03:49,https://www.michigan.gov/dtmb/-/media/Project/Websites/dtmb/Procurement/Contracts/MiDEAL/002/260000000712.pdf?rev=8d4ed14d634d466fa9207bb1d92c2458&hash=AAB40CFD3A7E1C61C7C17CA7044DBB4B,/Users/arshnoorkaur/Downloads/road_salt_tracker/data/raw/MI/doc_1.pdf,2026-08-27,MI,260000000712,2026-10-01,2027-09-30
3668,1,MI,Wayne,DEARBORN PUBLIC SCHOOLS,Detroit Salt,Detroit Salt,,2027,early_fill,50.0,66.94,3347.0,,39,deterministic_pdf,0.92,0.92,0.92,auto_accepted,,2026-08-27 20:03:49,https://www.michigan.gov/dtmb/-/media/Project/Websites/dtmb/Procurement/Contracts/MiDEAL/002/260000000712.pdf?rev=8d4ed14d634d466fa9207bb1d92c2458&hash=AAB40CFD3A7E1C61C7C17CA7044DBB4B,/Users/arshnoorkaur/Downloads/road_salt_tracker/data/raw/MI/doc_1.pdf,2026-08-27,MI,260000000712,2026-10-01,2027-09-30
3669,1,MI,Wayne,WAYNE STATE UNIVERSITY,Detroit Salt,Detroit Salt,,2027,early_fill,50.0,66.94,3347.0,,39,deterministic_pdf,0.92,0.92,0.92,auto_accepted,,2026-08-27 20:03:49,https://www.michigan.gov/dtmb/-/media/Project/Websites/dtmb/Procurement/Contracts/MiDEAL/002/260000000712.pdf?rev=8d4ed14d634d466fa9207bb1d92c2458&hash=AAB40CFD3A7E1C61C7C17CA7044DBB4B,/Users/arshnoorkaur/Downloads/road_salt_tracker/data/raw/MI/doc_1.pdf,2026-08-27,MI,260000000712,2026-10-01,2027-09-30
3670,1,MI,Wayne,PLYMOUTH CANTON SCHOOLS,Detroit Salt,Detroit Salt,,2027,early_fill,200.0,66.94,13388.0,,40,deterministic_pdf,0.92,0.92,0.92,auto_accepted,,2026-08-27 20:03:49,https://www.michigan.gov/dtmb/-/media/Project/Websites/dtmb/Procurement/Contracts/MiDEAL/002/260000000712.pdf?rev=8d4ed14d634d466fa9207bb1d92c2458&hash=AAB40CFD3A7E1C61C7C17CA7044DBB4B,/Users/arshnoorkaur/Downloads/road_salt_tracker/data/raw/MI/doc_1.pdf,2026-08-27,MI,260000000712,2026-10-01,2027-09-30
3671,1,MI,Wayne,"FLAT ROCK, CITY OF",Detroit Salt,Detroit Salt,,2027,early_fill,200.0,66.94,13388.0,,40,deterministic_pdf,0.92,0.92,0.92,auto_accepted,,2026-08-27 20:03:49,https://www.michigan.gov/dtmb/-/media/Project/Websites/dtmb/Procurement/Contracts/MiDEAL/002/260000000712.pdf?rev=8d4ed14d634d466fa9207bb1d92c2458&hash=AAB40CFD3A7E1C61C7C17CA7044DBB4B,/Users/arshnoorkaur/Downloads/road_salt_tracker/data/raw/MI/doc_1.pdf,2026-08-27,MI,260000000712,2026-10-01,2027-09-30
3672,1,MI,Wayne,Northville Township,Detroit Salt,Detroit Salt,,2027,early_fill,100.0,66.94,6694.0,,40,deterministic_pdf,0.92,0.92,0.92,auto_accepted,,2026-08-27 20:03:49,https://www.michigan.gov/dtmb/-/media/Project/Websites/dtmb/Procurement/Contracts/MiDEAL/002/260000000712.pdf?rev=8d4ed14d634d466fa9207bb1d92c2458&hash=AAB40CFD3A7E1C61C7C17CA7044DBB4B,/Users/arshnoorkaur/Downloads/road_salt_tracker/data/raw/MI/doc_1.pdf,2026-08-27,MI,260000000712,2026-10-01,2027-09-30
3673,1,MI,Wayne,SOUTHGATE COMMUNITY SCHOOL DISTRICT,Detroit Salt,Detroit Salt,,2027,early_fill,50.0,66.94,3347.0,,40,deterministic_pdf,0.92,0.92,0.92,auto_accepted,,2026-08-27 20:03:49,https://www.michigan.gov/dtmb/-/media/Project/Websites/dtmb/Procurement/Contracts/MiDEAL/002/260000000712.pdf?rev=8d4ed14d634d466fa9207bb1d92c2458&hash=AAB40CFD3A7E1C61C7C17CA7044DBB4B,/Users/arshnoorkaur/Downloads/road_salt_tracker/data/raw/MI/doc_1.pdf,2026-08-27,MI,260000000712,2026-10-01,2027-09-30
3674,1,MI,Wayne,"Ecorse, City of",Detroit Salt,Detroit Salt,,2027,early_fill,300.0,66.94,20082.0,,40,deterministic_pdf,0.92,0.92,0.92,auto_accepted,,2026-08-27 20:03:49,https://www.michigan.gov/dtmb/-/media/Project/Websites/dtmb/Procurement/Contracts/MiDEAL/002/260000000712.pdf?rev=8d4ed14d634d466fa9207bb1d92c2458&hash=AAB40CFD3A7E1C61C7C17CA7044DBB4B,/Users/arshnoorkaur/Downloads/road_salt_tracker/data/raw/MI/doc_1.pdf,2026-08-27,MI,260000000712,2026-10-01,2027-09-30
3675,1,MI,Wayne,VAN BUREN PUBLIC SCHOOLS,Detroit Salt,Detroit Salt,,2027,early_fill,100.0,66.94,6694.0,,40,deterministic_pdf,0.92,0.92,0.92,auto_accepted,,2026-08-27 20:03:49,https://www.michigan.gov/dtmb/-/media/Project/Websites/dtmb/Procurement/Contracts/MiDEAL/002/260000000712.pdf?rev=8d4ed14d634d466fa9207bb1d92c2458&hash=AAB40CFD3A7E1C61C7C17CA7044DBB4B,/Users/arshnoorkaur/Downloads/road_salt_tracker/data/raw/MI/doc_1.pdf,2026-08-27,MI,260000000712,2026-10-01,2027-09-30
3676,1,MI,Wayne,GREAT LAKES WATER AUTHORITY,Detroit Salt,Detroit Salt,,2027,early_fill,500.0,66.94,33470.0,,40,deterministic_pdf,0.92,0.92,0.92,auto_accepted,,2026-08-27 20:03:49,https://www.michigan.gov/dtmb/-/media/Project/Websites/dtmb/Procurement/Contracts/MiDEAL/002/260000000712.pdf?rev=8d4ed14d634d466fa9207bb1d92c2458&hash=AAB40CFD3A7E1C61C7C17CA7044DBB4B,/Users/arshnoorkaur/Downloads/road_salt_tracker/data/raw/MI/doc_1.pdf,2026-08-27,MI,260000000712,2026-10-01,2027-09-30
3677,1,MI,Wayne,Northville Township,Detroit Salt,Detroit Salt,,2027,early_fill,50.0,66.94,3347.0,,40,deterministic_pdf,0.92,0.92,0.92,auto_accepted,,2026-08-27 20:03:49,https://www.michigan.gov/dtmb/-/media/Project/Websites/dtmb/Procurement/Contracts/MiDEAL/002/260000000712.pdf?rev=8d4ed14d634d466fa9207bb1d92c2458&hash=AAB40CFD3A7E1C61C7C17CA7044DBB4B,/Users/arshnoorkaur/Downloads/road_salt_tracker/data/raw/MI/doc_1.pdf,2026-08-27,MI,260000000712,2026-10-01,2027-09-30
3678,1,MI,Wayne,"Highland Park, City of",Detroit Salt,Detroit Salt,,2027,early_fill,400.0,66.94,26776.0,,40,deterministic_pdf,0.92,0.92,0.92,auto_accepted,,2026-08-27 20:03:49,https://www.michigan.gov/dtmb/-/media/Project/Websites/dtmb/Procurement/Contracts/MiDEAL/002/260000000712.pdf?rev=8d4ed14d634d466fa9207bb1d92c2458&hash=AAB40CFD3A7E1C61C7C17CA7044DBB4B,/Users/arshnoorkaur/Downloads/road_salt_tracker/data/raw/MI/doc_1.pdf,2026-08-27,MI,260000000712,2026-10-01,2027-09-30
3679,1,MI,Kalkaska,KALKASKA COUNTY ROAD COMMISSION,Detroit Salt,Detroit Salt,,2027,seasonal_fill,1500.0,80.11,120165.0,,41,deterministic_pdf,0.92,0.92,0.92,auto_accepted,,2026-08-27 20:03:49,https://www.michigan.gov/dtmb/-/media/Project/Websites/dtmb/Procurement/Contracts/MiDEAL/002/260000000712.pdf?rev=8d4ed14d634d466fa9207bb1d92c2458&hash=AAB40CFD3A7E1C61C7C17CA7044DBB4B,/Users/arshnoorkaur/Downloads/road_salt_tracker/data/raw/MI/doc_1.pdf,2026-08-27,MI,260000000712,2026-10-01,2027-09-30
3680,1,MI,Barry,"MIDDLEVILLE, VILLAGE OF",Detroit Salt,Detroit Salt,,2027,seasonal_fill,300.0,73.26,21978.0,,41,deterministic_pdf,0.92,0.92,0.92,auto_accepted,,2026-08-27 20:03:49,https://www.michigan.gov/dtmb/-/media/Project/Websites/dtmb/Procurement/Contracts/MiDEAL/002/260000000712.pdf?rev=8d4ed14d634d466fa9207bb1d92c2458&hash=AAB40CFD3A7E1C61C7C17CA7044DBB4B,/Users/arshnoorkaur/Downloads/road_salt_tracker/data/raw/MI/doc_1.pdf,2026-08-27,MI,260000000712,2026-10-01,2027-09-30
3681,1,MI,Barry,BARRY COUNTY ROAD COMMISSION,Detroit Salt,Detroit Salt,,2027,seasonal_fill,5000.0,73.26,366300.0,,41,deterministic_pdf,0.92,0.92,0.92,auto_accepted,,2026-08-27 20:03:49,https://www.michigan.gov/dtmb/-/media/Project/Websites/dtmb/Procurement/Contracts/MiDEAL/002/260000000712.pdf?rev=8d4ed14d634d466fa9207bb1d92c2458&hash=AAB40CFD3A7E1C61C7C17CA7044DBB4B,/Users/arshnoorkaur/Downloads/road_salt_tracker/data/raw/MI/doc_1.pdf,2026-08-27,MI,260000000712,2026-10-01,2027-09-30
3682,1,MI,Barry,HASTINGS CITY OF,Detroit Salt,Detroit Salt,,2027,seasonal_fill,700.0,73.26,51282.0,,41,deterministic_pdf,0.92,0.92,0.92,auto_accepted,,2026-08-27 20:03:49,https://www.michigan.gov/dtmb/-/media/Project/Websites/dtmb/Procurement/Contracts/MiDEAL/002/260000000712.pdf?rev=8d4ed14d634d466fa9207bb1d92c2458&hash=AAB40CFD3A7E1C61C7C17CA7044DBB4B,/Users/arshnoorkaur/Downloads/road_salt_tracker/data/raw/MI/doc_1.pdf,2026-08-27,MI,260000000712,2026-10-01,2027-09-30
3683,1,MI,Barry,THORNAPPLE KELLOGG SCHOOLS,Detroit Salt,Detroit Salt,,2027,seasonal_fill,100.0,73.26,7326.0,,41,deterministic_pdf,0.92,0.92,0.92,auto_accepted,,2026-08-27 20:03:49,https://www.michigan.gov/dtmb/-/media/Project/Websites/dtmb/Procurement/Contracts/MiDEAL/002/260000000712.pdf?rev=8d4ed14d634d466fa9207bb1d92c2458&hash=AAB40CFD3A7E1C61C7C17CA7044DBB4B,/Users/arshnoorkaur/Downloads/road_salt_tracker/data/raw/MI/doc_1.pdf,2026-08-27,MI,260000000712,2026-10-01,2027-09-30
3684,1,MI,Barry,"NASHVILLE, VILLAGE OF",Detroit Salt,Detroit Salt,,2027,seasonal_fill,150.0,73.26,10989.0,,41,deterministic_pdf,0.92,0.92,0.92,auto_accepted,,2026-08-27 20:03:49,https://www.michigan.gov/dtmb/-/media/Project/Websites/dtmb/Procurement/Contracts/MiDEAL/002/260000000712.pdf?rev=8d4ed14d634d466fa9207bb1d92c2458&hash=AAB40CFD3A7E1C61C7C17CA7044DBB4B,/Users/arshnoorkaur/Downloads/road_salt_tracker/data/raw/MI/doc_1.pdf,2026-08-27,MI,260000000712,2026-10-01,2027-09-30
3685,1,MI,Ionia,"IONIA, CITY OF",Detroit Salt,Detroit Salt,,2027,seasonal_fill,600.0,73.24,43944.0,,41,deterministic_pdf,0.92,0.92,0.92,auto_accepted,,2026-08-27 20:03:49,https://www.michigan.gov/dtmb/-/media/Project/Websites/dtmb/Procurement/Contracts/MiDEAL/002/260000000712.pdf?rev=8d4ed14d634d466fa9207bb1d92c2458&hash=AAB40CFD3A7E1C61C7C17CA7044DBB4B,/Users/arshnoorkaur/Downloads/road_salt_tracker/data/raw/MI/doc_1.pdf,2026-08-27,MI,260000000712,2026-10-01,2027-09-30
3686,1,MI,Ionia,LAKE ODESSA VILLAGE OF,Detroit Salt,Detroit Salt,,2027,seasonal_fill,100.0,73.24,7324.0,,41,deterministic_pdf,0.92,0.92,0.92,auto_accepted,,2026-08-27 20:03:49,https://www.michigan.gov/dtmb/-/media/Project/Websites/dtmb/Procurement/Contracts/MiDEAL/002/260000000712.pdf?rev=8d4ed14d634d466fa9207bb1d92c2458&hash=AAB40CFD3A7E1C61C7C17CA7044DBB4B,/Users/arshnoorkaur/Downloads/road_salt_tracker/data/raw/MI/doc_1.pdf,2026-08-27,MI,260000000712,2026-10-01,2027-09-30
3687,1,MI,Ionia,"SARANAC, VILLAGE OF",Detroit Salt,Detroit Salt,,2027,seasonal_fill,50.0,73.24,3662.0,,41,deterministic_pdf,0.92,0.92,0.92,auto_accepted,,2026-08-27 20:03:49,https://www.michigan.gov/dtmb/-/media/Project/Websites/dtmb/Procurement/Contracts/MiDEAL/002/260000000712.pdf?rev=8d4ed14d634d466fa9207bb1d92c2458&hash=AAB40CFD3A7E1C61C7C17CA7044DBB4B,/Users/arshnoorkaur/Downloads/road_salt_tracker/data/raw/MI/doc_1.pdf,2026-08-27,MI,260000000712,2026-10-01,2027-09-30
3688,1,MI,Ionia,"PORTLAND, CITY OF",Detroit Salt,Detroit Salt,,2027,seasonal_fill,250.0,73.24,18310.0,,41,deterministic_pdf,0.92,0.92,0.92,auto_accepted,,2026-08-27 20:03:49,https://www.michigan.gov/dtmb/-/media/Project/Websites/dtmb/Procurement/Contracts/MiDEAL/002/260000000712.pdf?rev=8d4ed14d634d466fa9207bb1d92c2458&hash=AAB40CFD3A7E1C61C7C17CA7044DBB4B,/Users/arshnoorkaur/Downloads/road_salt_tracker/data/raw/MI/doc_1.pdf,2026-08-27,MI,260000000712,2026-10-01,2027-09-30
3689,1,MI,Ionia,"BELDING, CITY OF",Detroit Salt,Detroit Salt,,2027,seasonal_fill,800.0,73.24,58592.0,,41,deterministic_pdf,0.92,0.92,0.92,auto_accepted,,2026-08-27 20:03:49,https://www.michigan.gov/dtmb/-/media/Project/Websites/dtmb/Procurement/Contracts/MiDEAL/002/260000000712.pdf?rev=8d4ed14d634d466fa9207bb1d92c2458&hash=AAB40CFD3A7E1C61C7C17CA7044DBB4B,/Users/arshnoorkaur/Downloads/road_salt_tracker/data/raw/MI/doc_1.pdf,2026-08-27,MI,260000000712,2026-10-01,2027-09-30
3690,1,MI,Ionia,IONIA COUNTY ROAD COMMISSION,Detroit Salt,Detroit Salt,,2027,seasonal_fill,1200.0,73.24,87888.0,,41,deterministic_pdf,0.92,0.92,0.92,auto_accepted,,2026-08-27 20:03:49,https://www.michigan.gov/dtmb/-/media/Project/Websites/dtmb/Procurement/Contracts/MiDEAL/002/260000000712.pdf?rev=8d4ed14d634d466fa9207bb1d92c2458&hash=AAB40CFD3A7E1C61C7C17CA7044DBB4B,/Users/arshnoorkaur/Downloads/road_salt_tracker/data/raw/MI/doc_1.pdf,2026-08-27,MI,260000000712,2026-10-01,2027-09-30
3691,1,MI,Ionia,IONIA COUNTY ROAD COMMISSION,Detroit Salt,Detroit Salt,,2027,seasonal_fill,600.0,73.24,43944.0,,41,deterministic_pdf,0.92,0.92,0.92,auto_accepted,,2026-08-27 20:03:49,https://www.michigan.gov/dtmb/-/media/Project/Websites/dtmb/Procurement/Contracts/MiDEAL/002/260000000712.pdf?rev=8d4ed14d634d466fa9207bb1d92c2458&hash=AAB40CFD3A7E1C61C7C17CA7044DBB4B,/Users/arshnoorkaur/Downloads/road_salt_tracker/data/raw/MI/doc_1.pdf,2026-08-27,MI,260000000712,2026-10-01,2027-09-30
3692,1,MI,Arenac,ARENAC COUNTY ROAD COMMISSION,Detroit Salt,Detroit Salt,,2027,seasonal_fill,500.0,67.55,33775.0,,41,deterministic_pdf,0.92,0.92,0.92,auto_accepted,,2026-08-27 20:03:49,https://www.michigan.gov/dtmb/-/media/Project/Websites/dtmb/Procurement/Contracts/MiDEAL/002/260000000712.pdf?rev=8d4ed14d634d466fa9207bb1d92c2458&hash=AAB40CFD3A7E1C61C7C17CA7044DBB4B,/Users/arshnoorkaur/Downloads/road_salt_tracker/data/raw/MI/doc_1.pdf,2026-08-27,MI,260000000712,2026-10-01,2027-09-30
3693,1,MI,Arenac,SAGINAW CHIPPEWA INDIAN TRIBE,Detroit Salt,Detroit Salt,,2027,seasonal_fill,200.0,67.55,13510.0,,41,deterministic_pdf,0.92,0.92,0.92,auto_accepted,,2026-08-27 20:03:49,https://www.michigan.gov/dtmb/-/media/Project/Websites/dtmb/Procurement/Contracts/MiDEAL/002/260000000712.pdf?rev=8d4ed14d634d466fa9207bb1d92c2458&hash=AAB40CFD3A7E1C61C7C17CA7044DBB4B,/Users/arshnoorkaur/Downloads/road_salt_tracker/data/raw/MI/doc_1.pdf,2026-08-27,MI,260000000712,2026-10-01,2027-09-30
3694,1,MI,Arenac,"STANDISH, CITY OF",Detroit Salt,Detroit Salt,,2027,seasonal_fill,200.0,67.55,13510.0,,41,deterministic_pdf,0.92,0.92,0.92,auto_accepted,,2026-08-27 20:03:49,https://www.michigan.gov/dtmb/-/media/Project/Websites/dtmb/Procurement/Contracts/MiDEAL/002/260000000712.pdf?rev=8d4ed14d634d466fa9207bb1d92c2458&hash=AAB40CFD3A7E1C61C7C17CA7044DBB4B,/Users/arshnoorkaur/Downloads/road_salt_tracker/data/raw/MI/doc_1.pdf,2026-08-27,MI,260000000712,2026-10-01,2027-09-30
3695,1,MI,Bay,"AUBURN, CITY OF",Detroit Salt,Detroit Salt,,2027,seasonal_fill,100.0,62.68,6268.0,,41,deterministic_pdf,0.92,0.92,0.92,auto_accepted,,2026-08-27 20:03:49,https://www.michigan.gov/dtmb/-/media/Project/Websites/dtmb/Procurement/Contracts/MiDEAL/002/260000000712.pdf?rev=8d4ed14d634d466fa9207bb1d92c2458&hash=AAB40CFD3A7E1C61C7C17CA7044DBB4B,/Users/arshnoorkaur/Downloads/road_salt_tracker/data/raw/MI/doc_1.pdf,2026-08-27,MI,260000000712,2026-10-01,2027-09-30
3696,1,MI,Bay,BAY COUNTY ROAD COMMISSION,Detroit Salt,Detroit Salt,,2027,seasonal_fill,2000.0,62.68,125360.0,,41,deterministic_pdf,0.92,0.92,0.92,auto_accepted,,2026-08-27 20:03:49,https://www.michigan.gov/dtmb/-/media/Project/Websites/dtmb/Procurement/Contracts/MiDEAL/002/260000000712.pdf?rev=8d4ed14d634d466fa9207bb1d92c2458&hash=AAB40CFD3A7E1C61C7C17CA7044DBB4B,/Users/arshnoorkaur/Downloads/road_salt_tracker/data/raw/MI/doc_1.pdf,2026-08-27,MI,260000000712,2026-10-01,2027-09-30
3697,1,MI,Bay,BAY COUNTY ROAD COMMISSION,Detroit Salt,Detroit Salt,,2027,seasonal_fill,1000.0,62.68,62680.0,,41,deterministic_pdf,0.92,0.92,0.92,auto_accepted,,2026-08-27 20:03:49,https://www.michigan.gov/dtmb/-/media/Project/Websites/dtmb/Procurement/Contracts/MiDEAL/002/260000000712.pdf?rev=8d4ed14d634d466fa9207bb1d92c2458&hash=AAB40CFD3A7E1C61C7C17CA7044DBB4B,/Users/arshnoorkaur/Downloads/road_salt_tracker/data/raw/MI/doc_1.pdf,2026-08-27,MI,260000000712,2026-10-01,2027-09-30
3698,1,MI,Bay,DELTA COLLEGE,Detroit Salt,Detroit Salt,,2027,seasonal_fill,50.0,62.68,3134.0,,41,deterministic_pdf,0.92,0.92,0.92,auto_accepted,,2026-08-27 20:03:49,https://www.michigan.gov/dtmb/-/media/Project/Websites/dtmb/Procurement/Contracts/MiDEAL/002/260000000712.pdf?rev=8d4ed14d634d466fa9207bb1d92c2458&hash=AAB40CFD3A7E1C61C7C17CA7044DBB4B,/Users/arshnoorkaur/Downloads/road_salt_tracker/data/raw/MI/doc_1.pdf,2026-08-27,MI,260000000712,2026-10-01,2027-09-30
3699,1,MI,Bay,"ESSEXVILLE, CITY OF",Detroit Salt,Detroit Salt,,2027,seasonal_fill,50.0,62.68,3134.0,,41,deterministic_pdf,0.92,0.92,0.92,auto_accepted,,2026-08-27 20:03:49,https://www.michigan.gov/dtmb/-/media/Project/Websites/dtmb/Procurement/Contracts/MiDEAL/002/260000000712.pdf?rev=8d4ed14d634d466fa9207bb1d92c2458&hash=AAB40CFD3A7E1C61C7C17CA7044DBB4B,/Users/arshnoorkaur/Downloads/road_salt_tracker/data/raw/MI/doc_1.pdf,2026-08-27,MI,260000000712,2026-10-01,2027-09-30
3700,1,MI,Bay,"BAY CITY, CITY OF",Detroit Salt,Detroit Salt,,2027,seasonal_fill,100.0,62.68,6268.0,,41,deterministic_pdf,0.92,0.92,0.92,auto_accepted,,2026-08-27 20:03:49,https://www.michigan.gov/dtmb/-/media/Project/Websites/dtmb/Procurement/Contracts/MiDEAL/002/260000000712.pdf?rev=8d4ed14d634d466fa9207bb1d92c2458&hash=AAB40CFD3A7E1C61C7C17CA7044DBB4B,/Users/arshnoorkaur/Downloads/road_salt_tracker/data/raw/MI/doc_1.pdf,2026-08-27,MI,260000000712,2026-10-01,2027-09-30
3701,1,MI,Clare,MID MICHIGAN COMMUNITY COLLEGE,Detroit Salt,Detroit Salt,,2027,seasonal_fill,50.0,68.51,3425.5,,41,deterministic_pdf,0.92,0.92,0.92,auto_accepted,,2026-08-27 20:03:49,https://www.michigan.gov/dtmb/-/media/Project/Websites/dtmb/Procurement/Contracts/MiDEAL/002/260000000712.pdf?rev=8d4ed14d634d466fa9207bb1d92c2458&hash=AAB40CFD3A7E1C61C7C17CA7044DBB4B,/Users/arshnoorkaur/Downloads/road_salt_tracker/data/raw/MI/doc_1.pdf,2026-08-27,MI,260000000712,2026-10-01,2027-09-30
3702,1,MI,Clare,"FARWELL, VILLAGE OF",Detroit Salt,Detroit Salt,,2027,seasonal_fill,50.0,68.51,3425.5,,41,deterministic_pdf,0.92,0.92,0.92,auto_accepted,,2026-08-27 20:03:49,https://www.michigan.gov/dtmb/-/media/Project/Websites/dtmb/Procurement/Contracts/MiDEAL/002/260000000712.pdf?rev=8d4ed14d634d466fa9207bb1d92c2458&hash=AAB40CFD3A7E1C61C7C17CA7044DBB4B,/Users/arshnoorkaur/Downloads/road_salt_tracker/data/raw/MI/doc_1.pdf,2026-08-27,MI,260000000712,2026-10-01,2027-09-30
3703,1,MI,Clare,CLARE COUNTY ROAD COMMISSION,Detroit Salt,Detroit Salt,,2027,seasonal_fill,1000.0,68.51,68510.0,,41,deterministic_pdf,0.92,0.92,0.92,auto_accepted,,2026-08-27 20:03:49,https://www.michigan.gov/dtmb/-/media/Project/Websites/dtmb/Procurement/Contracts/MiDEAL/002/260000000712.pdf?rev=8d4ed14d634d466fa9207bb1d92c2458&hash=AAB40CFD3A7E1C61C7C17CA7044DBB4B,/Users/arshnoorkaur/Downloads/road_salt_tracker/data/raw/MI/doc_1.pdf,2026-08-27,MI,260000000712,2026-10-01,2027-09-30
3704,1,MI,Clare,"CLARE, CITY OF",Detroit Salt,Detroit Salt,,2027,seasonal_fill,150.0,68.51,10276.5,,41,deterministic_pdf,0.92,0.92,0.92,auto_accepted,,2026-08-27 20:03:49,https://www.michigan.gov/dtmb/-/media/Project/Websites/dtmb/Procurement/Contracts/MiDEAL/002/260000000712.pdf?rev=8d4ed14d634d466fa9207bb1d92c2458&hash=AAB40CFD3A7E1C61C7C17CA7044DBB4B,/Users/arshnoorkaur/Downloads/road_salt_tracker/data/raw/MI/doc_1.pdf,2026-08-27,MI,260000000712,2026-10-01,2027-09-30
3705,1,MI,Gladwin,"Beaverton, City of",Detroit Salt,Detroit Salt,,2027,seasonal_fill,100.0,69.98,6998.0,,41,deterministic_pdf,0.92,0.92,0.92,auto_accepted,,2026-08-27 20:03:49,https://www.michigan.gov/dtmb/-/media/Project/Websites/dtmb/Procurement/Contracts/MiDEAL/002/260000000712.pdf?rev=8d4ed14d634d466fa9207bb1d92c2458&hash=AAB40CFD3A7E1C61C7C17CA7044DBB4B,/Users/arshnoorkaur/Downloads/road_salt_tracker/data/raw/MI/doc_1.pdf,2026-08-27,MI,260000000712,2026-10-01,2027-09-30
3706,1,MI,Gladwin,GLADWIN COUNTY ROAD COMMISSION,Detroit Salt,Detroit Salt,,2027,seasonal_fill,1200.0,69.98,83976.0,,41,deterministic_pdf,0.92,0.92,0.92,auto_accepted,,2026-08-27 20:03:49,https://www.michigan.gov/dtmb/-/media/Project/Websites/dtmb/Procurement/Contracts/MiDEAL/002/260000000712.pdf?rev=8d4ed14d634d466fa9207bb1d92c2458&hash=AAB40CFD3A7E1C61C7C17CA7044DBB4B,/Users/arshnoorkaur/Downloads/road_salt_tracker/data/raw/MI/doc_1.pdf,2026-08-27,MI,260000000712,2026-10-01,2027-09-30
3707,1,MI,Gladwin,"GLADWIN, CITY OF",Detroit Salt,Detroit Salt,,2027,seasonal_fill,300.0,69.98,20994.0,,41,deterministic_pdf,0.92,0.92,0.92,auto_accepted,,2026-08-27 20:03:49,https://www.michigan.gov/dtmb/-/media/Project/Websites/dtmb/Procurement/Contracts/MiDEAL/002/260000000712.pdf?rev=8d4ed14d634d466fa9207bb1d92c2458&hash=AAB40CFD3A7E1C61C7C17CA7044DBB4B,/Users/arshnoorkaur/Downloads/road_salt_tracker/data/raw/MI/doc_1.pdf,2026-08-27,MI,260000000712,2026-10-01,2027-09-30
3708,1,MI,Gratiot,"DOC-Central Michigan Correctional Facility -
AGENCY",Detroit Salt,Detroit Salt,,2027,seasonal_fill,100.0,66.55,6655.0,,41,deterministic_pdf,0.92,0.92,0.92,auto_accepted,,2026-08-27 20:03:49,https://www.michigan.gov/dtmb/-/media/Project/Websites/dtmb/Procurement/Contracts/MiDEAL/002/260000000712.pdf?rev=8d4ed14d634d466fa9207bb1d92c2458&hash=AAB40CFD3A7E1C61C7C17CA7044DBB4B,/Users/arshnoorkaur/Downloads/road_salt_tracker/data/raw/MI/doc_1.pdf,2026-08-27,MI,260000000712,2026-10-01,2027-09-30
3709,1,MI,Gratiot,"ST. LOUIS, CITY OF",Detroit Salt,Detroit Salt,,2027,seasonal_fill,50.0,66.55,3327.5,,41,deterministic_pdf,0.92,0.92,0.92,auto_accepted,,2026-08-27 20:03:49,https://www.michigan.gov/dtmb/-/media/Project/Websites/dtmb/Procurement/Contracts/MiDEAL/002/260000000712.pdf?rev=8d4ed14d634d466fa9207bb1d92c2458&hash=AAB40CFD3A7E1C61C7C17CA7044DBB4B,/Users/arshnoorkaur/Downloads/road_salt_tracker/data/raw/MI/doc_1.pdf,2026-08-27,MI,260000000712,2026-10-01,2027-09-30
3710,1,MI,Gratiot,"ITHACA, CITY OF",Detroit Salt,Detroit Salt,,2027,seasonal_fill,200.0,66.55,13310.0,,41,deterministic_pdf,0.92,0.92,0.92,auto_accepted,,2026-08-27 20:03:49,https://www.michigan.gov/dtmb/-/media/Project/Websites/dtmb/Procurement/Contracts/MiDEAL/002/260000000712.pdf?rev=8d4ed14d634d466fa9207bb1d92c2458&hash=AAB40CFD3A7E1C61C7C17CA7044DBB4B,/Users/arshnoorkaur/Downloads/road_salt_tracker/data/raw/MI/doc_1.pdf,2026-08-27,MI,260000000712,2026-10-01,2027-09-30
3711,1,MI,Gratiot,"ALMA, CITY OF",Detroit Salt,Detroit Salt,,2027,seasonal_fill,100.0,66.55,6655.0,,41,deterministic_pdf,0.92,0.92,0.92,auto_accepted,,2026-08-27 20:03:49,https://www.michigan.gov/dtmb/-/media/Project/Websites/dtmb/Procurement/Contracts/MiDEAL/002/260000000712.pdf?rev=8d4ed14d634d466fa9207bb1d92c2458&hash=AAB40CFD3A7E1C61C7C17CA7044DBB4B,/Users/arshnoorkaur/Downloads/road_salt_tracker/data/raw/MI/doc_1.pdf,2026-08-27,MI,260000000712,2026-10-01,2027-09-30
3712,1,MI,Gratiot,GRATIOT COUNTY ROAD COMMISSION,Detroit Salt,Detroit Salt,,2027,seasonal_fill,700.0,66.55,46585.0,,41,deterministic_pdf,0.92,0.92,0.92,auto_accepted,,2026-08-27 20:03:49,https://www.michigan.gov/dtmb/-/media/Project/Websites/dtmb/Procurement/Contracts/MiDEAL/002/260000000712.pdf?rev=8d4ed14d634d466fa9207bb1d92c2458&hash=AAB40CFD3A7E1C61C7C17CA7044DBB4B,/Users/arshnoorkaur/Downloads/road_salt_tracker/data/raw/MI/doc_1.pdf,2026-08-27,MI,260000000712,2026-10-01,2027-09-30
3713,1,MI,Huron,SEBEWAING VILLAGE OF,Detroit Salt,Detroit Salt,,2027,seasonal_fill,50.0,64.89,3244.5,,41,deterministic_pdf,0.92,0.92,0.92,auto_accepted,,2026-08-27 20:03:49,https://www.michigan.gov/dtmb/-/media/Project/Websites/dtmb/Procurement/Contracts/MiDEAL/002/260000000712.pdf?rev=8d4ed14d634d466fa9207bb1d92c2458&hash=AAB40CFD3A7E1C61C7C17CA7044DBB4B,/Users/arshnoorkaur/Downloads/road_salt_tracker/data/raw/MI/doc_1.pdf,2026-08-27,MI,260000000712,2026-10-01,2027-09-30
3714,1,MI,Huron,HURON COUNTY ROAD COMMISSION,Detroit Salt,Detroit Salt,,2027,seasonal_fill,600.0,64.89,38934.0,,41,deterministic_pdf,0.92,0.92,0.92,auto_accepted,,2026-08-27 20:03:49,https://www.michigan.gov/dtmb/-/media/Project/Websites/dtmb/Procurement/Contracts/MiDEAL/002/260000000712.pdf?rev=8d4ed14d634d466fa9207bb1d92c2458&hash=AAB40CFD3A7E1C61C7C17CA7044DBB4B,/Users/arshnoorkaur/Downloads/road_salt_tracker/data/raw/MI/doc_1.pdf,2026-08-27,MI,260000000712,2026-10-01,2027-09-30
3715,1,MI,Huron,HURON COUNTY ROAD COMMISSION,Detroit Salt,Detroit Salt,,2027,seasonal_fill,500.0,64.89,32445.0,,41,deterministic_pdf,0.92,0.92,0.92,auto_accepted,,2026-08-27 20:03:49,https://www.michigan.gov/dtmb/-/media/Project/Websites/dtmb/Procurement/Contracts/MiDEAL/002/260000000712.pdf?rev=8d4ed14d634d466fa9207bb1d92c2458&hash=AAB40CFD3A7E1C61C7C17CA7044DBB4B,/Users/arshnoorkaur/Downloads/road_salt_tracker/data/raw/MI/doc_1.pdf,2026-08-27,MI,260000000712,2026-10-01,2027-09-30
3716,1,MI,Huron,HURON COUNTY ROAD COMMISSION,Detroit Salt,Detroit Salt,,2027,seasonal_fill,350.0,64.89,22711.5,,41,deterministic_pdf,0.92,0.92,0.92,auto_accepted,,2026-08-27 20:03:49,https://www.michigan.gov/dtmb/-/media/Project/Websites/dtmb/Procurement/Contracts/MiDEAL/002/260000000712.pdf?rev=8d4ed14d634d466fa9207bb1d92c2458&hash=AAB40CFD3A7E1C61C7C17CA7044DBB4B,/Users/arshnoorkaur/Downloads/road_salt_tracker/data/raw/MI/doc_1.pdf,2026-08-27,MI,260000000712,2026-10-01,2027-09-30
3717,1,MI,Huron,HURON COUNTY ROAD COMMISSION,Detroit Salt,Detroit Salt,,2027,seasonal_fill,800.0,64.89,51912.0,,41,deterministic_pdf,0.92,0.92,0.92,auto_accepted,,2026-08-27 20:03:49,https://www.michigan.gov/dtmb/-/media/Project/Websites/dtmb/Procurement/Contracts/MiDEAL/002/260000000712.pdf?rev=8d4ed14d634d466fa9207bb1d92c2458&hash=AAB40CFD3A7E1C61C7C17CA7044DBB4B,/Users/arshnoorkaur/Downloads/road_salt_tracker/data/raw/MI/doc_1.pdf,2026-08-27,MI,260000000712,2026-10-01,2027-09-30
3718,1,MI,Huron,HURON COUNTY ROAD COMMISSION,Detroit Salt,Detroit Salt,,2027,seasonal_fill,250.0,64.89,16222.5,,41,deterministic_pdf,0.92,0.92,0.92,auto_accepted,,2026-08-27 20:03:49,https://www.michigan.gov/dtmb/-/media/Project/Websites/dtmb/Procurement/Contracts/MiDEAL/002/260000000712.pdf?rev=8d4ed14d634d466fa9207bb1d92c2458&hash=AAB40CFD3A7E1C61C7C17CA7044DBB4B,/Users/arshnoorkaur/Downloads/road_salt_tracker/data/raw/MI/doc_1.pdf,2026-08-27,MI,260000000712,2026-10-01,2027-09-30
3719,1,MI,Lapeer,NORTH BRANCH AREA SCHOOLS,Detroit Salt,Detroit Salt,,2027,seasonal_fill,50.0,68.79,3439.5,,41,deterministic_pdf,0.92,0.92,0.92,auto_accepted,,2026-08-27 20:03:49,https://www.michigan.gov/dtmb/-/media/Project/Websites/dtmb/Procurement/Contracts/MiDEAL/002/260000000712.pdf?rev=8d4ed14d634d466fa9207bb1d92c2458&hash=AAB40CFD3A7E1C61C7C17CA7044DBB4B,/Users/arshnoorkaur/Downloads/road_salt_tracker/data/raw/MI/doc_1.pdf,2026-08-27,MI,260000000712,2026-10-01,2027-09-30
3720,1,MI,Lapeer,LAPEER COUNTY ROAD COMMISSION,Detroit Salt,Detroit Salt,,2027,seasonal_fill,2000.0,68.79,137580.0,,41,deterministic_pdf,0.92,0.92,0.92,auto_accepted,,2026-08-27 20:03:49,https://www.michigan.gov/dtmb/-/media/Project/Websites/dtmb/Procurement/Contracts/MiDEAL/002/260000000712.pdf?rev=8d4ed14d634d466fa9207bb1d92c2458&hash=AAB40CFD3A7E1C61C7C17CA7044DBB4B,/Users/arshnoorkaur/Downloads/road_salt_tracker/data/raw/MI/doc_1.pdf,2026-08-27,MI,260000000712,2026-10-01,2027-09-30
3721,1,MI,Lapeer,LAPEER COUNTY ROAD COMMISSION,Detroit Salt,Detroit Salt,,2027,seasonal_fill,1500.0,68.79,103185.0,,41,deterministic_pdf,0.92,0.92,0.92,auto_accepted,,2026-08-27 20:03:49,https://www.michigan.gov/dtmb/-/media/Project/Websites/dtmb/Procurement/Contracts/MiDEAL/002/260000000712.pdf?rev=8d4ed14d634d466fa9207bb1d92c2458&hash=AAB40CFD3A7E1C61C7C17CA7044DBB4B,/Users/arshnoorkaur/Downloads/road_salt_tracker/data/raw/MI/doc_1.pdf,2026-08-27,MI,260000000712,2026-10-01,2027-09-30
3722,1,MI,Lapeer,"DRYDEN, VILLAGE OF",Detroit Salt,Detroit Salt,,2027,seasonal_fill,100.0,68.79,6879.0,,41,deterministic_pdf,0.92,0.92,0.92,auto_accepted,,2026-08-27 20:03:49,https://www.michigan.gov/dtmb/-/media/Project/Websites/dtmb/Procurement/Contracts/MiDEAL/002/260000000712.pdf?rev=8d4ed14d634d466fa9207bb1d92c2458&hash=AAB40CFD3A7E1C61C7C17CA7044DBB4B,/Users/arshnoorkaur/Downloads/road_salt_tracker/data/raw/MI/doc_1.pdf,2026-08-27,MI,260000000712,2026-10-01,2027-09-30
3723,1,MI,Lapeer,Dryden Public Schools,Detroit Salt,Detroit Salt,,2027,seasonal_fill,50.0,68.79,3439.5,,41,deterministic_pdf,0.92,0.92,0.92,auto_accepted,,2026-08-27 20:03:49,https://www.michigan.gov/dtmb/-/media/Project/Websites/dtmb/Procurement/Contracts/MiDEAL/002/260000000712.pdf?rev=8d4ed14d634d466fa9207bb1d92c2458&hash=AAB40CFD3A7E1C61C7C17CA7044DBB4B,/Users/arshnoorkaur/Downloads/road_salt_tracker/data/raw/MI/doc_1.pdf,2026-08-27,MI,260000000712,2026-10-01,2027-09-30
3724,1,MI,Lapeer,"IMLAY, CITY OF",Detroit Salt,Detroit Salt,,2027,seasonal_fill,150.0,68.79,10318.5,,41,deterministic_pdf,0.92,0.92,0.92,auto_accepted,,2026-08-27 20:03:49,https://www.michigan.gov/dtmb/-/media/Project/Websites/dtmb/Procurement/Contracts/MiDEAL/002/260000000712.pdf?rev=8d4ed14d634d466fa9207bb1d92c2458&hash=AAB40CFD3A7E1C61C7C17CA7044DBB4B,/Users/arshnoorkaur/Downloads/road_salt_tracker/data/raw/MI/doc_1.pdf,2026-08-27,MI,260000000712,2026-10-01,2027-09-30
3725,1,MI,Lapeer,"NORTH BRANCH, VILLAGE OF",Detroit Salt,Detroit Salt,,2027,seasonal_fill,100.0,68.79,6879.0,,41,deterministic_pdf,0.92,0.92,0.92,auto_accepted,,2026-08-27 20:03:49,https://www.michigan.gov/dtmb/-/media/Project/Websites/dtmb/Procurement/Contracts/MiDEAL/002/260000000712.pdf?rev=8d4ed14d634d466fa9207bb1d92c2458&hash=AAB40CFD3A7E1C61C7C17CA7044DBB4B,/Users/arshnoorkaur/Downloads/road_salt_tracker/data/raw/MI/doc_1.pdf,2026-08-27,MI,260000000712,2026-10-01,2027-09-30
3726,1,MI,Lapeer,"CLIFFORD, VILLAGE OF",Detroit Salt,Detroit Salt,,2027,seasonal_fill,100.0,68.79,6879.0,,41,deterministic_pdf,0.92,0.92,0.92,auto_accepted,,2026-08-27 20:03:49,https://www.michigan.gov/dtmb/-/media/Project/Websites/dtmb/Procurement/Contracts/MiDEAL/002/260000000712.pdf?rev=8d4ed14d634d466fa9207bb1d92c2458&hash=AAB40CFD3A7E1C61C7C17CA7044DBB4B,/Users/arshnoorkaur/Downloads/road_salt_tracker/data/raw/MI/doc_1.pdf,2026-08-27,MI,260000000712,2026-10-01,2027-09-30
3727,1,MI,Lapeer,"LAPEER, CITY OF",Detroit Salt,Detroit Salt,,2027,seasonal_fill,700.0,68.79,48153.0,,41,deterministic_pdf,0.92,0.92,0.92,auto_accepted,,2026-08-27 20:03:49,https://www.michigan.gov/dtmb/-/media/Project/Websites/dtmb/Procurement/Contracts/MiDEAL/002/260000000712.pdf?rev=8d4ed14d634d466fa9207bb1d92c2458&hash=AAB40CFD3A7E1C61C7C17CA7044DBB4B,/Users/arshnoorkaur/Downloads/road_salt_tracker/data/raw/MI/doc_1.pdf,2026-08-27,MI,260000000712,2026-10-01,2027-09-30
3728,1,MI,Lapeer,"ALMONT, VILLAGE OF",Detroit Salt,Detroit Salt,,2027,seasonal_fill,100.0,68.79,6879.0,,41,deterministic_pdf,0.92,0.92,0.92,auto_accepted,,2026-08-27 20:03:49,https://www.michigan.gov/dtmb/-/media/Project/Websites/dtmb/Procurement/Contracts/MiDEAL/002/260000000712.pdf?rev=8d4ed14d634d466fa9207bb1d92c2458&hash=AAB40CFD3A7E1C61C7C17CA7044DBB4B,/Users/arshnoorkaur/Downloads/road_salt_tracker/data/raw/MI/doc_1.pdf,2026-08-27,MI,260000000712,2026-10-01,2027-09-30
3729,1,MI,Sanilac,"LEXINGTON, VILLAGE OF",Detroit Salt,Detroit Salt,,2027,seasonal_fill,50.0,65.21,3260.5,,41,deterministic_pdf,0.92,0.92,0.92,auto_accepted,,2026-08-27 20:03:49,https://www.michigan.gov/dtmb/-/media/Project/Websites/dtmb/Procurement/Contracts/MiDEAL/002/260000000712.pdf?rev=8d4ed14d634d466fa9207bb1d92c2458&hash=AAB40CFD3A7E1C61C7C17CA7044DBB4B,/Users/arshnoorkaur/Downloads/road_salt_tracker/data/raw/MI/doc_1.pdf,2026-08-27,MI,260000000712,2026-10-01,2027-09-30
3730,1,MI,Sanilac,BROWN CITY,Detroit Salt,Detroit Salt,,2027,seasonal_fill,150.0,65.21,9781.5,,41,deterministic_pdf,0.92,0.92,0.92,auto_accepted,,2026-08-27 20:03:49,https://www.michigan.gov/dtmb/-/media/Project/Websites/dtmb/Procurement/Contracts/MiDEAL/002/260000000712.pdf?rev=8d4ed14d634d466fa9207bb1d92c2458&hash=AAB40CFD3A7E1C61C7C17CA7044DBB4B,/Users/arshnoorkaur/Downloads/road_salt_tracker/data/raw/MI/doc_1.pdf,2026-08-27,MI,260000000712,2026-10-01,2027-09-30
3731,1,MI,Sanilac,SANILAC COUNTY ROAD COMMISSION,Detroit Salt,Detroit Salt,,2027,seasonal_fill,450.0,65.21,29344.5,,41,deterministic_pdf,0.92,0.92,0.92,auto_accepted,,2026-08-27 20:03:49,https://www.michigan.gov/dtmb/-/media/Project/Websites/dtmb/Procurement/Contracts/MiDEAL/002/260000000712.pdf?rev=8d4ed14d634d466fa9207bb1d92c2458&hash=AAB40CFD3A7E1C61C7C17CA7044DBB4B,/Users/arshnoorkaur/Downloads/road_salt_tracker/data/raw/MI/doc_1.pdf,2026-08-27,MI,260000000712,2026-10-01,2027-09-30
3732,1,MI,Sanilac,SANILAC COUNTY ROAD COMMISSION,Detroit Salt,Detroit Salt,,2027,seasonal_fill,400.0,65.21,26084.0,,41,deterministic_pdf,0.92,0.92,0.92,auto_accepted,,2026-08-27 20:03:49,https://www.michigan.gov/dtmb/-/media/Project/Websites/dtmb/Procurement/Contracts/MiDEAL/002/260000000712.pdf?rev=8d4ed14d634d466fa9207bb1d92c2458&hash=AAB40CFD3A7E1C61C7C17CA7044DBB4B,/Users/arshnoorkaur/Downloads/road_salt_tracker/data/raw/MI/doc_1.pdf,2026-08-27,MI,260000000712,2026-10-01,2027-09-30
3733,1,MI,Sanilac,SANILAC COUNTY ROAD COMMISSION,Detroit Salt,Detroit Salt,,2027,seasonal_fill,500.0,65.21,32605.0,,41,deterministic_pdf,0.92,0.92,0.92,auto_accepted,,2026-08-27 20:03:49,https://www.michigan.gov/dtmb/-/media/Project/Websites/dtmb/Procurement/Contracts/MiDEAL/002/260000000712.pdf?rev=8d4ed14d634d466fa9207bb1d92c2458&hash=AAB40CFD3A7E1C61C7C17CA7044DBB4B,/Users/arshnoorkaur/Downloads/road_salt_tracker/data/raw/MI/doc_1.pdf,2026-08-27,MI,260000000712,2026-10-01,2027-09-30
3734,1,MI,Sanilac,SANILAC COUNTY ROAD COMMISSION,Detroit Salt,Detroit Salt,,2027,seasonal_fill,300.0,65.21,19563.0,,41,deterministic_pdf,0.92,0.92,0.92,auto_accepted,,2026-08-27 20:03:49,https://www.michigan.gov/dtmb/-/media/Project/Websites/dtmb/Procurement/Contracts/MiDEAL/002/260000000712.pdf?rev=8d4ed14d634d466fa9207bb1d92c2458&hash=AAB40CFD3A7E1C61C7C17CA7044DBB4B,/Users/arshnoorkaur/Downloads/road_salt_tracker/data/raw/MI/doc_1.pdf,2026-08-27,MI,260000000712,2026-10-01,2027-09-30
3735,1,MI,Sanilac,Sandusky Community Schools,Detroit Salt,Detroit Salt,,2027,seasonal_fill,50.0,65.21,3260.5,,41,deterministic_pdf,0.92,0.92,0.92,auto_accepted,,2026-08-27 20:03:49,https://www.michigan.gov/dtmb/-/media/Project/Websites/dtmb/Procurement/Contracts/MiDEAL/002/260000000712.pdf?rev=8d4ed14d634d466fa9207bb1d92c2458&hash=AAB40CFD3A7E1C61C7C17CA7044DBB4B,/Users/arshnoorkaur/Downloads/road_salt_tracker/data/raw/MI/doc_1.pdf,2026-08-27,MI,260000000712,2026-10-01,2027-09-30
3736,1,MI,Sanilac,"CROSWELL, CITY OF",Detroit Salt,Detroit Salt,,2027,seasonal_fill,100.0,65.21,6521.0,,41,deterministic_pdf,0.92,0.92,0.92,auto_accepted,,2026-08-27 20:03:49,https://www.michigan.gov/dtmb/-/media/Project/Websites/dtmb/Procurement/Contracts/MiDEAL/002/260000000712.pdf?rev=8d4ed14d634d466fa9207bb1d92c2458&hash=AAB40CFD3A7E1C61C7C17CA7044DBB4B,/Users/arshnoorkaur/Downloads/road_salt_tracker/data/raw/MI/doc_1.pdf,2026-08-27,MI,260000000712,2026-10-01,2027-09-30
3737,1,MI,Sanilac,"DECKERVILLE, VILLAGE OF",Detroit Salt,Detroit Salt,,2027,seasonal_fill,100.0,65.21,6521.0,,41,deterministic_pdf,0.92,0.92,0.92,auto_accepted,,2026-08-27 20:03:49,https://www.michigan.gov/dtmb/-/media/Project/Websites/dtmb/Procurement/Contracts/MiDEAL/002/260000000712.pdf?rev=8d4ed14d634d466fa9207bb1d92c2458&hash=AAB40CFD3A7E1C61C7C17CA7044DBB4B,/Users/arshnoorkaur/Downloads/road_salt_tracker/data/raw/MI/doc_1.pdf,2026-08-27,MI,260000000712,2026-10-01,2027-09-30
3738,1,MI,Sanilac,Sandusky,Detroit Salt,Detroit Salt,,2027,seasonal_fill,300.0,65.21,19563.0,,41,deterministic_pdf,0.92,0.92,0.92,auto_accepted,,2026-08-27 20:03:49,https://www.michigan.gov/dtmb/-/media/Project/Websites/dtmb/Procurement/Contracts/MiDEAL/002/260000000712.pdf?rev=8d4ed14d634d466fa9207bb1d92c2458&hash=AAB40CFD3A7E1C61C7C17CA7044DBB4B,/Users/arshnoorkaur/Downloads/road_salt_tracker/data/raw/MI/doc_1.pdf,2026-08-27,MI,260000000712,2026-10-01,2027-09-30
3739,1,MI,Shiawassee,"PERRY, CITY OF",Detroit Salt,Detroit Salt,,2027,seasonal_fill,50.0,63.7,3185.0,,41,deterministic_pdf,0.92,0.92,0.92,auto_accepted,,2026-08-27 20:03:49,https://www.michigan.gov/dtmb/-/media/Project/Websites/dtmb/Procurement/Contracts/MiDEAL/002/260000000712.pdf?rev=8d4ed14d634d466fa9207bb1d92c2458&hash=AAB40CFD3A7E1C61C7C17CA7044DBB4B,/Users/arshnoorkaur/Downloads/road_salt_tracker/data/raw/MI/doc_1.pdf,2026-08-27,MI,260000000712,2026-10-01,2027-09-30
3740,1,MI,Shiawassee,SHIAWASSEE COUNTY ROAD COMMISSION,Detroit Salt,Detroit Salt,,2027,seasonal_fill,1500.0,63.7,95550.0,,41,deterministic_pdf,0.92,0.92,0.92,auto_accepted,,2026-08-27 20:03:49,https://www.michigan.gov/dtmb/-/media/Project/Websites/dtmb/Procurement/Contracts/MiDEAL/002/260000000712.pdf?rev=8d4ed14d634d466fa9207bb1d92c2458&hash=AAB40CFD3A7E1C61C7C17CA7044DBB4B,/Users/arshnoorkaur/Downloads/road_salt_tracker/data/raw/MI/doc_1.pdf,2026-08-27,MI,260000000712,2026-10-01,2027-09-30
3741,1,MI,Shiawassee,SHIAWASSEE COUNTY ROAD COMMISSION,Detroit Salt,Detroit Salt,,2027,seasonal_fill,250.0,63.7,15925.0,,41,deterministic_pdf,0.92,0.92,0.92,auto_accepted,,2026-08-27 20:03:49,https://www.michigan.gov/dtmb/-/media/Project/Websites/dtmb/Procurement/Contracts/MiDEAL/002/260000000712.pdf?rev=8d4ed14d634d466fa9207bb1d92c2458&hash=AAB40CFD3A7E1C61C7C17CA7044DBB4B,/Users/arshnoorkaur/Downloads/road_salt_tracker/data/raw/MI/doc_1.pdf,2026-08-27,MI,260000000712,2026-10-01,2027-09-30
3742,1,MI,Shiawassee,DURAND AREA SCHOOLS,Detroit Salt,Detroit Salt,,2027,seasonal_fill,50.0,63.7,3185.0,,41,deterministic_pdf,0.92,0.92,0.92,auto_accepted,,2026-08-27 20:03:49,https://www.michigan.gov/dtmb/-/media/Project/Websites/dtmb/Procurement/Contracts/MiDEAL/002/260000000712.pdf?rev=8d4ed14d634d466fa9207bb1d92c2458&hash=AAB40CFD3A7E1C61C7C17CA7044DBB4B,/Users/arshnoorkaur/Downloads/road_salt_tracker/data/raw/MI/doc_1.pdf,2026-08-27,MI,260000000712,2026-10-01,2027-09-30
3743,1,MI,Shiawassee,"OWOSSO, CITY OF",Detroit Salt,Detroit Salt,,2027,seasonal_fill,1400.0,63.7,89180.0,,41,deterministic_pdf,0.92,0.92,0.92,auto_accepted,,2026-08-27 20:03:49,https://www.michigan.gov/dtmb/-/media/Project/Websites/dtmb/Procurement/Contracts/MiDEAL/002/260000000712.pdf?rev=8d4ed14d634d466fa9207bb1d92c2458&hash=AAB40CFD3A7E1C61C7C17CA7044DBB4B,/Users/arshnoorkaur/Downloads/road_salt_tracker/data/raw/MI/doc_1.pdf,2026-08-27,MI,260000000712,2026-10-01,2027-09-30
3744,1,MI,Shiawassee,"DURAND, CITY OF",Detroit Salt,Detroit Salt,,2027,seasonal_fill,100.0,63.7,6370.0,,41,deterministic_pdf,0.92,0.92,0.92,auto_accepted,,2026-08-27 20:03:49,https://www.michigan.gov/dtmb/-/media/Project/Websites/dtmb/Procurement/Contracts/MiDEAL/002/260000000712.pdf?rev=8d4ed14d634d466fa9207bb1d92c2458&hash=AAB40CFD3A7E1C61C7C17CA7044DBB4B,/Users/arshnoorkaur/Downloads/road_salt_tracker/data/raw/MI/doc_1.pdf,2026-08-27,MI,260000000712,2026-10-01,2027-09-30
3745,1,MI,Shiawassee,"BYRON, VILLAGE OF",Detroit Salt,Detroit Salt,,2027,seasonal_fill,50.0,63.7,3185.0,,41,deterministic_pdf,0.92,0.92,0.92,auto_accepted,,2026-08-27 20:03:49,https://www.michigan.gov/dtmb/-/media/Project/Websites/dtmb/Procurement/Contracts/MiDEAL/002/260000000712.pdf?rev=8d4ed14d634d466fa9207bb1d92c2458&hash=AAB40CFD3A7E1C61C7C17CA7044DBB4B,/Users/arshnoorkaur/Downloads/road_salt_tracker/data/raw/MI/doc_1.pdf,2026-08-27,MI,260000000712,2026-10-01,2027-09-30
3746,1,MI,Shiawassee,Shiawassee RESD,Detroit Salt,Detroit Salt,,2027,seasonal_fill,50.0,63.7,3185.0,,41,deterministic_pdf,0.92,0.92,0.92,auto_accepted,,2026-08-27 20:03:49,https://www.michigan.gov/dtmb/-/media/Project/Websites/dtmb/Procurement/Contracts/MiDEAL/002/260000000712.pdf?rev=8d4ed14d634d466fa9207bb1d92c2458&hash=AAB40CFD3A7E1C61C7C17CA7044DBB4B,/Users/arshnoorkaur/Downloads/road_salt_tracker/data/raw/MI/doc_1.pdf,2026-08-27,MI,260000000712,2026-10-01,2027-09-30
3747,1,MI,Shiawassee,City of Laingsburg,Detroit Salt,Detroit Salt,,2027,seasonal_fill,50.0,63.7,3185.0,,42,deterministic_pdf,0.92,0.92,0.92,auto_accepted,,2026-08-27 20:03:49,https://www.michigan.gov/dtmb/-/media/Project/Websites/dtmb/Procurement/Contracts/MiDEAL/002/260000000712.pdf?rev=8d4ed14d634d466fa9207bb1d92c2458&hash=AAB40CFD3A7E1C61C7C17CA7044DBB4B,/Users/arshnoorkaur/Downloads/road_salt_tracker/data/raw/MI/doc_1.pdf,2026-08-27,MI,260000000712,2026-10-01,2027-09-30
3748,1,MI,St. Clair,"ST. CLAIR, CITY OF",Detroit Salt,Detroit Salt,,2027,seasonal_fill,400.0,58.97,23588.0,,42,deterministic_pdf,0.92,0.92,0.92,auto_accepted,,2026-08-27 20:03:49,https://www.michigan.gov/dtmb/-/media/Project/Websites/dtmb/Procurement/Contracts/MiDEAL/002/260000000712.pdf?rev=8d4ed14d634d466fa9207bb1d92c2458&hash=AAB40CFD3A7E1C61C7C17CA7044DBB4B,/Users/arshnoorkaur/Downloads/road_salt_tracker/data/raw/MI/doc_1.pdf,2026-08-27,MI,260000000712,2026-10-01,2027-09-30
3749,1,MI,St. Clair,PORT HURON AREA SCHOOL DISTRICT,Detroit Salt,Detroit Salt,,2027,seasonal_fill,600.0,58.97,35382.0,,42,deterministic_pdf,0.92,0.92,0.92,auto_accepted,,2026-08-27 20:03:49,https://www.michigan.gov/dtmb/-/media/Project/Websites/dtmb/Procurement/Contracts/MiDEAL/002/260000000712.pdf?rev=8d4ed14d634d466fa9207bb1d92c2458&hash=AAB40CFD3A7E1C61C7C17CA7044DBB4B,/Users/arshnoorkaur/Downloads/road_salt_tracker/data/raw/MI/doc_1.pdf,2026-08-27,MI,260000000712,2026-10-01,2027-09-30
3750,1,MI,St. Clair,"CAPAC, VILLAGE OF",Detroit Salt,Detroit Salt,,2027,seasonal_fill,50.0,58.97,2948.5,,42,deterministic_pdf,0.92,0.92,0.92,auto_accepted,,2026-08-27 20:03:49,https://www.michigan.gov/dtmb/-/media/Project/Websites/dtmb/Procurement/Contracts/MiDEAL/002/260000000712.pdf?rev=8d4ed14d634d466fa9207bb1d92c2458&hash=AAB40CFD3A7E1C61C7C17CA7044DBB4B,/Users/arshnoorkaur/Downloads/road_salt_tracker/data/raw/MI/doc_1.pdf,2026-08-27,MI,260000000712,2026-10-01,2027-09-30
3751,1,MI,St. Clair,"ALGONAC, CITY OF",Detroit Salt,Detroit Salt,,2027,seasonal_fill,50.0,58.97,2948.5,,42,deterministic_pdf,0.92,0.92,0.92,auto_accepted,,2026-08-27 20:03:49,https://www.michigan.gov/dtmb/-/media/Project/Websites/dtmb/Procurement/Contracts/MiDEAL/002/260000000712.pdf?rev=8d4ed14d634d466fa9207bb1d92c2458&hash=AAB40CFD3A7E1C61C7C17CA7044DBB4B,/Users/arshnoorkaur/Downloads/road_salt_tracker/data/raw/MI/doc_1.pdf,2026-08-27,MI,260000000712,2026-10-01,2027-09-30
3752,1,MI,St. Clair,MARYSVILLE POLICE DEPT,Detroit Salt,Detroit Salt,,2027,seasonal_fill,1800.0,58.97,106146.0,,42,deterministic_pdf,0.92,0.92,0.92,auto_accepted,,2026-08-27 20:03:49,https://www.michigan.gov/dtmb/-/media/Project/Websites/dtmb/Procurement/Contracts/MiDEAL/002/260000000712.pdf?rev=8d4ed14d634d466fa9207bb1d92c2458&hash=AAB40CFD3A7E1C61C7C17CA7044DBB4B,/Users/arshnoorkaur/Downloads/road_salt_tracker/data/raw/MI/doc_1.pdf,2026-08-27,MI,260000000712,2026-10-01,2027-09-30
3753,1,MI,St. Clair,YALE PUBLIC SCHOOLS,Detroit Salt,Detroit Salt,,2027,seasonal_fill,50.0,58.97,2948.5,,42,deterministic_pdf,0.92,0.92,0.92,auto_accepted,,2026-08-27 20:03:49,https://www.michigan.gov/dtmb/-/media/Project/Websites/dtmb/Procurement/Contracts/MiDEAL/002/260000000712.pdf?rev=8d4ed14d634d466fa9207bb1d92c2458&hash=AAB40CFD3A7E1C61C7C17CA7044DBB4B,/Users/arshnoorkaur/Downloads/road_salt_tracker/data/raw/MI/doc_1.pdf,2026-08-27,MI,260000000712,2026-10-01,2027-09-30
3754,1,MI,St. Clair,"PORT HURON, CITY OF",Detroit Salt,Detroit Salt,,2027,seasonal_fill,2000.0,58.97,117940.0,,42,deterministic_pdf,0.92,0.92,0.92,auto_accepted,,2026-08-27 20:03:49,https://www.michigan.gov/dtmb/-/media/Project/Websites/dtmb/Procurement/Contracts/MiDEAL/002/260000000712.pdf?rev=8d4ed14d634d466fa9207bb1d92c2458&hash=AAB40CFD3A7E1C61C7C17CA7044DBB4B,/Users/arshnoorkaur/Downloads/road_salt_tracker/data/raw/MI/doc_1.pdf,2026-08-27,MI,260000000712,2026-10-01,2027-09-30
3755,1,MI,St. Clair,ST. CLAIR COUNTY ROAD COMMISSION,Detroit Salt,Detroit Salt,,2027,seasonal_fill,3000.0,58.97,176910.0,,42,deterministic_pdf,0.92,0.92,0.92,auto_accepted,,2026-08-27 20:03:49,https://www.michigan.gov/dtmb/-/media/Project/Websites/dtmb/Procurement/Contracts/MiDEAL/002/260000000712.pdf?rev=8d4ed14d634d466fa9207bb1d92c2458&hash=AAB40CFD3A7E1C61C7C17CA7044DBB4B,/Users/arshnoorkaur/Downloads/road_salt_tracker/data/raw/MI/doc_1.pdf,2026-08-27,MI,260000000712,2026-10-01,2027-09-30
3756,1,MI,St. Clair,ST. CLAIR COUNTY ROAD COMMISSION,Detroit Salt,Detroit Salt,,2027,seasonal_fill,2600.0,58.97,153322.0,,42,deterministic_pdf,0.92,0.92,0.92,auto_accepted,,2026-08-27 20:03:49,https://www.michigan.gov/dtmb/-/media/Project/Websites/dtmb/Procurement/Contracts/MiDEAL/002/260000000712.pdf?rev=8d4ed14d634d466fa9207bb1d92c2458&hash=AAB40CFD3A7E1C61C7C17CA7044DBB4B,/Users/arshnoorkaur/Downloads/road_salt_tracker/data/raw/MI/doc_1.pdf,2026-08-27,MI,260000000712,2026-10-01,2027-09-30
3757,1,MI,St. Clair,ST. CLAIR COUNTY ROAD COMMISSION,Detroit Salt,Detroit Salt,,2027,seasonal_fill,8200.0,58.97,483554.0,,42,deterministic_pdf,0.92,0.92,0.92,auto_accepted,,2026-08-27 20:03:49,https://www.michigan.gov/dtmb/-/media/Project/Websites/dtmb/Procurement/Contracts/MiDEAL/002/260000000712.pdf?rev=8d4ed14d634d466fa9207bb1d92c2458&hash=AAB40CFD3A7E1C61C7C17CA7044DBB4B,/Users/arshnoorkaur/Downloads/road_salt_tracker/data/raw/MI/doc_1.pdf,2026-08-27,MI,260000000712,2026-10-01,2027-09-30
3758,1,MI,St. Clair,City of Yale,Detroit Salt,Detroit Salt,,2027,seasonal_fill,50.0,58.97,2948.5,,42,deterministic_pdf,0.92,0.92,0.92,auto_accepted,,2026-08-27 20:03:49,https://www.michigan.gov/dtmb/-/media/Project/Websites/dtmb/Procurement/Contracts/MiDEAL/002/260000000712.pdf?rev=8d4ed14d634d466fa9207bb1d92c2458&hash=AAB40CFD3A7E1C61C7C17CA7044DBB4B,/Users/arshnoorkaur/Downloads/road_salt_tracker/data/raw/MI/doc_1.pdf,2026-08-27,MI,260000000712,2026-10-01,2027-09-30
3759,1,MI,St. Clair,PORT HURON HOUSING COMMISSION,Detroit Salt,Detroit Salt,,2027,seasonal_fill,50.0,58.97,2948.5,,42,deterministic_pdf,0.92,0.92,0.92,auto_accepted,,2026-08-27 20:03:49,https://www.michigan.gov/dtmb/-/media/Project/Websites/dtmb/Procurement/Contracts/MiDEAL/002/260000000712.pdf?rev=8d4ed14d634d466fa9207bb1d92c2458&hash=AAB40CFD3A7E1C61C7C17CA7044DBB4B,/Users/arshnoorkaur/Downloads/road_salt_tracker/data/raw/MI/doc_1.pdf,2026-08-27,MI,260000000712,2026-10-01,2027-09-30
3760,1,MI,Tuscola,TUSCOLA COUNTY ROAD COMMISSION,Detroit Salt,Detroit Salt,,2027,seasonal_fill,400.0,61.17,24468.0,,42,deterministic_pdf,0.92,0.92,0.92,auto_accepted,,2026-08-27 20:03:49,https://www.michigan.gov/dtmb/-/media/Project/Websites/dtmb/Procurement/Contracts/MiDEAL/002/260000000712.pdf?rev=8d4ed14d634d466fa9207bb1d92c2458&hash=AAB40CFD3A7E1C61C7C17CA7044DBB4B,/Users/arshnoorkaur/Downloads/road_salt_tracker/data/raw/MI/doc_1.pdf,2026-08-27,MI,260000000712,2026-10-01,2027-09-30
3761,1,MI,Tuscola,TUSCOLA COUNTY ROAD COMMISSION,Detroit Salt,Detroit Salt,,2027,seasonal_fill,600.0,61.17,36702.0,,42,deterministic_pdf,0.92,0.92,0.92,auto_accepted,,2026-08-27 20:03:49,https://www.michigan.gov/dtmb/-/media/Project/Websites/dtmb/Procurement/Contracts/MiDEAL/002/260000000712.pdf?rev=8d4ed14d634d466fa9207bb1d92c2458&hash=AAB40CFD3A7E1C61C7C17CA7044DBB4B,/Users/arshnoorkaur/Downloads/road_salt_tracker/data/raw/MI/doc_1.pdf,2026-08-27,MI,260000000712,2026-10-01,2027-09-30
3762,1,MI,Tuscola,CARO COMMUNITY SCHOOLS,Detroit Salt,Detroit Salt,,2027,seasonal_fill,50.0,61.17,3058.5,,42,deterministic_pdf,0.92,0.92,0.92,auto_accepted,,2026-08-27 20:03:49,https://www.michigan.gov/dtmb/-/media/Project/Websites/dtmb/Procurement/Contracts/MiDEAL/002/260000000712.pdf?rev=8d4ed14d634d466fa9207bb1d92c2458&hash=AAB40CFD3A7E1C61C7C17CA7044DBB4B,/Users/arshnoorkaur/Downloads/road_salt_tracker/data/raw/MI/doc_1.pdf,2026-08-27,MI,260000000712,2026-10-01,2027-09-30
3763,1,MI,Tuscola,KINGSTON VILLAGE OF,Detroit Salt,Detroit Salt,,2027,seasonal_fill,50.0,61.17,3058.5,,42,deterministic_pdf,0.92,0.92,0.92,auto_accepted,,2026-08-27 20:03:49,https://www.michigan.gov/dtmb/-/media/Project/Websites/dtmb/Procurement/Contracts/MiDEAL/002/260000000712.pdf?rev=8d4ed14d634d466fa9207bb1d92c2458&hash=AAB40CFD3A7E1C61C7C17CA7044DBB4B,/Users/arshnoorkaur/Downloads/road_salt_tracker/data/raw/MI/doc_1.pdf,2026-08-27,MI,260000000712,2026-10-01,2027-09-30
3764,1,MI,Tuscola,MILLINGTON COMMUNITY SCHOOLS,Detroit Salt,Detroit Salt,,2027,seasonal_fill,50.0,61.17,3058.5,,42,deterministic_pdf,0.92,0.92,0.92,auto_accepted,,2026-08-27 20:03:49,https://www.michigan.gov/dtmb/-/media/Project/Websites/dtmb/Procurement/Contracts/MiDEAL/002/260000000712.pdf?rev=8d4ed14d634d466fa9207bb1d92c2458&hash=AAB40CFD3A7E1C61C7C17CA7044DBB4B,/Users/arshnoorkaur/Downloads/road_salt_tracker/data/raw/MI/doc_1.pdf,2026-08-27,MI,260000000712,2026-10-01,2027-09-30
3765,1,MI,Tuscola,"CASS CITY, VILLAGE OF",Detroit Salt,Detroit Salt,,2027,seasonal_fill,150.0,61.17,9175.5,,42,deterministic_pdf,0.92,0.92,0.92,auto_accepted,,2026-08-27 20:03:49,https://www.michigan.gov/dtmb/-/media/Project/Websites/dtmb/Procurement/Contracts/MiDEAL/002/260000000712.pdf?rev=8d4ed14d634d466fa9207bb1d92c2458&hash=AAB40CFD3A7E1C61C7C17CA7044DBB4B,/Users/arshnoorkaur/Downloads/road_salt_tracker/data/raw/MI/doc_1.pdf,2026-08-27,MI,260000000712,2026-10-01,2027-09-30
3766,1,MI,Tuscola,"VASSAR, CITY OF",Detroit Salt,Detroit Salt,,2027,seasonal_fill,250.0,61.17,15292.5,,42,deterministic_pdf,0.92,0.92,0.92,auto_accepted,,2026-08-27 20:03:49,https://www.michigan.gov/dtmb/-/media/Project/Websites/dtmb/Procurement/Contracts/MiDEAL/002/260000000712.pdf?rev=8d4ed14d634d466fa9207bb1d92c2458&hash=AAB40CFD3A7E1C61C7C17CA7044DBB4B,/Users/arshnoorkaur/Downloads/road_salt_tracker/data/raw/MI/doc_1.pdf,2026-08-27,MI,260000000712,2026-10-01,2027-09-30
3767,1,MI,Berrien,"BERRIEN SPRINGS, VILLAGE OF",Detroit Salt,Detroit Salt,,2027,seasonal_fill,50.0,74.16,3708.0,,42,deterministic_pdf,0.92,0.92,0.92,auto_accepted,,2026-08-27 20:03:49,https://www.michigan.gov/dtmb/-/media/Project/Websites/dtmb/Procurement/Contracts/MiDEAL/002/260000000712.pdf?rev=8d4ed14d634d466fa9207bb1d92c2458&hash=AAB40CFD3A7E1C61C7C17CA7044DBB4B,/Users/arshnoorkaur/Downloads/road_salt_tracker/data/raw/MI/doc_1.pdf,2026-08-27,MI,260000000712,2026-10-01,2027-09-30
3768,1,MI,Berrien,"ST. JOSEPH, CITY OF",Detroit Salt,Detroit Salt,,2027,seasonal_fill,250.0,74.16,18540.0,,42,deterministic_pdf,0.92,0.92,0.92,auto_accepted,,2026-08-27 20:03:49,https://www.michigan.gov/dtmb/-/media/Project/Websites/dtmb/Procurement/Contracts/MiDEAL/002/260000000712.pdf?rev=8d4ed14d634d466fa9207bb1d92c2458&hash=AAB40CFD3A7E1C61C7C17CA7044DBB4B,/Users/arshnoorkaur/Downloads/road_salt_tracker/data/raw/MI/doc_1.pdf,2026-08-27,MI,260000000712,2026-10-01,2027-09-30
3769,1,MI,Berrien,"NEW BUFFALO, CITY OF",Detroit Salt,Detroit Salt,,2027,seasonal_fill,300.0,74.16,22248.0,,42,deterministic_pdf,0.92,0.92,0.92,auto_accepted,,2026-08-27 20:03:49,https://www.michigan.gov/dtmb/-/media/Project/Websites/dtmb/Procurement/Contracts/MiDEAL/002/260000000712.pdf?rev=8d4ed14d634d466fa9207bb1d92c2458&hash=AAB40CFD3A7E1C61C7C17CA7044DBB4B,/Users/arshnoorkaur/Downloads/road_salt_tracker/data/raw/MI/doc_1.pdf,2026-08-27,MI,260000000712,2026-10-01,2027-09-30
3770,1,MI,Berrien,"BUCHANAN, CITY OF",Detroit Salt,Detroit Salt,,2027,seasonal_fill,150.0,74.16,11124.0,,42,deterministic_pdf,0.92,0.92,0.92,auto_accepted,,2026-08-27 20:03:49,https://www.michigan.gov/dtmb/-/media/Project/Websites/dtmb/Procurement/Contracts/MiDEAL/002/260000000712.pdf?rev=8d4ed14d634d466fa9207bb1d92c2458&hash=AAB40CFD3A7E1C61C7C17CA7044DBB4B,/Users/arshnoorkaur/Downloads/road_salt_tracker/data/raw/MI/doc_1.pdf,2026-08-27,MI,260000000712,2026-10-01,2027-09-30
3771,1,MI,Berrien,STEVENSVILLE VILLAGE OF,Detroit Salt,Detroit Salt,,2027,seasonal_fill,50.0,74.16,3708.0,,42,deterministic_pdf,0.92,0.92,0.92,auto_accepted,,2026-08-27 20:03:49,https://www.michigan.gov/dtmb/-/media/Project/Websites/dtmb/Procurement/Contracts/MiDEAL/002/260000000712.pdf?rev=8d4ed14d634d466fa9207bb1d92c2458&hash=AAB40CFD3A7E1C61C7C17CA7044DBB4B,/Users/arshnoorkaur/Downloads/road_salt_tracker/data/raw/MI/doc_1.pdf,2026-08-27,MI,260000000712,2026-10-01,2027-09-30
3772,1,MI,Berrien,"WATERVLIET, CITY OF",Detroit Salt,Detroit Salt,,2027,seasonal_fill,100.0,74.16,7416.0,,42,deterministic_pdf,0.92,0.92,0.92,auto_accepted,,2026-08-27 20:03:49,https://www.michigan.gov/dtmb/-/media/Project/Websites/dtmb/Procurement/Contracts/MiDEAL/002/260000000712.pdf?rev=8d4ed14d634d466fa9207bb1d92c2458&hash=AAB40CFD3A7E1C61C7C17CA7044DBB4B,/Users/arshnoorkaur/Downloads/road_salt_tracker/data/raw/MI/doc_1.pdf,2026-08-27,MI,260000000712,2026-10-01,2027-09-30
3773,1,MI,Berrien,BRIDGMAN CITY OF,Detroit Salt,Detroit Salt,,2027,seasonal_fill,250.0,74.16,18540.0,,42,deterministic_pdf,0.92,0.92,0.92,auto_accepted,,2026-08-27 20:03:49,https://www.michigan.gov/dtmb/-/media/Project/Websites/dtmb/Procurement/Contracts/MiDEAL/002/260000000712.pdf?rev=8d4ed14d634d466fa9207bb1d92c2458&hash=AAB40CFD3A7E1C61C7C17CA7044DBB4B,/Users/arshnoorkaur/Downloads/road_salt_tracker/data/raw/MI/doc_1.pdf,2026-08-27,MI,260000000712,2026-10-01,2027-09-30
3774,1,MI,Berrien,"COLOMA, CITY OF",Detroit Salt,Detroit Salt,,2027,seasonal_fill,200.0,74.16,14832.0,,42,deterministic_pdf,0.92,0.92,0.92,auto_accepted,,2026-08-27 20:03:49,https://www.michigan.gov/dtmb/-/media/Project/Websites/dtmb/Procurement/Contracts/MiDEAL/002/260000000712.pdf?rev=8d4ed14d634d466fa9207bb1d92c2458&hash=AAB40CFD3A7E1C61C7C17CA7044DBB4B,/Users/arshnoorkaur/Downloads/road_salt_tracker/data/raw/MI/doc_1.pdf,2026-08-27,MI,260000000712,2026-10-01,2027-09-30
3775,1,MI,Berrien,"THREE OAKS, VILLAGE OF",Detroit Salt,Detroit Salt,,2027,seasonal_fill,150.0,74.16,11124.0,,42,deterministic_pdf,0.92,0.92,0.92,auto_accepted,,2026-08-27 20:03:49,https://www.michigan.gov/dtmb/-/media/Project/Websites/dtmb/Procurement/Contracts/MiDEAL/002/260000000712.pdf?rev=8d4ed14d634d466fa9207bb1d92c2458&hash=AAB40CFD3A7E1C61C7C17CA7044DBB4B,/Users/arshnoorkaur/Downloads/road_salt_tracker/data/raw/MI/doc_1.pdf,2026-08-27,MI,260000000712,2026-10-01,2027-09-30
3776,1,MI,Berrien,BERRIEN COUNTY,Detroit Salt,Detroit Salt,,2027,seasonal_fill,600.0,74.16,44496.0,,42,deterministic_pdf,0.92,0.92,0.92,auto_accepted,,2026-08-27 20:03:49,https://www.michigan.gov/dtmb/-/media/Project/Websites/dtmb/Procurement/Contracts/MiDEAL/002/260000000712.pdf?rev=8d4ed14d634d466fa9207bb1d92c2458&hash=AAB40CFD3A7E1C61C7C17CA7044DBB4B,/Users/arshnoorkaur/Downloads/road_salt_tracker/data/raw/MI/doc_1.pdf,2026-08-27,MI,260000000712,2026-10-01,2027-09-30
3777,1,MI,Berrien,BERRIEN COUNTY,Detroit Salt,Detroit Salt,,2027,seasonal_fill,1000.0,74.16,74160.0,,42,deterministic_pdf,0.92,0.92,0.92,auto_accepted,,2026-08-27 20:03:49,https://www.michigan.gov/dtmb/-/media/Project/Websites/dtmb/Procurement/Contracts/MiDEAL/002/260000000712.pdf?rev=8d4ed14d634d466fa9207bb1d92c2458&hash=AAB40CFD3A7E1C61C7C17CA7044DBB4B,/Users/arshnoorkaur/Downloads/road_salt_tracker/data/raw/MI/doc_1.pdf,2026-08-27,MI,260000000712,2026-10-01,2027-09-30
3778,1,MI,Berrien,BERRIEN COUNTY,Detroit Salt,Detroit Salt,,2027,seasonal_fill,1200.0,74.16,88992.0,,42,deterministic_pdf,0.92,0.92,0.92,auto_accepted,,2026-08-27 20:03:49,https://www.michigan.gov/dtmb/-/media/Project/Websites/dtmb/Procurement/Contracts/MiDEAL/002/260000000712.pdf?rev=8d4ed14d634d466fa9207bb1d92c2458&hash=AAB40CFD3A7E1C61C7C17CA7044DBB4B,/Users/arshnoorkaur/Downloads/road_salt_tracker/data/raw/MI/doc_1.pdf,2026-08-27,MI,260000000712,2026-10-01,2027-09-30
3779,1,MI,Berrien,BERRIEN COUNTY,Detroit Salt,Detroit Salt,,2027,seasonal_fill,1400.0,74.16,103824.0,,42,deterministic_pdf,0.92,0.92,0.92,auto_accepted,,2026-08-27 20:03:49,https://www.michigan.gov/dtmb/-/media/Project/Websites/dtmb/Procurement/Contracts/MiDEAL/002/260000000712.pdf?rev=8d4ed14d634d466fa9207bb1d92c2458&hash=AAB40CFD3A7E1C61C7C17CA7044DBB4B,/Users/arshnoorkaur/Downloads/road_salt_tracker/data/raw/MI/doc_1.pdf,2026-08-27,MI,260000000712,2026-10-01,2027-09-30
3780,1,MI,Berrien,BERRIEN COUNTY,Detroit Salt,Detroit Salt,,2027,seasonal_fill,300.0,74.16,22248.0,,42,deterministic_pdf,0.92,0.92,0.92,auto_accepted,,2026-08-27 20:03:49,https://www.michigan.gov/dtmb/-/media/Project/Websites/dtmb/Procurement/Contracts/MiDEAL/002/260000000712.pdf?rev=8d4ed14d634d466fa9207bb1d92c2458&hash=AAB40CFD3A7E1C61C7C17CA7044DBB4B,/Users/arshnoorkaur/Downloads/road_salt_tracker/data/raw/MI/doc_1.pdf,2026-08-27,MI,260000000712,2026-10-01,2027-09-30
3781,1,MI,Berrien,"NILES, CITY OF",Detroit Salt,Detroit Salt,,2027,seasonal_fill,1000.0,74.16,74160.0,,42,deterministic_pdf,0.92,0.92,0.92,auto_accepted,,2026-08-27 20:03:49,https://www.michigan.gov/dtmb/-/media/Project/Websites/dtmb/Procurement/Contracts/MiDEAL/002/260000000712.pdf?rev=8d4ed14d634d466fa9207bb1d92c2458&hash=AAB40CFD3A7E1C61C7C17CA7044DBB4B,/Users/arshnoorkaur/Downloads/road_salt_tracker/data/raw/MI/doc_1.pdf,2026-08-27,MI,260000000712,2026-10-01,2027-09-30
3782,1,MI,Berrien,"BENTON HARBOR, CITY OF",Detroit Salt,Detroit Salt,,2027,seasonal_fill,800.0,74.16,59328.0,,42,deterministic_pdf,0.92,0.92,0.92,auto_accepted,,2026-08-27 20:03:49,https://www.michigan.gov/dtmb/-/media/Project/Websites/dtmb/Procurement/Contracts/MiDEAL/002/260000000712.pdf?rev=8d4ed14d634d466fa9207bb1d92c2458&hash=AAB40CFD3A7E1C61C7C17CA7044DBB4B,/Users/arshnoorkaur/Downloads/road_salt_tracker/data/raw/MI/doc_1.pdf,2026-08-27,MI,260000000712,2026-10-01,2027-09-30
3783,1,MI,Branch,"UNION CITY, VILLAGE OF",Detroit Salt,Detroit Salt,,2027,seasonal_fill,150.0,75.75,11362.5,,42,deterministic_pdf,0.92,0.92,0.92,auto_accepted,,2026-08-27 20:03:49,https://www.michigan.gov/dtmb/-/media/Project/Websites/dtmb/Procurement/Contracts/MiDEAL/002/260000000712.pdf?rev=8d4ed14d634d466fa9207bb1d92c2458&hash=AAB40CFD3A7E1C61C7C17CA7044DBB4B,/Users/arshnoorkaur/Downloads/road_salt_tracker/data/raw/MI/doc_1.pdf,2026-08-27,MI,260000000712,2026-10-01,2027-09-30
3784,1,MI,Branch,"BRONSON, CITY OF",Detroit Salt,Detroit Salt,,2027,seasonal_fill,50.0,75.75,3787.5,,42,deterministic_pdf,0.92,0.92,0.92,auto_accepted,,2026-08-27 20:03:49,https://www.michigan.gov/dtmb/-/media/Project/Websites/dtmb/Procurement/Contracts/MiDEAL/002/260000000712.pdf?rev=8d4ed14d634d466fa9207bb1d92c2458&hash=AAB40CFD3A7E1C61C7C17CA7044DBB4B,/Users/arshnoorkaur/Downloads/road_salt_tracker/data/raw/MI/doc_1.pdf,2026-08-27,MI,260000000712,2026-10-01,2027-09-30
3785,1,MI,Branch,"COLDWATER, CITY OF",Detroit Salt,Detroit Salt,,2027,seasonal_fill,500.0,75.75,37875.0,,42,deterministic_pdf,0.92,0.92,0.92,auto_accepted,,2026-08-27 20:03:49,https://www.michigan.gov/dtmb/-/media/Project/Websites/dtmb/Procurement/Contracts/MiDEAL/002/260000000712.pdf?rev=8d4ed14d634d466fa9207bb1d92c2458&hash=AAB40CFD3A7E1C61C7C17CA7044DBB4B,/Users/arshnoorkaur/Downloads/road_salt_tracker/data/raw/MI/doc_1.pdf,2026-08-27,MI,260000000712,2026-10-01,2027-09-30
3786,1,MI,Branch,BRANCH COUNTY ROAD COMMISSION,Detroit Salt,Detroit Salt,,2027,seasonal_fill,1200.0,75.75,90900.0,,42,deterministic_pdf,0.92,0.92,0.92,auto_accepted,,2026-08-27 20:03:49,https://www.michigan.gov/dtmb/-/media/Project/Websites/dtmb/Procurement/Contracts/MiDEAL/002/260000000712.pdf?rev=8d4ed14d634d466fa9207bb1d92c2458&hash=AAB40CFD3A7E1C61C7C17CA7044DBB4B,/Users/arshnoorkaur/Downloads/road_salt_tracker/data/raw/MI/doc_1.pdf,2026-08-27,MI,260000000712,2026-10-01,2027-09-30
3787,1,MI,Calhoun,CALHOUN COUNTY,Detroit Salt,Detroit Salt,,2027,seasonal_fill,6000.0,72.14,432840.0,,42,deterministic_pdf,0.92,0.92,0.92,auto_accepted,,2026-08-27 20:03:49,https://www.michigan.gov/dtmb/-/media/Project/Websites/dtmb/Procurement/Contracts/MiDEAL/002/260000000712.pdf?rev=8d4ed14d634d466fa9207bb1d92c2458&hash=AAB40CFD3A7E1C61C7C17CA7044DBB4B,/Users/arshnoorkaur/Downloads/road_salt_tracker/data/raw/MI/doc_1.pdf,2026-08-27,MI,260000000712,2026-10-01,2027-09-30
3788,1,MI,Calhoun,CALHOUN COUNTY,Detroit Salt,Detroit Salt,,2027,seasonal_fill,300.0,72.14,21642.0,,42,deterministic_pdf,0.92,0.92,0.92,auto_accepted,,2026-08-27 20:03:49,https://www.michigan.gov/dtmb/-/media/Project/Websites/dtmb/Procurement/Contracts/MiDEAL/002/260000000712.pdf?rev=8d4ed14d634d466fa9207bb1d92c2458&hash=AAB40CFD3A7E1C61C7C17CA7044DBB4B,/Users/arshnoorkaur/Downloads/road_salt_tracker/data/raw/MI/doc_1.pdf,2026-08-27,MI,260000000712,2026-10-01,2027-09-30
3789,1,MI,Calhoun,ALBION CITY OF,Detroit Salt,Detroit Salt,,2027,seasonal_fill,400.0,72.14,28856.0,,42,deterministic_pdf,0.92,0.92,0.92,auto_accepted,,2026-08-27 20:03:49,https://www.michigan.gov/dtmb/-/media/Project/Websites/dtmb/Procurement/Contracts/MiDEAL/002/260000000712.pdf?rev=8d4ed14d634d466fa9207bb1d92c2458&hash=AAB40CFD3A7E1C61C7C17CA7044DBB4B,/Users/arshnoorkaur/Downloads/road_salt_tracker/data/raw/MI/doc_1.pdf,2026-08-27,MI,260000000712,2026-10-01,2027-09-30
3790,1,MI,Calhoun,"SPRINGFIELD, CITY OF",Detroit Salt,Detroit Salt,,2027,seasonal_fill,650.0,72.14,46891.0,,42,deterministic_pdf,0.92,0.92,0.92,auto_accepted,,2026-08-27 20:03:49,https://www.michigan.gov/dtmb/-/media/Project/Websites/dtmb/Procurement/Contracts/MiDEAL/002/260000000712.pdf?rev=8d4ed14d634d466fa9207bb1d92c2458&hash=AAB40CFD3A7E1C61C7C17CA7044DBB4B,/Users/arshnoorkaur/Downloads/road_salt_tracker/data/raw/MI/doc_1.pdf,2026-08-27,MI,260000000712,2026-10-01,2027-09-30
3791,1,MI,Calhoun,"BATTLE CREEK, CITY OF",Detroit Salt,Detroit Salt,,2027,seasonal_fill,7000.0,72.14,504980.0,,42,deterministic_pdf,0.92,0.92,0.92,auto_accepted,,2026-08-27 20:03:49,https://www.michigan.gov/dtmb/-/media/Project/Websites/dtmb/Procurement/Contracts/MiDEAL/002/260000000712.pdf?rev=8d4ed14d634d466fa9207bb1d92c2458&hash=AAB40CFD3A7E1C61C7C17CA7044DBB4B,/Users/arshnoorkaur/Downloads/road_salt_tracker/data/raw/MI/doc_1.pdf,2026-08-27,MI,260000000712,2026-10-01,2027-09-30
3792,1,MI,Calhoun,"MARSHALL, CITY OF",Detroit Salt,Detroit Salt,,2027,seasonal_fill,200.0,72.14,14428.0,,42,deterministic_pdf,0.92,0.92,0.92,auto_accepted,,2026-08-27 20:03:49,https://www.michigan.gov/dtmb/-/media/Project/Websites/dtmb/Procurement/Contracts/MiDEAL/002/260000000712.pdf?rev=8d4ed14d634d466fa9207bb1d92c2458&hash=AAB40CFD3A7E1C61C7C17CA7044DBB4B,/Users/arshnoorkaur/Downloads/road_salt_tracker/data/raw/MI/doc_1.pdf,2026-08-27,MI,260000000712,2026-10-01,2027-09-30
3793,1,MI,Calhoun,Kellogg Community College,Detroit Salt,Detroit Salt,,2027,seasonal_fill,50.0,72.14,3607.0,,42,deterministic_pdf,0.92,0.92,0.92,auto_accepted,,2026-08-27 20:03:49,https://www.michigan.gov/dtmb/-/media/Project/Websites/dtmb/Procurement/Contracts/MiDEAL/002/260000000712.pdf?rev=8d4ed14d634d466fa9207bb1d92c2458&hash=AAB40CFD3A7E1C61C7C17CA7044DBB4B,/Users/arshnoorkaur/Downloads/road_salt_tracker/data/raw/MI/doc_1.pdf,2026-08-27,MI,260000000712,2026-10-01,2027-09-30
3794,1,MI,Calhoun,DMVA-AGENCY,Detroit Salt,Detroit Salt,,2027,seasonal_fill,100.0,72.14,7214.0,,42,deterministic_pdf,0.92,0.92,0.92,auto_accepted,,2026-08-27 20:03:49,https://www.michigan.gov/dtmb/-/media/Project/Websites/dtmb/Procurement/Contracts/MiDEAL/002/260000000712.pdf?rev=8d4ed14d634d466fa9207bb1d92c2458&hash=AAB40CFD3A7E1C61C7C17CA7044DBB4B,/Users/arshnoorkaur/Downloads/road_salt_tracker/data/raw/MI/doc_1.pdf,2026-08-27,MI,260000000712,2026-10-01,2027-09-30
3795,1,MI,Cass,CASS COUNTY ROAD COMMISSION,Detroit Salt,Detroit Salt,,2027,seasonal_fill,2400.0,78.78,189072.0,,42,deterministic_pdf,0.92,0.92,0.92,auto_accepted,,2026-08-27 20:03:49,https://www.michigan.gov/dtmb/-/media/Project/Websites/dtmb/Procurement/Contracts/MiDEAL/002/260000000712.pdf?rev=8d4ed14d634d466fa9207bb1d92c2458&hash=AAB40CFD3A7E1C61C7C17CA7044DBB4B,/Users/arshnoorkaur/Downloads/road_salt_tracker/data/raw/MI/doc_1.pdf,2026-08-27,MI,260000000712,2026-10-01,2027-09-30
3796,1,MI,Cass,"MARCELLUS, VILLAGE OF",Detroit Salt,Detroit Salt,,2027,seasonal_fill,50.0,78.78,3939.0,,42,deterministic_pdf,0.92,0.92,0.92,auto_accepted,,2026-08-27 20:03:49,https://www.michigan.gov/dtmb/-/media/Project/Websites/dtmb/Procurement/Contracts/MiDEAL/002/260000000712.pdf?rev=8d4ed14d634d466fa9207bb1d92c2458&hash=AAB40CFD3A7E1C61C7C17CA7044DBB4B,/Users/arshnoorkaur/Downloads/road_salt_tracker/data/raw/MI/doc_1.pdf,2026-08-27,MI,260000000712,2026-10-01,2027-09-30
3797,1,MI,Kalamazoo,"VICKSBURG, VILLAGE OF",Detroit Salt,Detroit Salt,,2027,seasonal_fill,100.0,76.21,7621.0,,42,deterministic_pdf,0.92,0.92,0.92,auto_accepted,,2026-08-27 20:03:49,https://www.michigan.gov/dtmb/-/media/Project/Websites/dtmb/Procurement/Contracts/MiDEAL/002/260000000712.pdf?rev=8d4ed14d634d466fa9207bb1d92c2458&hash=AAB40CFD3A7E1C61C7C17CA7044DBB4B,/Users/arshnoorkaur/Downloads/road_salt_tracker/data/raw/MI/doc_1.pdf,2026-08-27,MI,260000000712,2026-10-01,2027-09-30
3798,1,MI,Kalamazoo,KALAMAZOO PUBLIC SCHOOLS,Detroit Salt,Detroit Salt,,2027,seasonal_fill,450.0,76.21,34294.5,,42,deterministic_pdf,0.92,0.92,0.92,auto_accepted,,2026-08-27 20:03:49,https://www.michigan.gov/dtmb/-/media/Project/Websites/dtmb/Procurement/Contracts/MiDEAL/002/260000000712.pdf?rev=8d4ed14d634d466fa9207bb1d92c2458&hash=AAB40CFD3A7E1C61C7C17CA7044DBB4B,/Users/arshnoorkaur/Downloads/road_salt_tracker/data/raw/MI/doc_1.pdf,2026-08-27,MI,260000000712,2026-10-01,2027-09-30
3799,1,MI,Kalamazoo,"KALAMAZOO, CITY OF",Detroit Salt,Detroit Salt,,2027,seasonal_fill,5000.0,76.21,381050.0,,42,deterministic_pdf,0.92,0.92,0.92,auto_accepted,,2026-08-27 20:03:49,https://www.michigan.gov/dtmb/-/media/Project/Websites/dtmb/Procurement/Contracts/MiDEAL/002/260000000712.pdf?rev=8d4ed14d634d466fa9207bb1d92c2458&hash=AAB40CFD3A7E1C61C7C17CA7044DBB4B,/Users/arshnoorkaur/Downloads/road_salt_tracker/data/raw/MI/doc_1.pdf,2026-08-27,MI,260000000712,2026-10-01,2027-09-30
3800,1,MI,Kalamazoo,KALAMAZOO VALLEY COMMUNITY COLLEGE,Detroit Salt,Detroit Salt,,2027,seasonal_fill,50.0,76.21,3810.5,,42,deterministic_pdf,0.92,0.92,0.92,auto_accepted,,2026-08-27 20:03:49,https://www.michigan.gov/dtmb/-/media/Project/Websites/dtmb/Procurement/Contracts/MiDEAL/002/260000000712.pdf?rev=8d4ed14d634d466fa9207bb1d92c2458&hash=AAB40CFD3A7E1C61C7C17CA7044DBB4B,/Users/arshnoorkaur/Downloads/road_salt_tracker/data/raw/MI/doc_1.pdf,2026-08-27,MI,260000000712,2026-10-01,2027-09-30
3801,1,MI,Kalamazoo,DMVA-AGENCY,Detroit Salt,Detroit Salt,,2027,seasonal_fill,200.0,76.21,15242.0,,42,deterministic_pdf,0.92,0.92,0.92,auto_accepted,,2026-08-27 20:03:49,https://www.michigan.gov/dtmb/-/media/Project/Websites/dtmb/Procurement/Contracts/MiDEAL/002/260000000712.pdf?rev=8d4ed14d634d466fa9207bb1d92c2458&hash=AAB40CFD3A7E1C61C7C17CA7044DBB4B,/Users/arshnoorkaur/Downloads/road_salt_tracker/data/raw/MI/doc_1.pdf,2026-08-27,MI,260000000712,2026-10-01,2027-09-30
3802,1,MI,Kalamazoo,"PORTAGE, CITY OF",Detroit Salt,Detroit Salt,,2027,seasonal_fill,1200.0,76.21,91452.0,,42,deterministic_pdf,0.92,0.92,0.92,auto_accepted,,2026-08-27 20:03:49,https://www.michigan.gov/dtmb/-/media/Project/Websites/dtmb/Procurement/Contracts/MiDEAL/002/260000000712.pdf?rev=8d4ed14d634d466fa9207bb1d92c2458&hash=AAB40CFD3A7E1C61C7C17CA7044DBB4B,/Users/arshnoorkaur/Downloads/road_salt_tracker/data/raw/MI/doc_1.pdf,2026-08-27,MI,260000000712,2026-10-01,2027-09-30
3803,1,MI,Kalamazoo,ROAD COMMISSION OF KALAMAZOO COUNTY,Detroit Salt,Detroit Salt,,2027,seasonal_fill,7000.0,76.21,533470.0,,42,deterministic_pdf,0.92,0.92,0.92,auto_accepted,,2026-08-27 20:03:49,https://www.michigan.gov/dtmb/-/media/Project/Websites/dtmb/Procurement/Contracts/MiDEAL/002/260000000712.pdf?rev=8d4ed14d634d466fa9207bb1d92c2458&hash=AAB40CFD3A7E1C61C7C17CA7044DBB4B,/Users/arshnoorkaur/Downloads/road_salt_tracker/data/raw/MI/doc_1.pdf,2026-08-27,MI,260000000712,2026-10-01,2027-09-30
3804,1,MI,Kalamazoo,WESTERN MICHIGAN UNIVERSITY,Detroit Salt,Detroit Salt,,2027,seasonal_fill,600.0,76.21,45726.0,,42,deterministic_pdf,0.92,0.92,0.92,auto_accepted,,2026-08-27 20:03:49,https://www.michigan.gov/dtmb/-/media/Project/Websites/dtmb/Procurement/Contracts/MiDEAL/002/260000000712.pdf?rev=8d4ed14d634d466fa9207bb1d92c2458&hash=AAB40CFD3A7E1C61C7C17CA7044DBB4B,/Users/arshnoorkaur/Downloads/road_salt_tracker/data/raw/MI/doc_1.pdf,2026-08-27,MI,260000000712,2026-10-01,2027-09-30
3805,1,MI,St. Joseph,"THREE RIVERS, CITY OF",Detroit Salt,Detroit Salt,,2027,seasonal_fill,250.0,77.72,19430.0,,42,deterministic_pdf,0.92,0.92,0.92,auto_accepted,,2026-08-27 20:03:49,https://www.michigan.gov/dtmb/-/media/Project/Websites/dtmb/Procurement/Contracts/MiDEAL/002/260000000712.pdf?rev=8d4ed14d634d466fa9207bb1d92c2458&hash=AAB40CFD3A7E1C61C7C17CA7044DBB4B,/Users/arshnoorkaur/Downloads/road_salt_tracker/data/raw/MI/doc_1.pdf,2026-08-27,MI,260000000712,2026-10-01,2027-09-30
3806,1,MI,St. Joseph,"STURGIS, CITY OF",Detroit Salt,Detroit Salt,,2027,seasonal_fill,300.0,77.72,23316.0,,42,deterministic_pdf,0.92,0.92,0.92,auto_accepted,,2026-08-27 20:03:49,https://www.michigan.gov/dtmb/-/media/Project/Websites/dtmb/Procurement/Contracts/MiDEAL/002/260000000712.pdf?rev=8d4ed14d634d466fa9207bb1d92c2458&hash=AAB40CFD3A7E1C61C7C17CA7044DBB4B,/Users/arshnoorkaur/Downloads/road_salt_tracker/data/raw/MI/doc_1.pdf,2026-08-27,MI,260000000712,2026-10-01,2027-09-30
3807,1,MI,VanBuren,LAWTON VILLAGE OF,Detroit Salt,Detroit Salt,,2027,seasonal_fill,50.0,76.53,3826.5,,42,deterministic_pdf,0.92,0.92,0.92,auto_accepted,,2026-08-27 20:03:49,https://www.michigan.gov/dtmb/-/media/Project/Websites/dtmb/Procurement/Contracts/MiDEAL/002/260000000712.pdf?rev=8d4ed14d634d466fa9207bb1d92c2458&hash=AAB40CFD3A7E1C61C7C17CA7044DBB4B,/Users/arshnoorkaur/Downloads/road_salt_tracker/data/raw/MI/doc_1.pdf,2026-08-27,MI,260000000712,2026-10-01,2027-09-30
3808,1,MI,VanBuren,"BANGOR, CITY OF",Detroit Salt,Detroit Salt,,2027,seasonal_fill,150.0,76.53,11479.5,,42,deterministic_pdf,0.92,0.92,0.92,auto_accepted,,2026-08-27 20:03:49,https://www.michigan.gov/dtmb/-/media/Project/Websites/dtmb/Procurement/Contracts/MiDEAL/002/260000000712.pdf?rev=8d4ed14d634d466fa9207bb1d92c2458&hash=AAB40CFD3A7E1C61C7C17CA7044DBB4B,/Users/arshnoorkaur/Downloads/road_salt_tracker/data/raw/MI/doc_1.pdf,2026-08-27,MI,260000000712,2026-10-01,2027-09-30
3809,1,MI,VanBuren,"SOUTH HAVEN, CITY OF",Detroit Salt,Detroit Salt,,2027,seasonal_fill,700.0,76.53,53571.0,,42,deterministic_pdf,0.92,0.92,0.92,auto_accepted,,2026-08-27 20:03:49,https://www.michigan.gov/dtmb/-/media/Project/Websites/dtmb/Procurement/Contracts/MiDEAL/002/260000000712.pdf?rev=8d4ed14d634d466fa9207bb1d92c2458&hash=AAB40CFD3A7E1C61C7C17CA7044DBB4B,/Users/arshnoorkaur/Downloads/road_salt_tracker/data/raw/MI/doc_1.pdf,2026-08-27,MI,260000000712,2026-10-01,2027-09-30
3810,1,MI,VanBuren,"HARTFORD, CITY OF",Detroit Salt,Detroit Salt,,2027,seasonal_fill,100.0,76.53,7653.0,,42,deterministic_pdf,0.92,0.92,0.92,auto_accepted,,2026-08-27 20:03:49,https://www.michigan.gov/dtmb/-/media/Project/Websites/dtmb/Procurement/Contracts/MiDEAL/002/260000000712.pdf?rev=8d4ed14d634d466fa9207bb1d92c2458&hash=AAB40CFD3A7E1C61C7C17CA7044DBB4B,/Users/arshnoorkaur/Downloads/road_salt_tracker/data/raw/MI/doc_1.pdf,2026-08-27,MI,260000000712,2026-10-01,2027-09-30
3811,1,MI,VanBuren,"PAW PAW, VILLAGE OF",Detroit Salt,Detroit Salt,,2027,seasonal_fill,150.0,76.53,11479.5,,42,deterministic_pdf,0.92,0.92,0.92,auto_accepted,,2026-08-27 20:03:49,https://www.michigan.gov/dtmb/-/media/Project/Websites/dtmb/Procurement/Contracts/MiDEAL/002/260000000712.pdf?rev=8d4ed14d634d466fa9207bb1d92c2458&hash=AAB40CFD3A7E1C61C7C17CA7044DBB4B,/Users/arshnoorkaur/Downloads/road_salt_tracker/data/raw/MI/doc_1.pdf,2026-08-27,MI,260000000712,2026-10-01,2027-09-30
3812,1,MI,VanBuren,VAN BUREN COUNTY ROAD COMMISSION,Detroit Salt,Detroit Salt,,2027,seasonal_fill,4000.0,76.53,306120.0,,42,deterministic_pdf,0.92,0.92,0.92,auto_accepted,,2026-08-27 20:03:49,https://www.michigan.gov/dtmb/-/media/Project/Websites/dtmb/Procurement/Contracts/MiDEAL/002/260000000712.pdf?rev=8d4ed14d634d466fa9207bb1d92c2458&hash=AAB40CFD3A7E1C61C7C17CA7044DBB4B,/Users/arshnoorkaur/Downloads/road_salt_tracker/data/raw/MI/doc_1.pdf,2026-08-27,MI,260000000712,2026-10-01,2027-09-30
3813,1,MI,VanBuren,VAN BUREN COUNTY ROAD COMMISSION,Detroit Salt,Detroit Salt,,2027,seasonal_fill,2500.0,76.53,191325.0,,42,deterministic_pdf,0.92,0.92,0.92,auto_accepted,,2026-08-27 20:03:49,https://www.michigan.gov/dtmb/-/media/Project/Websites/dtmb/Procurement/Contracts/MiDEAL/002/260000000712.pdf?rev=8d4ed14d634d466fa9207bb1d92c2458&hash=AAB40CFD3A7E1C61C7C17CA7044DBB4B,/Users/arshnoorkaur/Downloads/road_salt_tracker/data/raw/MI/doc_1.pdf,2026-08-27,MI,260000000712,2026-10-01,2027-09-30
3814,1,MI,VanBuren,VAN BUREN COUNTY ROAD COMMISSION,Detroit Salt,Detroit Salt,,2027,seasonal_fill,1000.0,76.53,76530.0,,42,deterministic_pdf,0.92,0.92,0.92,auto_accepted,,2026-08-27 20:03:49,https://www.michigan.gov/dtmb/-/media/Project/Websites/dtmb/Procurement/Contracts/MiDEAL/002/260000000712.pdf?rev=8d4ed14d634d466fa9207bb1d92c2458&hash=AAB40CFD3A7E1C61C7C17CA7044DBB4B,/Users/arshnoorkaur/Downloads/road_salt_tracker/data/raw/MI/doc_1.pdf,2026-08-27,MI,260000000712,2026-10-01,2027-09-30
3815,1,MI,VanBuren,"DECATUR, VILLAGE OF",Detroit Salt,Detroit Salt,,2027,seasonal_fill,50.0,76.53,3826.5,,43,deterministic_pdf,0.92,0.92,0.92,auto_accepted,,2026-08-27 20:03:49,https://www.michigan.gov/dtmb/-/media/Project/Websites/dtmb/Procurement/Contracts/MiDEAL/002/260000000712.pdf?rev=8d4ed14d634d466fa9207bb1d92c2458&hash=AAB40CFD3A7E1C61C7C17CA7044DBB4B,/Users/arshnoorkaur/Downloads/road_salt_tracker/data/raw/MI/doc_1.pdf,2026-08-27,MI,260000000712,2026-10-01,2027-09-30
3816,1,MI,Clinton,"OVID, CITY OF",Detroit Salt,Detroit Salt,,2027,seasonal_fill,100.0,66.31,6631.0,,43,deterministic_pdf,0.92,0.92,0.92,auto_accepted,,2026-08-27 20:03:49,https://www.michigan.gov/dtmb/-/media/Project/Websites/dtmb/Procurement/Contracts/MiDEAL/002/260000000712.pdf?rev=8d4ed14d634d466fa9207bb1d92c2458&hash=AAB40CFD3A7E1C61C7C17CA7044DBB4B,/Users/arshnoorkaur/Downloads/road_salt_tracker/data/raw/MI/doc_1.pdf,2026-08-27,MI,260000000712,2026-10-01,2027-09-30
3817,1,MI,Clinton,"ST. JOHNS, CITY OF",Detroit Salt,Detroit Salt,,2027,seasonal_fill,350.0,66.31,23208.5,,43,deterministic_pdf,0.92,0.92,0.92,auto_accepted,,2026-08-27 20:03:49,https://www.michigan.gov/dtmb/-/media/Project/Websites/dtmb/Procurement/Contracts/MiDEAL/002/260000000712.pdf?rev=8d4ed14d634d466fa9207bb1d92c2458&hash=AAB40CFD3A7E1C61C7C17CA7044DBB4B,/Users/arshnoorkaur/Downloads/road_salt_tracker/data/raw/MI/doc_1.pdf,2026-08-27,MI,260000000712,2026-10-01,2027-09-30
3818,1,MI,Clinton,"DEWITT, CITY OF",Detroit Salt,Detroit Salt,,2027,seasonal_fill,350.0,66.31,23208.5,,43,deterministic_pdf,0.92,0.92,0.92,auto_accepted,,2026-08-27 20:03:49,https://www.michigan.gov/dtmb/-/media/Project/Websites/dtmb/Procurement/Contracts/MiDEAL/002/260000000712.pdf?rev=8d4ed14d634d466fa9207bb1d92c2458&hash=AAB40CFD3A7E1C61C7C17CA7044DBB4B,/Users/arshnoorkaur/Downloads/road_salt_tracker/data/raw/MI/doc_1.pdf,2026-08-27,MI,260000000712,2026-10-01,2027-09-30
3819,1,MI,Clinton,CLINTON COUNTY ROAD COMMISSION,Detroit Salt,Detroit Salt,,2027,seasonal_fill,2500.0,66.31,165775.0,,43,deterministic_pdf,0.92,0.92,0.92,auto_accepted,,2026-08-27 20:03:49,https://www.michigan.gov/dtmb/-/media/Project/Websites/dtmb/Procurement/Contracts/MiDEAL/002/260000000712.pdf?rev=8d4ed14d634d466fa9207bb1d92c2458&hash=AAB40CFD3A7E1C61C7C17CA7044DBB4B,/Users/arshnoorkaur/Downloads/road_salt_tracker/data/raw/MI/doc_1.pdf,2026-08-27,MI,260000000712,2026-10-01,2027-09-30
3820,1,MI,Clinton,"EAST LANSING, CITY OF",Detroit Salt,Detroit Salt,,2027,seasonal_fill,1000.0,66.31,66310.0,,43,deterministic_pdf,0.92,0.92,0.92,auto_accepted,,2026-08-27 20:03:49,https://www.michigan.gov/dtmb/-/media/Project/Websites/dtmb/Procurement/Contracts/MiDEAL/002/260000000712.pdf?rev=8d4ed14d634d466fa9207bb1d92c2458&hash=AAB40CFD3A7E1C61C7C17CA7044DBB4B,/Users/arshnoorkaur/Downloads/road_salt_tracker/data/raw/MI/doc_1.pdf,2026-08-27,MI,260000000712,2026-10-01,2027-09-30
3821,1,MI,Eaton,GRAND LEDGE PUBLIC SCHOOLS,Detroit Salt,Detroit Salt,,2027,seasonal_fill,100.0,67.77,6777.0,,43,deterministic_pdf,0.92,0.92,0.92,auto_accepted,,2026-08-27 20:03:49,https://www.michigan.gov/dtmb/-/media/Project/Websites/dtmb/Procurement/Contracts/MiDEAL/002/260000000712.pdf?rev=8d4ed14d634d466fa9207bb1d92c2458&hash=AAB40CFD3A7E1C61C7C17CA7044DBB4B,/Users/arshnoorkaur/Downloads/road_salt_tracker/data/raw/MI/doc_1.pdf,2026-08-27,MI,260000000712,2026-10-01,2027-09-30
3822,1,MI,Eaton,LANSING COMMUNITY COLLEGE,Detroit Salt,Detroit Salt,,2027,seasonal_fill,200.0,67.77,13554.0,,43,deterministic_pdf,0.92,0.92,0.92,auto_accepted,,2026-08-27 20:03:49,https://www.michigan.gov/dtmb/-/media/Project/Websites/dtmb/Procurement/Contracts/MiDEAL/002/260000000712.pdf?rev=8d4ed14d634d466fa9207bb1d92c2458&hash=AAB40CFD3A7E1C61C7C17CA7044DBB4B,/Users/arshnoorkaur/Downloads/road_salt_tracker/data/raw/MI/doc_1.pdf,2026-08-27,MI,260000000712,2026-10-01,2027-09-30
3823,1,MI,Eaton,"VERMONTVILLE, VILLAGE OF",Detroit Salt,Detroit Salt,,2027,seasonal_fill,100.0,67.77,6777.0,,43,deterministic_pdf,0.92,0.92,0.92,auto_accepted,,2026-08-27 20:03:49,https://www.michigan.gov/dtmb/-/media/Project/Websites/dtmb/Procurement/Contracts/MiDEAL/002/260000000712.pdf?rev=8d4ed14d634d466fa9207bb1d92c2458&hash=AAB40CFD3A7E1C61C7C17CA7044DBB4B,/Users/arshnoorkaur/Downloads/road_salt_tracker/data/raw/MI/doc_1.pdf,2026-08-27,MI,260000000712,2026-10-01,2027-09-30
3824,1,MI,Eaton,EATON COUNTY ROAD COMMISSION,Detroit Salt,Detroit Salt,,2027,seasonal_fill,150.0,67.77,10165.5,,43,deterministic_pdf,0.92,0.92,0.92,auto_accepted,,2026-08-27 20:03:49,https://www.michigan.gov/dtmb/-/media/Project/Websites/dtmb/Procurement/Contracts/MiDEAL/002/260000000712.pdf?rev=8d4ed14d634d466fa9207bb1d92c2458&hash=AAB40CFD3A7E1C61C7C17CA7044DBB4B,/Users/arshnoorkaur/Downloads/road_salt_tracker/data/raw/MI/doc_1.pdf,2026-08-27,MI,260000000712,2026-10-01,2027-09-30
3825,1,MI,Eaton,"DTMB-Facilities-Building Operations Division-
AGENCY",Detroit Salt,Detroit Salt,,2027,seasonal_fill,600.0,67.77,40662.0,,43,deterministic_pdf,0.92,0.92,0.92,auto_accepted,,2026-08-27 20:03:49,https://www.michigan.gov/dtmb/-/media/Project/Websites/dtmb/Procurement/Contracts/MiDEAL/002/260000000712.pdf?rev=8d4ed14d634d466fa9207bb1d92c2458&hash=AAB40CFD3A7E1C61C7C17CA7044DBB4B,/Users/arshnoorkaur/Downloads/road_salt_tracker/data/raw/MI/doc_1.pdf,2026-08-27,MI,260000000712,2026-10-01,2027-09-30
3826,1,MI,Eaton,EATON COUNTY ROAD COMMISSION,Detroit Salt,Detroit Salt,,2027,seasonal_fill,3700.0,67.77,250749.0,,43,deterministic_pdf,0.92,0.92,0.92,auto_accepted,,2026-08-27 20:03:49,https://www.michigan.gov/dtmb/-/media/Project/Websites/dtmb/Procurement/Contracts/MiDEAL/002/260000000712.pdf?rev=8d4ed14d634d466fa9207bb1d92c2458&hash=AAB40CFD3A7E1C61C7C17CA7044DBB4B,/Users/arshnoorkaur/Downloads/road_salt_tracker/data/raw/MI/doc_1.pdf,2026-08-27,MI,260000000712,2026-10-01,2027-09-30
3827,1,MI,Eaton,EATON COUNTY ROAD COMMISSION,Detroit Salt,Detroit Salt,,2027,seasonal_fill,2000.0,67.77,135540.0,,43,deterministic_pdf,0.92,0.92,0.92,auto_accepted,,2026-08-27 20:03:49,https://www.michigan.gov/dtmb/-/media/Project/Websites/dtmb/Procurement/Contracts/MiDEAL/002/260000000712.pdf?rev=8d4ed14d634d466fa9207bb1d92c2458&hash=AAB40CFD3A7E1C61C7C17CA7044DBB4B,/Users/arshnoorkaur/Downloads/road_salt_tracker/data/raw/MI/doc_1.pdf,2026-08-27,MI,260000000712,2026-10-01,2027-09-30
3828,1,MI,Eaton,EATON COUNTY ROAD COMMISSION,Detroit Salt,Detroit Salt,,2027,seasonal_fill,1650.0,67.77,111820.5,,43,deterministic_pdf,0.92,0.92,0.92,auto_accepted,,2026-08-27 20:03:49,https://www.michigan.gov/dtmb/-/media/Project/Websites/dtmb/Procurement/Contracts/MiDEAL/002/260000000712.pdf?rev=8d4ed14d634d466fa9207bb1d92c2458&hash=AAB40CFD3A7E1C61C7C17CA7044DBB4B,/Users/arshnoorkaur/Downloads/road_salt_tracker/data/raw/MI/doc_1.pdf,2026-08-27,MI,260000000712,2026-10-01,2027-09-30
3829,1,MI,Eaton,EATON COUNTY ROAD COMMISSION,Detroit Salt,Detroit Salt,,2027,seasonal_fill,400.0,67.77,27108.0,,43,deterministic_pdf,0.92,0.92,0.92,auto_accepted,,2026-08-27 20:03:49,https://www.michigan.gov/dtmb/-/media/Project/Websites/dtmb/Procurement/Contracts/MiDEAL/002/260000000712.pdf?rev=8d4ed14d634d466fa9207bb1d92c2458&hash=AAB40CFD3A7E1C61C7C17CA7044DBB4B,/Users/arshnoorkaur/Downloads/road_salt_tracker/data/raw/MI/doc_1.pdf,2026-08-27,MI,260000000712,2026-10-01,2027-09-30
3830,1,MI,Eaton,GRAND LEDGE CITY OF,Detroit Salt,Detroit Salt,,2027,seasonal_fill,700.0,67.77,47439.0,,43,deterministic_pdf,0.92,0.92,0.92,auto_accepted,,2026-08-27 20:03:49,https://www.michigan.gov/dtmb/-/media/Project/Websites/dtmb/Procurement/Contracts/MiDEAL/002/260000000712.pdf?rev=8d4ed14d634d466fa9207bb1d92c2458&hash=AAB40CFD3A7E1C61C7C17CA7044DBB4B,/Users/arshnoorkaur/Downloads/road_salt_tracker/data/raw/MI/doc_1.pdf,2026-08-27,MI,260000000712,2026-10-01,2027-09-30
3831,1,MI,Eaton,"CHARLOTTE, CITY OF",Detroit Salt,Detroit Salt,,2027,seasonal_fill,600.0,67.77,40662.0,,43,deterministic_pdf,0.92,0.92,0.92,auto_accepted,,2026-08-27 20:03:49,https://www.michigan.gov/dtmb/-/media/Project/Websites/dtmb/Procurement/Contracts/MiDEAL/002/260000000712.pdf?rev=8d4ed14d634d466fa9207bb1d92c2458&hash=AAB40CFD3A7E1C61C7C17CA7044DBB4B,/Users/arshnoorkaur/Downloads/road_salt_tracker/data/raw/MI/doc_1.pdf,2026-08-27,MI,260000000712,2026-10-01,2027-09-30
3832,1,MI,Eaton,"POTTERVILLE, CITY OF",Detroit Salt,Detroit Salt,,2027,seasonal_fill,50.0,67.77,3388.5,,43,deterministic_pdf,0.92,0.92,0.92,auto_accepted,,2026-08-27 20:03:49,https://www.michigan.gov/dtmb/-/media/Project/Websites/dtmb/Procurement/Contracts/MiDEAL/002/260000000712.pdf?rev=8d4ed14d634d466fa9207bb1d92c2458&hash=AAB40CFD3A7E1C61C7C17CA7044DBB4B,/Users/arshnoorkaur/Downloads/road_salt_tracker/data/raw/MI/doc_1.pdf,2026-08-27,MI,260000000712,2026-10-01,2027-09-30
3833,1,MI,Hillsdale,"Reading, City of",Detroit Salt,Detroit Salt,,2027,seasonal_fill,50.0,69.05,3452.5,,43,deterministic_pdf,0.92,0.92,0.92,auto_accepted,,2026-08-27 20:03:49,https://www.michigan.gov/dtmb/-/media/Project/Websites/dtmb/Procurement/Contracts/MiDEAL/002/260000000712.pdf?rev=8d4ed14d634d466fa9207bb1d92c2458&hash=AAB40CFD3A7E1C61C7C17CA7044DBB4B,/Users/arshnoorkaur/Downloads/road_salt_tracker/data/raw/MI/doc_1.pdf,2026-08-27,MI,260000000712,2026-10-01,2027-09-30
3834,1,MI,Hillsdale,"JONESVILLE, CITY OF",Detroit Salt,Detroit Salt,,2027,seasonal_fill,300.0,69.05,20715.0,,43,deterministic_pdf,0.92,0.92,0.92,auto_accepted,,2026-08-27 20:03:49,https://www.michigan.gov/dtmb/-/media/Project/Websites/dtmb/Procurement/Contracts/MiDEAL/002/260000000712.pdf?rev=8d4ed14d634d466fa9207bb1d92c2458&hash=AAB40CFD3A7E1C61C7C17CA7044DBB4B,/Users/arshnoorkaur/Downloads/road_salt_tracker/data/raw/MI/doc_1.pdf,2026-08-27,MI,260000000712,2026-10-01,2027-09-30
3835,1,MI,Hillsdale,HILLSDALE COUNTY ROAD COMMISSION,Detroit Salt,Detroit Salt,,2027,seasonal_fill,10000.0,69.05,690500.0,,43,deterministic_pdf,0.92,0.92,0.92,auto_accepted,,2026-08-27 20:03:49,https://www.michigan.gov/dtmb/-/media/Project/Websites/dtmb/Procurement/Contracts/MiDEAL/002/260000000712.pdf?rev=8d4ed14d634d466fa9207bb1d92c2458&hash=AAB40CFD3A7E1C61C7C17CA7044DBB4B,/Users/arshnoorkaur/Downloads/road_salt_tracker/data/raw/MI/doc_1.pdf,2026-08-27,MI,260000000712,2026-10-01,2027-09-30
3836,1,MI,Hillsdale,HILLSDALE COUNTY ROAD COMMISSION,Detroit Salt,Detroit Salt,,2027,seasonal_fill,1000.0,69.05,69050.0,,43,deterministic_pdf,0.92,0.92,0.92,auto_accepted,,2026-08-27 20:03:49,https://www.michigan.gov/dtmb/-/media/Project/Websites/dtmb/Procurement/Contracts/MiDEAL/002/260000000712.pdf?rev=8d4ed14d634d466fa9207bb1d92c2458&hash=AAB40CFD3A7E1C61C7C17CA7044DBB4B,/Users/arshnoorkaur/Downloads/road_salt_tracker/data/raw/MI/doc_1.pdf,2026-08-27,MI,260000000712,2026-10-01,2027-09-30
3837,1,MI,Hillsdale,"HILLSDALE, CITY OF",Detroit Salt,Detroit Salt,,2027,seasonal_fill,1000.0,69.05,69050.0,,43,deterministic_pdf,0.92,0.92,0.92,auto_accepted,,2026-08-27 20:03:49,https://www.michigan.gov/dtmb/-/media/Project/Websites/dtmb/Procurement/Contracts/MiDEAL/002/260000000712.pdf?rev=8d4ed14d634d466fa9207bb1d92c2458&hash=AAB40CFD3A7E1C61C7C17CA7044DBB4B,/Users/arshnoorkaur/Downloads/road_salt_tracker/data/raw/MI/doc_1.pdf,2026-08-27,MI,260000000712,2026-10-01,2027-09-30
3838,1,MI,Ingham,"WILLIAMSTON, CITY OF",Detroit Salt,Detroit Salt,,2027,seasonal_fill,400.0,66.51,26604.0,,43,deterministic_pdf,0.92,0.92,0.92,auto_accepted,,2026-08-27 20:03:49,https://www.michigan.gov/dtmb/-/media/Project/Websites/dtmb/Procurement/Contracts/MiDEAL/002/260000000712.pdf?rev=8d4ed14d634d466fa9207bb1d92c2458&hash=AAB40CFD3A7E1C61C7C17CA7044DBB4B,/Users/arshnoorkaur/Downloads/road_salt_tracker/data/raw/MI/doc_1.pdf,2026-08-27,MI,260000000712,2026-10-01,2027-09-30
3839,1,MI,Ingham,"LESLIE, CITY OF",Detroit Salt,Detroit Salt,,2027,seasonal_fill,200.0,66.51,13302.0,,43,deterministic_pdf,0.92,0.92,0.92,auto_accepted,,2026-08-27 20:03:49,https://www.michigan.gov/dtmb/-/media/Project/Websites/dtmb/Procurement/Contracts/MiDEAL/002/260000000712.pdf?rev=8d4ed14d634d466fa9207bb1d92c2458&hash=AAB40CFD3A7E1C61C7C17CA7044DBB4B,/Users/arshnoorkaur/Downloads/road_salt_tracker/data/raw/MI/doc_1.pdf,2026-08-27,MI,260000000712,2026-10-01,2027-09-30
3840,1,MI,Ingham,"DTMB-Facilities-Building Operations Division-
AGENCY",Detroit Salt,Detroit Salt,,2027,seasonal_fill,400.0,66.51,26604.0,,43,deterministic_pdf,0.92,0.92,0.92,auto_accepted,,2026-08-27 20:03:49,https://www.michigan.gov/dtmb/-/media/Project/Websites/dtmb/Procurement/Contracts/MiDEAL/002/260000000712.pdf?rev=8d4ed14d634d466fa9207bb1d92c2458&hash=AAB40CFD3A7E1C61C7C17CA7044DBB4B,/Users/arshnoorkaur/Downloads/road_salt_tracker/data/raw/MI/doc_1.pdf,2026-08-27,MI,260000000712,2026-10-01,2027-09-30
3841,1,MI,Ingham,INGHAM COUNTY,Detroit Salt,Detroit Salt,,2027,seasonal_fill,5000.0,66.51,332550.0,,43,deterministic_pdf,0.92,0.92,0.92,auto_accepted,,2026-08-27 20:03:49,https://www.michigan.gov/dtmb/-/media/Project/Websites/dtmb/Procurement/Contracts/MiDEAL/002/260000000712.pdf?rev=8d4ed14d634d466fa9207bb1d92c2458&hash=AAB40CFD3A7E1C61C7C17CA7044DBB4B,/Users/arshnoorkaur/Downloads/road_salt_tracker/data/raw/MI/doc_1.pdf,2026-08-27,MI,260000000712,2026-10-01,2027-09-30
3842,1,MI,Ingham,INGHAM COUNTY,Detroit Salt,Detroit Salt,,2027,seasonal_fill,4000.0,66.51,266040.0,,43,deterministic_pdf,0.92,0.92,0.92,auto_accepted,,2026-08-27 20:03:49,https://www.michigan.gov/dtmb/-/media/Project/Websites/dtmb/Procurement/Contracts/MiDEAL/002/260000000712.pdf?rev=8d4ed14d634d466fa9207bb1d92c2458&hash=AAB40CFD3A7E1C61C7C17CA7044DBB4B,/Users/arshnoorkaur/Downloads/road_salt_tracker/data/raw/MI/doc_1.pdf,2026-08-27,MI,260000000712,2026-10-01,2027-09-30
3843,1,MI,Ingham,INGHAM COUNTY,Detroit Salt,Detroit Salt,,2027,seasonal_fill,4500.0,66.51,299295.0,,43,deterministic_pdf,0.92,0.92,0.92,auto_accepted,,2026-08-27 20:03:49,https://www.michigan.gov/dtmb/-/media/Project/Websites/dtmb/Procurement/Contracts/MiDEAL/002/260000000712.pdf?rev=8d4ed14d634d466fa9207bb1d92c2458&hash=AAB40CFD3A7E1C61C7C17CA7044DBB4B,/Users/arshnoorkaur/Downloads/road_salt_tracker/data/raw/MI/doc_1.pdf,2026-08-27,MI,260000000712,2026-10-01,2027-09-30
3844,1,MI,Ingham,HASLETT PUBLIC SCHOOLS,Detroit Salt,Detroit Salt,,2027,seasonal_fill,100.0,66.51,6651.0,,43,deterministic_pdf,0.92,0.92,0.92,auto_accepted,,2026-08-27 20:03:49,https://www.michigan.gov/dtmb/-/media/Project/Websites/dtmb/Procurement/Contracts/MiDEAL/002/260000000712.pdf?rev=8d4ed14d634d466fa9207bb1d92c2458&hash=AAB40CFD3A7E1C61C7C17CA7044DBB4B,/Users/arshnoorkaur/Downloads/road_salt_tracker/data/raw/MI/doc_1.pdf,2026-08-27,MI,260000000712,2026-10-01,2027-09-30
3845,1,MI,Ingham,"LANSING, CITY OF",Detroit Salt,Detroit Salt,,2027,seasonal_fill,6000.0,66.51,399060.0,,43,deterministic_pdf,0.92,0.92,0.92,auto_accepted,,2026-08-27 20:03:49,https://www.michigan.gov/dtmb/-/media/Project/Websites/dtmb/Procurement/Contracts/MiDEAL/002/260000000712.pdf?rev=8d4ed14d634d466fa9207bb1d92c2458&hash=AAB40CFD3A7E1C61C7C17CA7044DBB4B,/Users/arshnoorkaur/Downloads/road_salt_tracker/data/raw/MI/doc_1.pdf,2026-08-27,MI,260000000712,2026-10-01,2027-09-30
3846,1,MI,Ingham,"MASON, CITY OF",Detroit Salt,Detroit Salt,,2027,seasonal_fill,500.0,66.51,33255.0,,43,deterministic_pdf,0.92,0.92,0.92,auto_accepted,,2026-08-27 20:03:49,https://www.michigan.gov/dtmb/-/media/Project/Websites/dtmb/Procurement/Contracts/MiDEAL/002/260000000712.pdf?rev=8d4ed14d634d466fa9207bb1d92c2458&hash=AAB40CFD3A7E1C61C7C17CA7044DBB4B,/Users/arshnoorkaur/Downloads/road_salt_tracker/data/raw/MI/doc_1.pdf,2026-08-27,MI,260000000712,2026-10-01,2027-09-30
3847,1,MI,Ingham,CAPITAL REGION AIRPORT AUTHORITY,Detroit Salt,Detroit Salt,,2027,seasonal_fill,300.0,66.51,19953.0,,43,deterministic_pdf,0.92,0.92,0.92,auto_accepted,,2026-08-27 20:03:49,https://www.michigan.gov/dtmb/-/media/Project/Websites/dtmb/Procurement/Contracts/MiDEAL/002/260000000712.pdf?rev=8d4ed14d634d466fa9207bb1d92c2458&hash=AAB40CFD3A7E1C61C7C17CA7044DBB4B,/Users/arshnoorkaur/Downloads/road_salt_tracker/data/raw/MI/doc_1.pdf,2026-08-27,MI,260000000712,2026-10-01,2027-09-30
3848,1,MI,Ingham,Mason Public Schools,Detroit Salt,Detroit Salt,,2027,seasonal_fill,100.0,66.51,6651.0,,43,deterministic_pdf,0.92,0.92,0.92,auto_accepted,,2026-08-27 20:03:49,https://www.michigan.gov/dtmb/-/media/Project/Websites/dtmb/Procurement/Contracts/MiDEAL/002/260000000712.pdf?rev=8d4ed14d634d466fa9207bb1d92c2458&hash=AAB40CFD3A7E1C61C7C17CA7044DBB4B,/Users/arshnoorkaur/Downloads/road_salt_tracker/data/raw/MI/doc_1.pdf,2026-08-27,MI,260000000712,2026-10-01,2027-09-30
3849,1,MI,Ingham,MERIDIAN TOWNSHIP,Detroit Salt,Detroit Salt,,2027,seasonal_fill,100.0,66.51,6651.0,,43,deterministic_pdf,0.92,0.92,0.92,auto_accepted,,2026-08-27 20:03:49,https://www.michigan.gov/dtmb/-/media/Project/Websites/dtmb/Procurement/Contracts/MiDEAL/002/260000000712.pdf?rev=8d4ed14d634d466fa9207bb1d92c2458&hash=AAB40CFD3A7E1C61C7C17CA7044DBB4B,/Users/arshnoorkaur/Downloads/road_salt_tracker/data/raw/MI/doc_1.pdf,2026-08-27,MI,260000000712,2026-10-01,2027-09-30
3850,1,MI,Ingham,OKEMOS PUBLIC SCHOOLS,Detroit Salt,Detroit Salt,,2027,seasonal_fill,150.0,66.51,9976.5,,43,deterministic_pdf,0.92,0.92,0.92,auto_accepted,,2026-08-27 20:03:49,https://www.michigan.gov/dtmb/-/media/Project/Websites/dtmb/Procurement/Contracts/MiDEAL/002/260000000712.pdf?rev=8d4ed14d634d466fa9207bb1d92c2458&hash=AAB40CFD3A7E1C61C7C17CA7044DBB4B,/Users/arshnoorkaur/Downloads/road_salt_tracker/data/raw/MI/doc_1.pdf,2026-08-27,MI,260000000712,2026-10-01,2027-09-30
3851,1,MI,Ingham,MICHIGAN STATE UNIVERSITY,Detroit Salt,Detroit Salt,,2027,seasonal_fill,2000.0,66.51,133020.0,,43,deterministic_pdf,0.92,0.92,0.92,auto_accepted,,2026-08-27 20:03:49,https://www.michigan.gov/dtmb/-/media/Project/Websites/dtmb/Procurement/Contracts/MiDEAL/002/260000000712.pdf?rev=8d4ed14d634d466fa9207bb1d92c2458&hash=AAB40CFD3A7E1C61C7C17CA7044DBB4B,/Users/arshnoorkaur/Downloads/road_salt_tracker/data/raw/MI/doc_1.pdf,2026-08-27,MI,260000000712,2026-10-01,2027-09-30
3852,1,MI,Ingham,HOLT PUBLIC SCHOOLS,Detroit Salt,Detroit Salt,,2027,seasonal_fill,200.0,66.51,13302.0,,43,deterministic_pdf,0.92,0.92,0.92,auto_accepted,,2026-08-27 20:03:49,https://www.michigan.gov/dtmb/-/media/Project/Websites/dtmb/Procurement/Contracts/MiDEAL/002/260000000712.pdf?rev=8d4ed14d634d466fa9207bb1d92c2458&hash=AAB40CFD3A7E1C61C7C17CA7044DBB4B,/Users/arshnoorkaur/Downloads/road_salt_tracker/data/raw/MI/doc_1.pdf,2026-08-27,MI,260000000712,2026-10-01,2027-09-30
3853,1,MI,Ingham,"WEBBERVILLE, VILLAGE OF",Detroit Salt,Detroit Salt,,2027,seasonal_fill,100.0,66.51,6651.0,,43,deterministic_pdf,0.92,0.92,0.92,auto_accepted,,2026-08-27 20:03:49,https://www.michigan.gov/dtmb/-/media/Project/Websites/dtmb/Procurement/Contracts/MiDEAL/002/260000000712.pdf?rev=8d4ed14d634d466fa9207bb1d92c2458&hash=AAB40CFD3A7E1C61C7C17CA7044DBB4B,/Users/arshnoorkaur/Downloads/road_salt_tracker/data/raw/MI/doc_1.pdf,2026-08-27,MI,260000000712,2026-10-01,2027-09-30
3854,1,MI,Ingham,DMVA-AGENCY,Detroit Salt,Detroit Salt,,2027,seasonal_fill,150.0,66.51,9976.5,,43,deterministic_pdf,0.92,0.92,0.92,auto_accepted,,2026-08-27 20:03:49,https://www.michigan.gov/dtmb/-/media/Project/Websites/dtmb/Procurement/Contracts/MiDEAL/002/260000000712.pdf?rev=8d4ed14d634d466fa9207bb1d92c2458&hash=AAB40CFD3A7E1C61C7C17CA7044DBB4B,/Users/arshnoorkaur/Downloads/road_salt_tracker/data/raw/MI/doc_1.pdf,2026-08-27,MI,260000000712,2026-10-01,2027-09-30
3855,1,MI,Jackson,GRASS LAKE VILLAGE OF,Detroit Salt,Detroit Salt,,2027,seasonal_fill,250.0,67.83,16957.5,,43,deterministic_pdf,0.92,0.92,0.92,auto_accepted,,2026-08-27 20:03:49,https://www.michigan.gov/dtmb/-/media/Project/Websites/dtmb/Procurement/Contracts/MiDEAL/002/260000000712.pdf?rev=8d4ed14d634d466fa9207bb1d92c2458&hash=AAB40CFD3A7E1C61C7C17CA7044DBB4B,/Users/arshnoorkaur/Downloads/road_salt_tracker/data/raw/MI/doc_1.pdf,2026-08-27,MI,260000000712,2026-10-01,2027-09-30
3856,1,MI,Jackson,Western School District,Detroit Salt,Detroit Salt,,2027,seasonal_fill,50.0,67.83,3391.5,,43,deterministic_pdf,0.92,0.92,0.92,auto_accepted,,2026-08-27 20:03:49,https://www.michigan.gov/dtmb/-/media/Project/Websites/dtmb/Procurement/Contracts/MiDEAL/002/260000000712.pdf?rev=8d4ed14d634d466fa9207bb1d92c2458&hash=AAB40CFD3A7E1C61C7C17CA7044DBB4B,/Users/arshnoorkaur/Downloads/road_salt_tracker/data/raw/MI/doc_1.pdf,2026-08-27,MI,260000000712,2026-10-01,2027-09-30
3857,1,MI,Jackson,DOC-SMR AGENCY,Detroit Salt,Detroit Salt,,2027,seasonal_fill,450.0,67.83,30523.5,,43,deterministic_pdf,0.92,0.92,0.92,auto_accepted,,2026-08-27 20:03:49,https://www.michigan.gov/dtmb/-/media/Project/Websites/dtmb/Procurement/Contracts/MiDEAL/002/260000000712.pdf?rev=8d4ed14d634d466fa9207bb1d92c2458&hash=AAB40CFD3A7E1C61C7C17CA7044DBB4B,/Users/arshnoorkaur/Downloads/road_salt_tracker/data/raw/MI/doc_1.pdf,2026-08-27,MI,260000000712,2026-10-01,2027-09-30
3858,1,MI,Lenawee,"HUDSON, CITY OF",Detroit Salt,Detroit Salt,,2027,seasonal_fill,100.0,65.3,6530.0,,43,deterministic_pdf,0.92,0.92,0.92,auto_accepted,,2026-08-27 20:03:49,https://www.michigan.gov/dtmb/-/media/Project/Websites/dtmb/Procurement/Contracts/MiDEAL/002/260000000712.pdf?rev=8d4ed14d634d466fa9207bb1d92c2458&hash=AAB40CFD3A7E1C61C7C17CA7044DBB4B,/Users/arshnoorkaur/Downloads/road_salt_tracker/data/raw/MI/doc_1.pdf,2026-08-27,MI,260000000712,2026-10-01,2027-09-30
3859,1,MI,Lenawee,"TECUMSEH, CITY OF",Detroit Salt,Detroit Salt,,2027,seasonal_fill,700.0,65.3,45710.0,,43,deterministic_pdf,0.92,0.92,0.92,auto_accepted,,2026-08-27 20:03:49,https://www.michigan.gov/dtmb/-/media/Project/Websites/dtmb/Procurement/Contracts/MiDEAL/002/260000000712.pdf?rev=8d4ed14d634d466fa9207bb1d92c2458&hash=AAB40CFD3A7E1C61C7C17CA7044DBB4B,/Users/arshnoorkaur/Downloads/road_salt_tracker/data/raw/MI/doc_1.pdf,2026-08-27,MI,260000000712,2026-10-01,2027-09-30
3860,1,MI,Lenawee,LENAWEE COUNTY ROAD COMMISSION,Detroit Salt,Detroit Salt,,2027,seasonal_fill,3000.0,65.3,195900.0,,43,deterministic_pdf,0.92,0.92,0.92,auto_accepted,,2026-08-27 20:03:49,https://www.michigan.gov/dtmb/-/media/Project/Websites/dtmb/Procurement/Contracts/MiDEAL/002/260000000712.pdf?rev=8d4ed14d634d466fa9207bb1d92c2458&hash=AAB40CFD3A7E1C61C7C17CA7044DBB4B,/Users/arshnoorkaur/Downloads/road_salt_tracker/data/raw/MI/doc_1.pdf,2026-08-27,MI,260000000712,2026-10-01,2027-09-30
3861,1,MI,Lenawee,"CLINTON, VILLAGE OF",Detroit Salt,Detroit Salt,,2027,seasonal_fill,50.0,65.3,3265.0,,43,deterministic_pdf,0.92,0.92,0.92,auto_accepted,,2026-08-27 20:03:49,https://www.michigan.gov/dtmb/-/media/Project/Websites/dtmb/Procurement/Contracts/MiDEAL/002/260000000712.pdf?rev=8d4ed14d634d466fa9207bb1d92c2458&hash=AAB40CFD3A7E1C61C7C17CA7044DBB4B,/Users/arshnoorkaur/Downloads/road_salt_tracker/data/raw/MI/doc_1.pdf,2026-08-27,MI,260000000712,2026-10-01,2027-09-30
3862,1,MI,Lenawee,LENAWEE COUNTY,Detroit Salt,Detroit Salt,,2027,seasonal_fill,50.0,65.3,3265.0,,43,deterministic_pdf,0.92,0.92,0.92,auto_accepted,,2026-08-27 20:03:49,https://www.michigan.gov/dtmb/-/media/Project/Websites/dtmb/Procurement/Contracts/MiDEAL/002/260000000712.pdf?rev=8d4ed14d634d466fa9207bb1d92c2458&hash=AAB40CFD3A7E1C61C7C17CA7044DBB4B,/Users/arshnoorkaur/Downloads/road_salt_tracker/data/raw/MI/doc_1.pdf,2026-08-27,MI,260000000712,2026-10-01,2027-09-30
3863,1,MI,Lenawee,"ADRIAN, CITY OF",Detroit Salt,Detroit Salt,,2027,seasonal_fill,1000.0,65.3,65300.0,,43,deterministic_pdf,0.92,0.92,0.92,auto_accepted,,2026-08-27 20:03:49,https://www.michigan.gov/dtmb/-/media/Project/Websites/dtmb/Procurement/Contracts/MiDEAL/002/260000000712.pdf?rev=8d4ed14d634d466fa9207bb1d92c2458&hash=AAB40CFD3A7E1C61C7C17CA7044DBB4B,/Users/arshnoorkaur/Downloads/road_salt_tracker/data/raw/MI/doc_1.pdf,2026-08-27,MI,260000000712,2026-10-01,2027-09-30
3864,1,MI,Lenawee,VILLAGE OF DEERFIELD,Detroit Salt,Detroit Salt,,2027,seasonal_fill,50.0,65.3,3265.0,,43,deterministic_pdf,0.92,0.92,0.92,auto_accepted,,2026-08-27 20:03:49,https://www.michigan.gov/dtmb/-/media/Project/Websites/dtmb/Procurement/Contracts/MiDEAL/002/260000000712.pdf?rev=8d4ed14d634d466fa9207bb1d92c2458&hash=AAB40CFD3A7E1C61C7C17CA7044DBB4B,/Users/arshnoorkaur/Downloads/road_salt_tracker/data/raw/MI/doc_1.pdf,2026-08-27,MI,260000000712,2026-10-01,2027-09-30
3865,1,MI,Lenawee,"BRITTON, VILLAGE OF",Detroit Salt,Detroit Salt,,2027,seasonal_fill,50.0,65.3,3265.0,,43,deterministic_pdf,0.92,0.92,0.92,auto_accepted,,2026-08-27 20:03:49,https://www.michigan.gov/dtmb/-/media/Project/Websites/dtmb/Procurement/Contracts/MiDEAL/002/260000000712.pdf?rev=8d4ed14d634d466fa9207bb1d92c2458&hash=AAB40CFD3A7E1C61C7C17CA7044DBB4B,/Users/arshnoorkaur/Downloads/road_salt_tracker/data/raw/MI/doc_1.pdf,2026-08-27,MI,260000000712,2026-10-01,2027-09-30
3866,1,MI,Livingston,"PINCKNEY, VILLAGE OF",Detroit Salt,Detroit Salt,,2027,seasonal_fill,150.0,70.18,10527.0,,43,deterministic_pdf,0.92,0.92,0.92,auto_accepted,,2026-08-27 20:03:49,https://www.michigan.gov/dtmb/-/media/Project/Websites/dtmb/Procurement/Contracts/MiDEAL/002/260000000712.pdf?rev=8d4ed14d634d466fa9207bb1d92c2458&hash=AAB40CFD3A7E1C61C7C17CA7044DBB4B,/Users/arshnoorkaur/Downloads/road_salt_tracker/data/raw/MI/doc_1.pdf,2026-08-27,MI,260000000712,2026-10-01,2027-09-30
3867,1,MI,Livingston,DOC-Woodland Center Correctional-AGENCY,Detroit Salt,Detroit Salt,,2027,seasonal_fill,100.0,70.18,7018.0,,43,deterministic_pdf,0.92,0.92,0.92,auto_accepted,,2026-08-27 20:03:49,https://www.michigan.gov/dtmb/-/media/Project/Websites/dtmb/Procurement/Contracts/MiDEAL/002/260000000712.pdf?rev=8d4ed14d634d466fa9207bb1d92c2458&hash=AAB40CFD3A7E1C61C7C17CA7044DBB4B,/Users/arshnoorkaur/Downloads/road_salt_tracker/data/raw/MI/doc_1.pdf,2026-08-27,MI,260000000712,2026-10-01,2027-09-30
3868,1,MI,Livingston,"BRIGHTON, CITY OF",Detroit Salt,Detroit Salt,,2027,seasonal_fill,1200.0,70.18,84216.0,,43,deterministic_pdf,0.92,0.92,0.92,auto_accepted,,2026-08-27 20:03:49,https://www.michigan.gov/dtmb/-/media/Project/Websites/dtmb/Procurement/Contracts/MiDEAL/002/260000000712.pdf?rev=8d4ed14d634d466fa9207bb1d92c2458&hash=AAB40CFD3A7E1C61C7C17CA7044DBB4B,/Users/arshnoorkaur/Downloads/road_salt_tracker/data/raw/MI/doc_1.pdf,2026-08-27,MI,260000000712,2026-10-01,2027-09-30
3869,1,MI,Monroe,MONROE COUNTY ROAD COMMISSION,Detroit Salt,Detroit Salt,,2027,seasonal_fill,2000.0,62.63,125260.0,,43,deterministic_pdf,0.92,0.92,0.92,auto_accepted,,2026-08-27 20:03:49,https://www.michigan.gov/dtmb/-/media/Project/Websites/dtmb/Procurement/Contracts/MiDEAL/002/260000000712.pdf?rev=8d4ed14d634d466fa9207bb1d92c2458&hash=AAB40CFD3A7E1C61C7C17CA7044DBB4B,/Users/arshnoorkaur/Downloads/road_salt_tracker/data/raw/MI/doc_1.pdf,2026-08-27,MI,260000000712,2026-10-01,2027-09-30
3870,1,MI,Monroe,MONROE COUNTY ROAD COMMISSION,Detroit Salt,Detroit Salt,,2027,seasonal_fill,1000.0,62.63,62630.0,,43,deterministic_pdf,0.92,0.92,0.92,auto_accepted,,2026-08-27 20:03:49,https://www.michigan.gov/dtmb/-/media/Project/Websites/dtmb/Procurement/Contracts/MiDEAL/002/260000000712.pdf?rev=8d4ed14d634d466fa9207bb1d92c2458&hash=AAB40CFD3A7E1C61C7C17CA7044DBB4B,/Users/arshnoorkaur/Downloads/road_salt_tracker/data/raw/MI/doc_1.pdf,2026-08-27,MI,260000000712,2026-10-01,2027-09-30
3871,1,MI,Monroe,"DUNDEE, VILLAGE OF",Detroit Salt,Detroit Salt,,2027,seasonal_fill,300.0,62.63,18789.0,,43,deterministic_pdf,0.92,0.92,0.92,auto_accepted,,2026-08-27 20:03:49,https://www.michigan.gov/dtmb/-/media/Project/Websites/dtmb/Procurement/Contracts/MiDEAL/002/260000000712.pdf?rev=8d4ed14d634d466fa9207bb1d92c2458&hash=AAB40CFD3A7E1C61C7C17CA7044DBB4B,/Users/arshnoorkaur/Downloads/road_salt_tracker/data/raw/MI/doc_1.pdf,2026-08-27,MI,260000000712,2026-10-01,2027-09-30
3872,1,MI,Monroe,"MILAN, CITY OF",Detroit Salt,Detroit Salt,,2027,seasonal_fill,500.0,62.63,31315.0,,43,deterministic_pdf,0.92,0.92,0.92,auto_accepted,,2026-08-27 20:03:49,https://www.michigan.gov/dtmb/-/media/Project/Websites/dtmb/Procurement/Contracts/MiDEAL/002/260000000712.pdf?rev=8d4ed14d634d466fa9207bb1d92c2458&hash=AAB40CFD3A7E1C61C7C17CA7044DBB4B,/Users/arshnoorkaur/Downloads/road_salt_tracker/data/raw/MI/doc_1.pdf,2026-08-27,MI,260000000712,2026-10-01,2027-09-30
3873,1,MI,Monroe,JEFFERSON SCHOOLS,Detroit Salt,Detroit Salt,,2027,seasonal_fill,50.0,62.63,3131.5,,43,deterministic_pdf,0.92,0.92,0.92,auto_accepted,,2026-08-27 20:03:49,https://www.michigan.gov/dtmb/-/media/Project/Websites/dtmb/Procurement/Contracts/MiDEAL/002/260000000712.pdf?rev=8d4ed14d634d466fa9207bb1d92c2458&hash=AAB40CFD3A7E1C61C7C17CA7044DBB4B,/Users/arshnoorkaur/Downloads/road_salt_tracker/data/raw/MI/doc_1.pdf,2026-08-27,MI,260000000712,2026-10-01,2027-09-30
3874,1,MI,Monroe,"SOUTH ROCKWOOD, VILLAGE OF",Detroit Salt,Detroit Salt,,2027,seasonal_fill,100.0,62.63,6263.0,,43,deterministic_pdf,0.92,0.92,0.92,auto_accepted,,2026-08-27 20:03:49,https://www.michigan.gov/dtmb/-/media/Project/Websites/dtmb/Procurement/Contracts/MiDEAL/002/260000000712.pdf?rev=8d4ed14d634d466fa9207bb1d92c2458&hash=AAB40CFD3A7E1C61C7C17CA7044DBB4B,/Users/arshnoorkaur/Downloads/road_salt_tracker/data/raw/MI/doc_1.pdf,2026-08-27,MI,260000000712,2026-10-01,2027-09-30
3875,1,MI,Monroe,CARLETON VILLAGE OF,Detroit Salt,Detroit Salt,,2027,seasonal_fill,50.0,62.63,3131.5,,43,deterministic_pdf,0.92,0.92,0.92,auto_accepted,,2026-08-27 20:03:49,https://www.michigan.gov/dtmb/-/media/Project/Websites/dtmb/Procurement/Contracts/MiDEAL/002/260000000712.pdf?rev=8d4ed14d634d466fa9207bb1d92c2458&hash=AAB40CFD3A7E1C61C7C17CA7044DBB4B,/Users/arshnoorkaur/Downloads/road_salt_tracker/data/raw/MI/doc_1.pdf,2026-08-27,MI,260000000712,2026-10-01,2027-09-30
3876,1,MI,Washtenaw,WASHTENAW COMMUNITY COLLEGE,Detroit Salt,Detroit Salt,,2027,seasonal_fill,350.0,57.57,20149.5,,43,deterministic_pdf,0.92,0.92,0.92,auto_accepted,,2026-08-27 20:03:49,https://www.michigan.gov/dtmb/-/media/Project/Websites/dtmb/Procurement/Contracts/MiDEAL/002/260000000712.pdf?rev=8d4ed14d634d466fa9207bb1d92c2458&hash=AAB40CFD3A7E1C61C7C17CA7044DBB4B,/Users/arshnoorkaur/Downloads/road_salt_tracker/data/raw/MI/doc_1.pdf,2026-08-27,MI,260000000712,2026-10-01,2027-09-30
3877,1,MI,Washtenaw,"CHELSEA, CITY OF",Detroit Salt,Detroit Salt,,2027,seasonal_fill,450.0,57.57,25906.5,,43,deterministic_pdf,0.92,0.92,0.92,auto_accepted,,2026-08-27 20:03:49,https://www.michigan.gov/dtmb/-/media/Project/Websites/dtmb/Procurement/Contracts/MiDEAL/002/260000000712.pdf?rev=8d4ed14d634d466fa9207bb1d92c2458&hash=AAB40CFD3A7E1C61C7C17CA7044DBB4B,/Users/arshnoorkaur/Downloads/road_salt_tracker/data/raw/MI/doc_1.pdf,2026-08-27,MI,260000000712,2026-10-01,2027-09-30
3878,1,MI,Washtenaw,"ANN ARBOR, CITY OF",Detroit Salt,Detroit Salt,,2027,seasonal_fill,4000.0,57.57,230280.0,,43,deterministic_pdf,0.92,0.92,0.92,auto_accepted,,2026-08-27 20:03:49,https://www.michigan.gov/dtmb/-/media/Project/Websites/dtmb/Procurement/Contracts/MiDEAL/002/260000000712.pdf?rev=8d4ed14d634d466fa9207bb1d92c2458&hash=AAB40CFD3A7E1C61C7C17CA7044DBB4B,/Users/arshnoorkaur/Downloads/road_salt_tracker/data/raw/MI/doc_1.pdf,2026-08-27,MI,260000000712,2026-10-01,2027-09-30
3879,1,MI,Washtenaw,"MANCHESTER, VILLAGE OF",Detroit Salt,Detroit Salt,,2027,seasonal_fill,200.0,57.57,11514.0,,43,deterministic_pdf,0.92,0.92,0.92,auto_accepted,,2026-08-27 20:03:49,https://www.michigan.gov/dtmb/-/media/Project/Websites/dtmb/Procurement/Contracts/MiDEAL/002/260000000712.pdf?rev=8d4ed14d634d466fa9207bb1d92c2458&hash=AAB40CFD3A7E1C61C7C17CA7044DBB4B,/Users/arshnoorkaur/Downloads/road_salt_tracker/data/raw/MI/doc_1.pdf,2026-08-27,MI,260000000712,2026-10-01,2027-09-30
3880,1,MI,Washtenaw,DEXTER COMMUNITY SCHOOLS,Detroit Salt,Detroit Salt,,2027,seasonal_fill,100.0,57.57,5757.0,,43,deterministic_pdf,0.92,0.92,0.92,auto_accepted,,2026-08-27 20:03:49,https://www.michigan.gov/dtmb/-/media/Project/Websites/dtmb/Procurement/Contracts/MiDEAL/002/260000000712.pdf?rev=8d4ed14d634d466fa9207bb1d92c2458&hash=AAB40CFD3A7E1C61C7C17CA7044DBB4B,/Users/arshnoorkaur/Downloads/road_salt_tracker/data/raw/MI/doc_1.pdf,2026-08-27,MI,260000000712,2026-10-01,2027-09-30
3881,1,MI,Washtenaw,Loch Alpine Sanitary Authority,Detroit Salt,Detroit Salt,,2027,seasonal_fill,300.0,57.57,17271.0,,43,deterministic_pdf,0.92,0.92,0.92,auto_accepted,,2026-08-27 20:03:49,https://www.michigan.gov/dtmb/-/media/Project/Websites/dtmb/Procurement/Contracts/MiDEAL/002/260000000712.pdf?rev=8d4ed14d634d466fa9207bb1d92c2458&hash=AAB40CFD3A7E1C61C7C17CA7044DBB4B,/Users/arshnoorkaur/Downloads/road_salt_tracker/data/raw/MI/doc_1.pdf,2026-08-27,MI,260000000712,2026-10-01,2027-09-30
3882,1,MI,Washtenaw,WASHTENAW INTER SCHOOL DISTRICT,Detroit Salt,Detroit Salt,,2027,seasonal_fill,200.0,57.57,11514.0,,43,deterministic_pdf,0.92,0.92,0.92,auto_accepted,,2026-08-27 20:03:49,https://www.michigan.gov/dtmb/-/media/Project/Websites/dtmb/Procurement/Contracts/MiDEAL/002/260000000712.pdf?rev=8d4ed14d634d466fa9207bb1d92c2458&hash=AAB40CFD3A7E1C61C7C17CA7044DBB4B,/Users/arshnoorkaur/Downloads/road_salt_tracker/data/raw/MI/doc_1.pdf,2026-08-27,MI,260000000712,2026-10-01,2027-09-30
3883,1,MI,Washtenaw,ANN ARBOR PUBLIC SCHOOLS,Detroit Salt,Detroit Salt,,2027,seasonal_fill,100.0,57.57,5757.0,,43,deterministic_pdf,0.92,0.92,0.92,auto_accepted,,2026-08-27 20:03:49,https://www.michigan.gov/dtmb/-/media/Project/Websites/dtmb/Procurement/Contracts/MiDEAL/002/260000000712.pdf?rev=8d4ed14d634d466fa9207bb1d92c2458&hash=AAB40CFD3A7E1C61C7C17CA7044DBB4B,/Users/arshnoorkaur/Downloads/road_salt_tracker/data/raw/MI/doc_1.pdf,2026-08-27,MI,260000000712,2026-10-01,2027-09-30
3884,1,MI,Washtenaw,Ypsilanti Community Schools,Detroit Salt,Detroit Salt,,2027,seasonal_fill,650.0,57.57,37420.5,,44,deterministic_pdf,0.92,0.92,0.92,auto_accepted,,2026-08-27 20:03:49,https://www.michigan.gov/dtmb/-/media/Project/Websites/dtmb/Procurement/Contracts/MiDEAL/002/260000000712.pdf?rev=8d4ed14d634d466fa9207bb1d92c2458&hash=AAB40CFD3A7E1C61C7C17CA7044DBB4B,/Users/arshnoorkaur/Downloads/road_salt_tracker/data/raw/MI/doc_1.pdf,2026-08-27,MI,260000000712,2026-10-01,2027-09-30
3885,1,MI,Washtenaw,CHELSEA SCHOOL DISTRICT,Detroit Salt,Detroit Salt,,2027,seasonal_fill,100.0,57.57,5757.0,,44,deterministic_pdf,0.92,0.92,0.92,auto_accepted,,2026-08-27 20:03:49,https://www.michigan.gov/dtmb/-/media/Project/Websites/dtmb/Procurement/Contracts/MiDEAL/002/260000000712.pdf?rev=8d4ed14d634d466fa9207bb1d92c2458&hash=AAB40CFD3A7E1C61C7C17CA7044DBB4B,/Users/arshnoorkaur/Downloads/road_salt_tracker/data/raw/MI/doc_1.pdf,2026-08-27,MI,260000000712,2026-10-01,2027-09-30
3886,1,MI,Washtenaw,"YPSILANTI, CITY OF",Detroit Salt,Detroit Salt,,2027,seasonal_fill,1000.0,57.57,57570.0,,44,deterministic_pdf,0.92,0.92,0.92,auto_accepted,,2026-08-27 20:03:49,https://www.michigan.gov/dtmb/-/media/Project/Websites/dtmb/Procurement/Contracts/MiDEAL/002/260000000712.pdf?rev=8d4ed14d634d466fa9207bb1d92c2458&hash=AAB40CFD3A7E1C61C7C17CA7044DBB4B,/Users/arshnoorkaur/Downloads/road_salt_tracker/data/raw/MI/doc_1.pdf,2026-08-27,MI,260000000712,2026-10-01,2027-09-30
3887,1,MI,Washtenaw,"YPSILANTI, CITY OF",Detroit Salt,Detroit Salt,,2027,seasonal_fill,2000.0,57.57,115140.0,,44,deterministic_pdf,0.92,0.92,0.92,auto_accepted,,2026-08-27 20:03:49,https://www.michigan.gov/dtmb/-/media/Project/Websites/dtmb/Procurement/Contracts/MiDEAL/002/260000000712.pdf?rev=8d4ed14d634d466fa9207bb1d92c2458&hash=AAB40CFD3A7E1C61C7C17CA7044DBB4B,/Users/arshnoorkaur/Downloads/road_salt_tracker/data/raw/MI/doc_1.pdf,2026-08-27,MI,260000000712,2026-10-01,2027-09-30
3888,1,MI,Washtenaw,"SALINE, CITY OF",Detroit Salt,Detroit Salt,,2027,seasonal_fill,150.0,57.57,8635.5,,44,deterministic_pdf,0.92,0.92,0.92,auto_accepted,,2026-08-27 20:03:49,https://www.michigan.gov/dtmb/-/media/Project/Websites/dtmb/Procurement/Contracts/MiDEAL/002/260000000712.pdf?rev=8d4ed14d634d466fa9207bb1d92c2458&hash=AAB40CFD3A7E1C61C7C17CA7044DBB4B,/Users/arshnoorkaur/Downloads/road_salt_tracker/data/raw/MI/doc_1.pdf,2026-08-27,MI,260000000712,2026-10-01,2027-09-30
3889,1,MI,Washtenaw,"DEXTER, VILLAGE OF",Detroit Salt,Detroit Salt,,2027,seasonal_fill,500.0,57.57,28785.0,,44,deterministic_pdf,0.92,0.92,0.92,auto_accepted,,2026-08-27 20:03:49,https://www.michigan.gov/dtmb/-/media/Project/Websites/dtmb/Procurement/Contracts/MiDEAL/002/260000000712.pdf?rev=8d4ed14d634d466fa9207bb1d92c2458&hash=AAB40CFD3A7E1C61C7C17CA7044DBB4B,/Users/arshnoorkaur/Downloads/road_salt_tracker/data/raw/MI/doc_1.pdf,2026-08-27,MI,260000000712,2026-10-01,2027-09-30
3890,1,MI,Washtenaw,"MICHIGAN, UNIVERSITY OF",Detroit Salt,Detroit Salt,,2027,seasonal_fill,2500.0,57.57,143925.0,,44,deterministic_pdf,0.92,0.92,0.92,auto_accepted,,2026-08-27 20:03:49,https://www.michigan.gov/dtmb/-/media/Project/Websites/dtmb/Procurement/Contracts/MiDEAL/002/260000000712.pdf?rev=8d4ed14d634d466fa9207bb1d92c2458&hash=AAB40CFD3A7E1C61C7C17CA7044DBB4B,/Users/arshnoorkaur/Downloads/road_salt_tracker/data/raw/MI/doc_1.pdf,2026-08-27,MI,260000000712,2026-10-01,2027-09-30
3891,1,MI,Washtenaw,"DOC-Womens Huron Valley Correction Facility-
AGENCY",Detroit Salt,Detroit Salt,,2027,seasonal_fill,150.0,57.57,8635.5,,44,deterministic_pdf,0.92,0.92,0.92,auto_accepted,,2026-08-27 20:03:49,https://www.michigan.gov/dtmb/-/media/Project/Websites/dtmb/Procurement/Contracts/MiDEAL/002/260000000712.pdf?rev=8d4ed14d634d466fa9207bb1d92c2458&hash=AAB40CFD3A7E1C61C7C17CA7044DBB4B,/Users/arshnoorkaur/Downloads/road_salt_tracker/data/raw/MI/doc_1.pdf,2026-08-27,MI,260000000712,2026-10-01,2027-09-30
3892,1,MI,Washtenaw,WASHTENAW COUNTY ROAD COMMISSION,Detroit Salt,Detroit Salt,,2027,seasonal_fill,5000.0,57.57,287850.0,,44,deterministic_pdf,0.92,0.92,0.92,auto_accepted,,2026-08-27 20:03:49,https://www.michigan.gov/dtmb/-/media/Project/Websites/dtmb/Procurement/Contracts/MiDEAL/002/260000000712.pdf?rev=8d4ed14d634d466fa9207bb1d92c2458&hash=AAB40CFD3A7E1C61C7C17CA7044DBB4B,/Users/arshnoorkaur/Downloads/road_salt_tracker/data/raw/MI/doc_1.pdf,2026-08-27,MI,260000000712,2026-10-01,2027-09-30
3893,1,MI,Washtenaw,WASHTENAW COUNTY ROAD COMMISSION,Detroit Salt,Detroit Salt,,2027,seasonal_fill,4000.0,57.57,230280.0,,44,deterministic_pdf,0.92,0.92,0.92,auto_accepted,,2026-08-27 20:03:49,https://www.michigan.gov/dtmb/-/media/Project/Websites/dtmb/Procurement/Contracts/MiDEAL/002/260000000712.pdf?rev=8d4ed14d634d466fa9207bb1d92c2458&hash=AAB40CFD3A7E1C61C7C17CA7044DBB4B,/Users/arshnoorkaur/Downloads/road_salt_tracker/data/raw/MI/doc_1.pdf,2026-08-27,MI,260000000712,2026-10-01,2027-09-30
3894,1,MI,Washtenaw,WASHTENAW COUNTY ROAD COMMISSION,Detroit Salt,Detroit Salt,,2027,seasonal_fill,1500.0,57.57,86355.0,,44,deterministic_pdf,0.92,0.92,0.92,auto_accepted,,2026-08-27 20:03:49,https://www.michigan.gov/dtmb/-/media/Project/Websites/dtmb/Procurement/Contracts/MiDEAL/002/260000000712.pdf?rev=8d4ed14d634d466fa9207bb1d92c2458&hash=AAB40CFD3A7E1C61C7C17CA7044DBB4B,/Users/arshnoorkaur/Downloads/road_salt_tracker/data/raw/MI/doc_1.pdf,2026-08-27,MI,260000000712,2026-10-01,2027-09-30
3895,1,MI,Washtenaw,WASHTENAW COUNTY ROAD COMMISSION,Detroit Salt,Detroit Salt,,2027,seasonal_fill,6000.0,57.57,345420.0,,44,deterministic_pdf,0.92,0.92,0.92,auto_accepted,,2026-08-27 20:03:49,https://www.michigan.gov/dtmb/-/media/Project/Websites/dtmb/Procurement/Contracts/MiDEAL/002/260000000712.pdf?rev=8d4ed14d634d466fa9207bb1d92c2458&hash=AAB40CFD3A7E1C61C7C17CA7044DBB4B,/Users/arshnoorkaur/Downloads/road_salt_tracker/data/raw/MI/doc_1.pdf,2026-08-27,MI,260000000712,2026-10-01,2027-09-30
3896,1,MI,Macomb,WARREN WOODS PUBLIC SCHOOLS,Detroit Salt,Detroit Salt,,2027,seasonal_fill,250.0,61.48,15370.0,,44,deterministic_pdf,0.92,0.92,0.92,auto_accepted,,2026-08-27 20:03:49,https://www.michigan.gov/dtmb/-/media/Project/Websites/dtmb/Procurement/Contracts/MiDEAL/002/260000000712.pdf?rev=8d4ed14d634d466fa9207bb1d92c2458&hash=AAB40CFD3A7E1C61C7C17CA7044DBB4B,/Users/arshnoorkaur/Downloads/road_salt_tracker/data/raw/MI/doc_1.pdf,2026-08-27,MI,260000000712,2026-10-01,2027-09-30
3897,1,MI,Macomb,MACOMB TOWNSHIP,Detroit Salt,Detroit Salt,,2027,seasonal_fill,50.0,61.48,3074.0,,44,deterministic_pdf,0.92,0.92,0.92,auto_accepted,,2026-08-27 20:03:49,https://www.michigan.gov/dtmb/-/media/Project/Websites/dtmb/Procurement/Contracts/MiDEAL/002/260000000712.pdf?rev=8d4ed14d634d466fa9207bb1d92c2458&hash=AAB40CFD3A7E1C61C7C17CA7044DBB4B,/Users/arshnoorkaur/Downloads/road_salt_tracker/data/raw/MI/doc_1.pdf,2026-08-27,MI,260000000712,2026-10-01,2027-09-30
3898,1,MI,Macomb,"FRASER, CITY OF",Detroit Salt,Detroit Salt,,2027,seasonal_fill,500.0,61.48,30740.0,,44,deterministic_pdf,0.92,0.92,0.92,auto_accepted,,2026-08-27 20:03:49,https://www.michigan.gov/dtmb/-/media/Project/Websites/dtmb/Procurement/Contracts/MiDEAL/002/260000000712.pdf?rev=8d4ed14d634d466fa9207bb1d92c2458&hash=AAB40CFD3A7E1C61C7C17CA7044DBB4B,/Users/arshnoorkaur/Downloads/road_salt_tracker/data/raw/MI/doc_1.pdf,2026-08-27,MI,260000000712,2026-10-01,2027-09-30
3899,1,MI,Macomb,LANSE CREUSE PUBLIC SCHOOLS,Detroit Salt,Detroit Salt,,2027,seasonal_fill,650.0,61.48,39962.0,,44,deterministic_pdf,0.92,0.92,0.92,auto_accepted,,2026-08-27 20:03:49,https://www.michigan.gov/dtmb/-/media/Project/Websites/dtmb/Procurement/Contracts/MiDEAL/002/260000000712.pdf?rev=8d4ed14d634d466fa9207bb1d92c2458&hash=AAB40CFD3A7E1C61C7C17CA7044DBB4B,/Users/arshnoorkaur/Downloads/road_salt_tracker/data/raw/MI/doc_1.pdf,2026-08-27,MI,260000000712,2026-10-01,2027-09-30
3900,1,MI,Macomb,"MT. CLEMENS, CITY OF",Detroit Salt,Detroit Salt,,2027,seasonal_fill,1200.0,61.48,73776.0,,44,deterministic_pdf,0.92,0.92,0.92,auto_accepted,,2026-08-27 20:03:49,https://www.michigan.gov/dtmb/-/media/Project/Websites/dtmb/Procurement/Contracts/MiDEAL/002/260000000712.pdf?rev=8d4ed14d634d466fa9207bb1d92c2458&hash=AAB40CFD3A7E1C61C7C17CA7044DBB4B,/Users/arshnoorkaur/Downloads/road_salt_tracker/data/raw/MI/doc_1.pdf,2026-08-27,MI,260000000712,2026-10-01,2027-09-30
3901,1,MI,Macomb,"RICHMOND, CITY OF",Detroit Salt,Detroit Salt,,2027,seasonal_fill,700.0,61.48,43036.0,,44,deterministic_pdf,0.92,0.92,0.92,auto_accepted,,2026-08-27 20:03:49,https://www.michigan.gov/dtmb/-/media/Project/Websites/dtmb/Procurement/Contracts/MiDEAL/002/260000000712.pdf?rev=8d4ed14d634d466fa9207bb1d92c2458&hash=AAB40CFD3A7E1C61C7C17CA7044DBB4B,/Users/arshnoorkaur/Downloads/road_salt_tracker/data/raw/MI/doc_1.pdf,2026-08-27,MI,260000000712,2026-10-01,2027-09-30
3902,1,MI,Macomb,CHIPPEWA VALLEY SCHOOLS,Detroit Salt,Detroit Salt,,2027,seasonal_fill,700.0,61.48,43036.0,,44,deterministic_pdf,0.92,0.92,0.92,auto_accepted,,2026-08-27 20:03:49,https://www.michigan.gov/dtmb/-/media/Project/Websites/dtmb/Procurement/Contracts/MiDEAL/002/260000000712.pdf?rev=8d4ed14d634d466fa9207bb1d92c2458&hash=AAB40CFD3A7E1C61C7C17CA7044DBB4B,/Users/arshnoorkaur/Downloads/road_salt_tracker/data/raw/MI/doc_1.pdf,2026-08-27,MI,260000000712,2026-10-01,2027-09-30
3903,1,MI,Macomb,CLINTON CHARTER TOWNSHIP,Detroit Salt,Detroit Salt,,2027,seasonal_fill,300.0,61.48,18444.0,,44,deterministic_pdf,0.92,0.92,0.92,auto_accepted,,2026-08-27 20:03:49,https://www.michigan.gov/dtmb/-/media/Project/Websites/dtmb/Procurement/Contracts/MiDEAL/002/260000000712.pdf?rev=8d4ed14d634d466fa9207bb1d92c2458&hash=AAB40CFD3A7E1C61C7C17CA7044DBB4B,/Users/arshnoorkaur/Downloads/road_salt_tracker/data/raw/MI/doc_1.pdf,2026-08-27,MI,260000000712,2026-10-01,2027-09-30
3904,1,MI,Macomb,CENTER LINE PUBLIC SCHOOLS,Detroit Salt,Detroit Salt,,2027,seasonal_fill,50.0,61.48,3074.0,,44,deterministic_pdf,0.92,0.92,0.92,auto_accepted,,2026-08-27 20:03:49,https://www.michigan.gov/dtmb/-/media/Project/Websites/dtmb/Procurement/Contracts/MiDEAL/002/260000000712.pdf?rev=8d4ed14d634d466fa9207bb1d92c2458&hash=AAB40CFD3A7E1C61C7C17CA7044DBB4B,/Users/arshnoorkaur/Downloads/road_salt_tracker/data/raw/MI/doc_1.pdf,2026-08-27,MI,260000000712,2026-10-01,2027-09-30
3905,1,MI,Macomb,WARREN CONSOLIDATED SCHOOLS,Detroit Salt,Detroit Salt,,2027,seasonal_fill,1100.0,61.48,67628.0,,44,deterministic_pdf,0.92,0.92,0.92,auto_accepted,,2026-08-27 20:03:49,https://www.michigan.gov/dtmb/-/media/Project/Websites/dtmb/Procurement/Contracts/MiDEAL/002/260000000712.pdf?rev=8d4ed14d634d466fa9207bb1d92c2458&hash=AAB40CFD3A7E1C61C7C17CA7044DBB4B,/Users/arshnoorkaur/Downloads/road_salt_tracker/data/raw/MI/doc_1.pdf,2026-08-27,MI,260000000712,2026-10-01,2027-09-30
3906,1,MI,Macomb,"UTICA, CITY OF",Detroit Salt,Detroit Salt,,2027,seasonal_fill,400.0,61.48,24592.0,,44,deterministic_pdf,0.92,0.92,0.92,auto_accepted,,2026-08-27 20:03:49,https://www.michigan.gov/dtmb/-/media/Project/Websites/dtmb/Procurement/Contracts/MiDEAL/002/260000000712.pdf?rev=8d4ed14d634d466fa9207bb1d92c2458&hash=AAB40CFD3A7E1C61C7C17CA7044DBB4B,/Users/arshnoorkaur/Downloads/road_salt_tracker/data/raw/MI/doc_1.pdf,2026-08-27,MI,260000000712,2026-10-01,2027-09-30
3907,1,MI,Macomb,ROMEO VILLAGE OF,Detroit Salt,Detroit Salt,,2027,seasonal_fill,500.0,61.48,30740.0,,44,deterministic_pdf,0.92,0.92,0.92,auto_accepted,,2026-08-27 20:03:49,https://www.michigan.gov/dtmb/-/media/Project/Websites/dtmb/Procurement/Contracts/MiDEAL/002/260000000712.pdf?rev=8d4ed14d634d466fa9207bb1d92c2458&hash=AAB40CFD3A7E1C61C7C17CA7044DBB4B,/Users/arshnoorkaur/Downloads/road_salt_tracker/data/raw/MI/doc_1.pdf,2026-08-27,MI,260000000712,2026-10-01,2027-09-30
3908,1,MI,Macomb,"ARMADA, VILLAGE OF",Detroit Salt,Detroit Salt,,2027,seasonal_fill,200.0,61.48,12296.0,,44,deterministic_pdf,0.92,0.92,0.92,auto_accepted,,2026-08-27 20:03:49,https://www.michigan.gov/dtmb/-/media/Project/Websites/dtmb/Procurement/Contracts/MiDEAL/002/260000000712.pdf?rev=8d4ed14d634d466fa9207bb1d92c2458&hash=AAB40CFD3A7E1C61C7C17CA7044DBB4B,/Users/arshnoorkaur/Downloads/road_salt_tracker/data/raw/MI/doc_1.pdf,2026-08-27,MI,260000000712,2026-10-01,2027-09-30
3909,1,MI,Macomb,ROSEVILLE PUBLIC SCHOOLS,Detroit Salt,Detroit Salt,,2027,seasonal_fill,200.0,61.48,12296.0,,44,deterministic_pdf,0.92,0.92,0.92,auto_accepted,,2026-08-27 20:03:49,https://www.michigan.gov/dtmb/-/media/Project/Websites/dtmb/Procurement/Contracts/MiDEAL/002/260000000712.pdf?rev=8d4ed14d634d466fa9207bb1d92c2458&hash=AAB40CFD3A7E1C61C7C17CA7044DBB4B,/Users/arshnoorkaur/Downloads/road_salt_tracker/data/raw/MI/doc_1.pdf,2026-08-27,MI,260000000712,2026-10-01,2027-09-30
3910,1,MI,Macomb,MACOMB COMMUNITY COLLEGE,Detroit Salt,Detroit Salt,,2027,seasonal_fill,200.0,61.48,12296.0,,44,deterministic_pdf,0.92,0.92,0.92,auto_accepted,,2026-08-27 20:03:49,https://www.michigan.gov/dtmb/-/media/Project/Websites/dtmb/Procurement/Contracts/MiDEAL/002/260000000712.pdf?rev=8d4ed14d634d466fa9207bb1d92c2458&hash=AAB40CFD3A7E1C61C7C17CA7044DBB4B,/Users/arshnoorkaur/Downloads/road_salt_tracker/data/raw/MI/doc_1.pdf,2026-08-27,MI,260000000712,2026-10-01,2027-09-30
3911,1,MI,Macomb,MACOMB COMMUNITY COLLEGE,Detroit Salt,Detroit Salt,,2027,seasonal_fill,250.0,61.48,15370.0,,44,deterministic_pdf,0.92,0.92,0.92,auto_accepted,,2026-08-27 20:03:49,https://www.michigan.gov/dtmb/-/media/Project/Websites/dtmb/Procurement/Contracts/MiDEAL/002/260000000712.pdf?rev=8d4ed14d634d466fa9207bb1d92c2458&hash=AAB40CFD3A7E1C61C7C17CA7044DBB4B,/Users/arshnoorkaur/Downloads/road_salt_tracker/data/raw/MI/doc_1.pdf,2026-08-27,MI,260000000712,2026-10-01,2027-09-30
3912,1,MI,Macomb,"EASTPOINTE, CITY OF",Detroit Salt,Detroit Salt,,2027,seasonal_fill,1000.0,61.48,61480.0,,44,deterministic_pdf,0.92,0.92,0.92,auto_accepted,,2026-08-27 20:03:49,https://www.michigan.gov/dtmb/-/media/Project/Websites/dtmb/Procurement/Contracts/MiDEAL/002/260000000712.pdf?rev=8d4ed14d634d466fa9207bb1d92c2458&hash=AAB40CFD3A7E1C61C7C17CA7044DBB4B,/Users/arshnoorkaur/Downloads/road_salt_tracker/data/raw/MI/doc_1.pdf,2026-08-27,MI,260000000712,2026-10-01,2027-09-30
3913,1,MI,Macomb,"NEW BALTIMORE, CITY OF",Detroit Salt,Detroit Salt,,2027,seasonal_fill,800.0,61.48,49184.0,,44,deterministic_pdf,0.92,0.92,0.92,auto_accepted,,2026-08-27 20:03:49,https://www.michigan.gov/dtmb/-/media/Project/Websites/dtmb/Procurement/Contracts/MiDEAL/002/260000000712.pdf?rev=8d4ed14d634d466fa9207bb1d92c2458&hash=AAB40CFD3A7E1C61C7C17CA7044DBB4B,/Users/arshnoorkaur/Downloads/road_salt_tracker/data/raw/MI/doc_1.pdf,2026-08-27,MI,260000000712,2026-10-01,2027-09-30
3914,1,MI,Macomb,UTICA COMMUNITY SCHOOLS,Detroit Salt,Detroit Salt,,2027,seasonal_fill,1800.0,61.48,110664.0,,44,deterministic_pdf,0.92,0.92,0.92,auto_accepted,,2026-08-27 20:03:49,https://www.michigan.gov/dtmb/-/media/Project/Websites/dtmb/Procurement/Contracts/MiDEAL/002/260000000712.pdf?rev=8d4ed14d634d466fa9207bb1d92c2458&hash=AAB40CFD3A7E1C61C7C17CA7044DBB4B,/Users/arshnoorkaur/Downloads/road_salt_tracker/data/raw/MI/doc_1.pdf,2026-08-27,MI,260000000712,2026-10-01,2027-09-30
3915,1,MI,Macomb,UTICA COMMUNITY SCHOOLS,Detroit Salt,Detroit Salt,,2027,seasonal_fill,300.0,61.48,18444.0,,44,deterministic_pdf,0.92,0.92,0.92,auto_accepted,,2026-08-27 20:03:49,https://www.michigan.gov/dtmb/-/media/Project/Websites/dtmb/Procurement/Contracts/MiDEAL/002/260000000712.pdf?rev=8d4ed14d634d466fa9207bb1d92c2458&hash=AAB40CFD3A7E1C61C7C17CA7044DBB4B,/Users/arshnoorkaur/Downloads/road_salt_tracker/data/raw/MI/doc_1.pdf,2026-08-27,MI,260000000712,2026-10-01,2027-09-30
3916,1,MI,Macomb,ARMADA AREA SCHOOLS,Detroit Salt,Detroit Salt,,2027,seasonal_fill,100.0,61.48,6148.0,,44,deterministic_pdf,0.92,0.92,0.92,auto_accepted,,2026-08-27 20:03:49,https://www.michigan.gov/dtmb/-/media/Project/Websites/dtmb/Procurement/Contracts/MiDEAL/002/260000000712.pdf?rev=8d4ed14d634d466fa9207bb1d92c2458&hash=AAB40CFD3A7E1C61C7C17CA7044DBB4B,/Users/arshnoorkaur/Downloads/road_salt_tracker/data/raw/MI/doc_1.pdf,2026-08-27,MI,260000000712,2026-10-01,2027-09-30
3917,1,MI,Macomb,MACOMB COUNTY ROAD COMMISSION,Detroit Salt,Detroit Salt,,2027,seasonal_fill,5000.0,61.48,307400.0,,44,deterministic_pdf,0.92,0.92,0.92,auto_accepted,,2026-08-27 20:03:49,https://www.michigan.gov/dtmb/-/media/Project/Websites/dtmb/Procurement/Contracts/MiDEAL/002/260000000712.pdf?rev=8d4ed14d634d466fa9207bb1d92c2458&hash=AAB40CFD3A7E1C61C7C17CA7044DBB4B,/Users/arshnoorkaur/Downloads/road_salt_tracker/data/raw/MI/doc_1.pdf,2026-08-27,MI,260000000712,2026-10-01,2027-09-30
3918,1,MI,Macomb,MACOMB COUNTY ROAD COMMISSION,Detroit Salt,Detroit Salt,,2027,seasonal_fill,7000.0,61.48,430360.0,,44,deterministic_pdf,0.92,0.92,0.92,auto_accepted,,2026-08-27 20:03:49,https://www.michigan.gov/dtmb/-/media/Project/Websites/dtmb/Procurement/Contracts/MiDEAL/002/260000000712.pdf?rev=8d4ed14d634d466fa9207bb1d92c2458&hash=AAB40CFD3A7E1C61C7C17CA7044DBB4B,/Users/arshnoorkaur/Downloads/road_salt_tracker/data/raw/MI/doc_1.pdf,2026-08-27,MI,260000000712,2026-10-01,2027-09-30
3919,1,MI,Macomb,MACOMB COUNTY ROAD COMMISSION,Detroit Salt,Detroit Salt,,2027,seasonal_fill,6000.0,61.48,368880.0,,44,deterministic_pdf,0.92,0.92,0.92,auto_accepted,,2026-08-27 20:03:49,https://www.michigan.gov/dtmb/-/media/Project/Websites/dtmb/Procurement/Contracts/MiDEAL/002/260000000712.pdf?rev=8d4ed14d634d466fa9207bb1d92c2458&hash=AAB40CFD3A7E1C61C7C17CA7044DBB4B,/Users/arshnoorkaur/Downloads/road_salt_tracker/data/raw/MI/doc_1.pdf,2026-08-27,MI,260000000712,2026-10-01,2027-09-30
3920,1,MI,Macomb,MACOMB COUNTY ROAD COMMISSION,Detroit Salt,Detroit Salt,,2027,seasonal_fill,11000.0,61.48,676280.0,,44,deterministic_pdf,0.92,0.92,0.92,auto_accepted,,2026-08-27 20:03:49,https://www.michigan.gov/dtmb/-/media/Project/Websites/dtmb/Procurement/Contracts/MiDEAL/002/260000000712.pdf?rev=8d4ed14d634d466fa9207bb1d92c2458&hash=AAB40CFD3A7E1C61C7C17CA7044DBB4B,/Users/arshnoorkaur/Downloads/road_salt_tracker/data/raw/MI/doc_1.pdf,2026-08-27,MI,260000000712,2026-10-01,2027-09-30
3921,1,MI,Macomb,FRASER PUBLIC SCHOOLS,Detroit Salt,Detroit Salt,,2027,seasonal_fill,300.0,61.48,18444.0,,44,deterministic_pdf,0.92,0.92,0.92,auto_accepted,,2026-08-27 20:03:49,https://www.michigan.gov/dtmb/-/media/Project/Websites/dtmb/Procurement/Contracts/MiDEAL/002/260000000712.pdf?rev=8d4ed14d634d466fa9207bb1d92c2458&hash=AAB40CFD3A7E1C61C7C17CA7044DBB4B,/Users/arshnoorkaur/Downloads/road_salt_tracker/data/raw/MI/doc_1.pdf,2026-08-27,MI,260000000712,2026-10-01,2027-09-30
3922,1,MI,Macomb,DMVA,Detroit Salt,Detroit Salt,,2027,seasonal_fill,1200.0,61.48,73776.0,,44,deterministic_pdf,0.92,0.92,0.92,auto_accepted,,2026-08-27 20:03:49,https://www.michigan.gov/dtmb/-/media/Project/Websites/dtmb/Procurement/Contracts/MiDEAL/002/260000000712.pdf?rev=8d4ed14d634d466fa9207bb1d92c2458&hash=AAB40CFD3A7E1C61C7C17CA7044DBB4B,/Users/arshnoorkaur/Downloads/road_salt_tracker/data/raw/MI/doc_1.pdf,2026-08-27,MI,260000000712,2026-10-01,2027-09-30
3923,1,MI,Oakland,OAKLAND COMMUNITY COLLEGE,Detroit Salt,Detroit Salt,,2027,seasonal_fill,250.0,65.0,16250.0,,44,deterministic_pdf,0.92,0.92,0.92,auto_accepted,,2026-08-27 20:03:49,https://www.michigan.gov/dtmb/-/media/Project/Websites/dtmb/Procurement/Contracts/MiDEAL/002/260000000712.pdf?rev=8d4ed14d634d466fa9207bb1d92c2458&hash=AAB40CFD3A7E1C61C7C17CA7044DBB4B,/Users/arshnoorkaur/Downloads/road_salt_tracker/data/raw/MI/doc_1.pdf,2026-08-27,MI,260000000712,2026-10-01,2027-09-30
3924,1,MI,Oakland,OAKLAND COMMUNITY COLLEGE,Detroit Salt,Detroit Salt,,2027,seasonal_fill,150.0,65.0,9750.0,,44,deterministic_pdf,0.92,0.92,0.92,auto_accepted,,2026-08-27 20:03:49,https://www.michigan.gov/dtmb/-/media/Project/Websites/dtmb/Procurement/Contracts/MiDEAL/002/260000000712.pdf?rev=8d4ed14d634d466fa9207bb1d92c2458&hash=AAB40CFD3A7E1C61C7C17CA7044DBB4B,/Users/arshnoorkaur/Downloads/road_salt_tracker/data/raw/MI/doc_1.pdf,2026-08-27,MI,260000000712,2026-10-01,2027-09-30
3925,1,MI,Oakland,"FERNDALE, CITY OF",Detroit Salt,Detroit Salt,,2027,seasonal_fill,1200.0,65.0,78000.0,,44,deterministic_pdf,0.92,0.92,0.92,auto_accepted,,2026-08-27 20:03:49,https://www.michigan.gov/dtmb/-/media/Project/Websites/dtmb/Procurement/Contracts/MiDEAL/002/260000000712.pdf?rev=8d4ed14d634d466fa9207bb1d92c2458&hash=AAB40CFD3A7E1C61C7C17CA7044DBB4B,/Users/arshnoorkaur/Downloads/road_salt_tracker/data/raw/MI/doc_1.pdf,2026-08-27,MI,260000000712,2026-10-01,2027-09-30
3926,1,MI,Oakland,OAKLAND UNIVERSITY,Detroit Salt,Detroit Salt,,2027,seasonal_fill,1000.0,65.0,65000.0,,44,deterministic_pdf,0.92,0.92,0.92,auto_accepted,,2026-08-27 20:03:49,https://www.michigan.gov/dtmb/-/media/Project/Websites/dtmb/Procurement/Contracts/MiDEAL/002/260000000712.pdf?rev=8d4ed14d634d466fa9207bb1d92c2458&hash=AAB40CFD3A7E1C61C7C17CA7044DBB4B,/Users/arshnoorkaur/Downloads/road_salt_tracker/data/raw/MI/doc_1.pdf,2026-08-27,MI,260000000712,2026-10-01,2027-09-30
3927,1,MI,Oakland,"FARMINGTON, CITY OF",Detroit Salt,Detroit Salt,,2027,seasonal_fill,600.0,65.0,39000.0,,44,deterministic_pdf,0.92,0.92,0.92,auto_accepted,,2026-08-27 20:03:49,https://www.michigan.gov/dtmb/-/media/Project/Websites/dtmb/Procurement/Contracts/MiDEAL/002/260000000712.pdf?rev=8d4ed14d634d466fa9207bb1d92c2458&hash=AAB40CFD3A7E1C61C7C17CA7044DBB4B,/Users/arshnoorkaur/Downloads/road_salt_tracker/data/raw/MI/doc_1.pdf,2026-08-27,MI,260000000712,2026-10-01,2027-09-30
3928,1,MI,Oakland,"OAKLAND, COUNTY OF",Detroit Salt,Detroit Salt,,2027,seasonal_fill,500.0,65.0,32500.0,,44,deterministic_pdf,0.92,0.92,0.92,auto_accepted,,2026-08-27 20:03:49,https://www.michigan.gov/dtmb/-/media/Project/Websites/dtmb/Procurement/Contracts/MiDEAL/002/260000000712.pdf?rev=8d4ed14d634d466fa9207bb1d92c2458&hash=AAB40CFD3A7E1C61C7C17CA7044DBB4B,/Users/arshnoorkaur/Downloads/road_salt_tracker/data/raw/MI/doc_1.pdf,2026-08-27,MI,260000000712,2026-10-01,2027-09-30
3929,1,MI,Oakland,ROCHESTER COMMUNITY SCHOOL DISTRICT,Detroit Salt,Detroit Salt,,2027,seasonal_fill,1200.0,65.0,78000.0,,44,deterministic_pdf,0.92,0.92,0.92,auto_accepted,,2026-08-27 20:03:49,https://www.michigan.gov/dtmb/-/media/Project/Websites/dtmb/Procurement/Contracts/MiDEAL/002/260000000712.pdf?rev=8d4ed14d634d466fa9207bb1d92c2458&hash=AAB40CFD3A7E1C61C7C17CA7044DBB4B,/Users/arshnoorkaur/Downloads/road_salt_tracker/data/raw/MI/doc_1.pdf,2026-08-27,MI,260000000712,2026-10-01,2027-09-30
3930,1,MI,Oakland,"MADISON HEIGHTS, CITY OF",Detroit Salt,Detroit Salt,,2027,seasonal_fill,3000.0,65.0,195000.0,,44,deterministic_pdf,0.92,0.92,0.92,auto_accepted,,2026-08-27 20:03:49,https://www.michigan.gov/dtmb/-/media/Project/Websites/dtmb/Procurement/Contracts/MiDEAL/002/260000000712.pdf?rev=8d4ed14d634d466fa9207bb1d92c2458&hash=AAB40CFD3A7E1C61C7C17CA7044DBB4B,/Users/arshnoorkaur/Downloads/road_salt_tracker/data/raw/MI/doc_1.pdf,2026-08-27,MI,260000000712,2026-10-01,2027-09-30
3931,1,MI,Oakland,FARMINGTON PUBLIC SCHOOLS,Detroit Salt,Detroit Salt,,2027,seasonal_fill,700.0,65.0,45500.0,,44,deterministic_pdf,0.92,0.92,0.92,auto_accepted,,2026-08-27 20:03:49,https://www.michigan.gov/dtmb/-/media/Project/Websites/dtmb/Procurement/Contracts/MiDEAL/002/260000000712.pdf?rev=8d4ed14d634d466fa9207bb1d92c2458&hash=AAB40CFD3A7E1C61C7C17CA7044DBB4B,/Users/arshnoorkaur/Downloads/road_salt_tracker/data/raw/MI/doc_1.pdf,2026-08-27,MI,260000000712,2026-10-01,2027-09-30
3932,1,MI,Oakland,"ROYAL OAK, CITY OF",Detroit Salt,Detroit Salt,,2027,seasonal_fill,1500.0,65.0,97500.0,,44,deterministic_pdf,0.92,0.92,0.92,auto_accepted,,2026-08-27 20:03:49,https://www.michigan.gov/dtmb/-/media/Project/Websites/dtmb/Procurement/Contracts/MiDEAL/002/260000000712.pdf?rev=8d4ed14d634d466fa9207bb1d92c2458&hash=AAB40CFD3A7E1C61C7C17CA7044DBB4B,/Users/arshnoorkaur/Downloads/road_salt_tracker/data/raw/MI/doc_1.pdf,2026-08-27,MI,260000000712,2026-10-01,2027-09-30
3933,1,MI,Oakland,"TROY, CITY OF",Detroit Salt,Detroit Salt,,2027,seasonal_fill,8000.0,65.0,520000.0,,44,deterministic_pdf,0.92,0.92,0.92,auto_accepted,,2026-08-27 20:03:49,https://www.michigan.gov/dtmb/-/media/Project/Websites/dtmb/Procurement/Contracts/MiDEAL/002/260000000712.pdf?rev=8d4ed14d634d466fa9207bb1d92c2458&hash=AAB40CFD3A7E1C61C7C17CA7044DBB4B,/Users/arshnoorkaur/Downloads/road_salt_tracker/data/raw/MI/doc_1.pdf,2026-08-27,MI,260000000712,2026-10-01,2027-09-30
3934,1,MI,Oakland,Wolverine Lake Village of,Detroit Salt,Detroit Salt,,2027,seasonal_fill,550.0,65.0,35750.0,,44,deterministic_pdf,0.92,0.92,0.92,auto_accepted,,2026-08-27 20:03:49,https://www.michigan.gov/dtmb/-/media/Project/Websites/dtmb/Procurement/Contracts/MiDEAL/002/260000000712.pdf?rev=8d4ed14d634d466fa9207bb1d92c2458&hash=AAB40CFD3A7E1C61C7C17CA7044DBB4B,/Users/arshnoorkaur/Downloads/road_salt_tracker/data/raw/MI/doc_1.pdf,2026-08-27,MI,260000000712,2026-10-01,2027-09-30
3935,1,MI,Oakland,"ORTONVILLE, VILLAGE OF",Detroit Salt,Detroit Salt,,2027,seasonal_fill,300.0,65.0,19500.0,,44,deterministic_pdf,0.92,0.92,0.92,auto_accepted,,2026-08-27 20:03:49,https://www.michigan.gov/dtmb/-/media/Project/Websites/dtmb/Procurement/Contracts/MiDEAL/002/260000000712.pdf?rev=8d4ed14d634d466fa9207bb1d92c2458&hash=AAB40CFD3A7E1C61C7C17CA7044DBB4B,/Users/arshnoorkaur/Downloads/road_salt_tracker/data/raw/MI/doc_1.pdf,2026-08-27,MI,260000000712,2026-10-01,2027-09-30
3936,1,MI,Oakland,"SOUTH LYON, CITY OF",Detroit Salt,Detroit Salt,,2027,seasonal_fill,1000.0,65.0,65000.0,,44,deterministic_pdf,0.92,0.92,0.92,auto_accepted,,2026-08-27 20:03:49,https://www.michigan.gov/dtmb/-/media/Project/Websites/dtmb/Procurement/Contracts/MiDEAL/002/260000000712.pdf?rev=8d4ed14d634d466fa9207bb1d92c2458&hash=AAB40CFD3A7E1C61C7C17CA7044DBB4B,/Users/arshnoorkaur/Downloads/road_salt_tracker/data/raw/MI/doc_1.pdf,2026-08-27,MI,260000000712,2026-10-01,2027-09-30
3937,1,MI,Oakland,"BEVERLY HILLS, VILLAGE OF",Detroit Salt,Detroit Salt,,2027,seasonal_fill,100.0,65.0,6500.0,,44,deterministic_pdf,0.92,0.92,0.92,auto_accepted,,2026-08-27 20:03:49,https://www.michigan.gov/dtmb/-/media/Project/Websites/dtmb/Procurement/Contracts/MiDEAL/002/260000000712.pdf?rev=8d4ed14d634d466fa9207bb1d92c2458&hash=AAB40CFD3A7E1C61C7C17CA7044DBB4B,/Users/arshnoorkaur/Downloads/road_salt_tracker/data/raw/MI/doc_1.pdf,2026-08-27,MI,260000000712,2026-10-01,2027-09-30
3938,1,MI,Oakland,"OXFORD, VILLAGE OF",Detroit Salt,Detroit Salt,,2027,seasonal_fill,550.0,65.0,35750.0,,44,deterministic_pdf,0.92,0.92,0.92,auto_accepted,,2026-08-27 20:03:49,https://www.michigan.gov/dtmb/-/media/Project/Websites/dtmb/Procurement/Contracts/MiDEAL/002/260000000712.pdf?rev=8d4ed14d634d466fa9207bb1d92c2458&hash=AAB40CFD3A7E1C61C7C17CA7044DBB4B,/Users/arshnoorkaur/Downloads/road_salt_tracker/data/raw/MI/doc_1.pdf,2026-08-27,MI,260000000712,2026-10-01,2027-09-30
3939,1,MI,Oakland,"HAZEL PARK, CITY OF",Detroit Salt,Detroit Salt,,2027,seasonal_fill,650.0,65.0,42250.0,,44,deterministic_pdf,0.92,0.92,0.92,auto_accepted,,2026-08-27 20:03:49,https://www.michigan.gov/dtmb/-/media/Project/Websites/dtmb/Procurement/Contracts/MiDEAL/002/260000000712.pdf?rev=8d4ed14d634d466fa9207bb1d92c2458&hash=AAB40CFD3A7E1C61C7C17CA7044DBB4B,/Users/arshnoorkaur/Downloads/road_salt_tracker/data/raw/MI/doc_1.pdf,2026-08-27,MI,260000000712,2026-10-01,2027-09-30
3940,1,MI,Oakland,OAKLAND COUNTY ROAD COMMISSION,Detroit Salt,Detroit Salt,,2027,seasonal_fill,6000.0,65.0,390000.0,,44,deterministic_pdf,0.92,0.92,0.92,auto_accepted,,2026-08-27 20:03:49,https://www.michigan.gov/dtmb/-/media/Project/Websites/dtmb/Procurement/Contracts/MiDEAL/002/260000000712.pdf?rev=8d4ed14d634d466fa9207bb1d92c2458&hash=AAB40CFD3A7E1C61C7C17CA7044DBB4B,/Users/arshnoorkaur/Downloads/road_salt_tracker/data/raw/MI/doc_1.pdf,2026-08-27,MI,260000000712,2026-10-01,2027-09-30
3941,1,MI,Oakland,OAKLAND COUNTY ROAD COMMISSION,Detroit Salt,Detroit Salt,,2027,seasonal_fill,13100.0,65.0,851500.0,,44,deterministic_pdf,0.92,0.92,0.92,auto_accepted,,2026-08-27 20:03:49,https://www.michigan.gov/dtmb/-/media/Project/Websites/dtmb/Procurement/Contracts/MiDEAL/002/260000000712.pdf?rev=8d4ed14d634d466fa9207bb1d92c2458&hash=AAB40CFD3A7E1C61C7C17CA7044DBB4B,/Users/arshnoorkaur/Downloads/road_salt_tracker/data/raw/MI/doc_1.pdf,2026-08-27,MI,260000000712,2026-10-01,2027-09-30
3942,1,MI,Oakland,OAKLAND COUNTY ROAD COMMISSION,Detroit Salt,Detroit Salt,,2027,seasonal_fill,15800.0,65.0,1027000.0,,44,deterministic_pdf,0.92,0.92,0.92,auto_accepted,,2026-08-27 20:03:49,https://www.michigan.gov/dtmb/-/media/Project/Websites/dtmb/Procurement/Contracts/MiDEAL/002/260000000712.pdf?rev=8d4ed14d634d466fa9207bb1d92c2458&hash=AAB40CFD3A7E1C61C7C17CA7044DBB4B,/Users/arshnoorkaur/Downloads/road_salt_tracker/data/raw/MI/doc_1.pdf,2026-08-27,MI,260000000712,2026-10-01,2027-09-30
3943,1,MI,Oakland,OAKLAND COUNTY ROAD COMMISSION,Detroit Salt,Detroit Salt,,2027,seasonal_fill,9800.0,65.0,637000.0,,44,deterministic_pdf,0.92,0.92,0.92,auto_accepted,,2026-08-27 20:03:49,https://www.michigan.gov/dtmb/-/media/Project/Websites/dtmb/Procurement/Contracts/MiDEAL/002/260000000712.pdf?rev=8d4ed14d634d466fa9207bb1d92c2458&hash=AAB40CFD3A7E1C61C7C17CA7044DBB4B,/Users/arshnoorkaur/Downloads/road_salt_tracker/data/raw/MI/doc_1.pdf,2026-08-27,MI,260000000712,2026-10-01,2027-09-30
3944,1,MI,Oakland,OAKLAND COUNTY ROAD COMMISSION,Detroit Salt,Detroit Salt,,2027,seasonal_fill,9500.0,65.0,617500.0,,44,deterministic_pdf,0.92,0.92,0.92,auto_accepted,,2026-08-27 20:03:49,https://www.michigan.gov/dtmb/-/media/Project/Websites/dtmb/Procurement/Contracts/MiDEAL/002/260000000712.pdf?rev=8d4ed14d634d466fa9207bb1d92c2458&hash=AAB40CFD3A7E1C61C7C17CA7044DBB4B,/Users/arshnoorkaur/Downloads/road_salt_tracker/data/raw/MI/doc_1.pdf,2026-08-27,MI,260000000712,2026-10-01,2027-09-30
3945,1,MI,Oakland,OAKLAND COUNTY ROAD COMMISSION,Detroit Salt,Detroit Salt,,2027,seasonal_fill,12800.0,65.0,832000.0,,44,deterministic_pdf,0.92,0.92,0.92,auto_accepted,,2026-08-27 20:03:49,https://www.michigan.gov/dtmb/-/media/Project/Websites/dtmb/Procurement/Contracts/MiDEAL/002/260000000712.pdf?rev=8d4ed14d634d466fa9207bb1d92c2458&hash=AAB40CFD3A7E1C61C7C17CA7044DBB4B,/Users/arshnoorkaur/Downloads/road_salt_tracker/data/raw/MI/doc_1.pdf,2026-08-27,MI,260000000712,2026-10-01,2027-09-30
3946,1,MI,Oakland,"BIRMINGHAM, CITY OF",Detroit Salt,Detroit Salt,,2027,seasonal_fill,2000.0,65.0,130000.0,,44,deterministic_pdf,0.92,0.92,0.92,auto_accepted,,2026-08-27 20:03:49,https://www.michigan.gov/dtmb/-/media/Project/Websites/dtmb/Procurement/Contracts/MiDEAL/002/260000000712.pdf?rev=8d4ed14d634d466fa9207bb1d92c2458&hash=AAB40CFD3A7E1C61C7C17CA7044DBB4B,/Users/arshnoorkaur/Downloads/road_salt_tracker/data/raw/MI/doc_1.pdf,2026-08-27,MI,260000000712,2026-10-01,2027-09-30
3947,1,MI,Oakland,"OAK PARK, CITY OF",Detroit Salt,Detroit Salt,,2027,seasonal_fill,1600.0,65.0,104000.0,,44,deterministic_pdf,0.92,0.92,0.92,auto_accepted,,2026-08-27 20:03:49,https://www.michigan.gov/dtmb/-/media/Project/Websites/dtmb/Procurement/Contracts/MiDEAL/002/260000000712.pdf?rev=8d4ed14d634d466fa9207bb1d92c2458&hash=AAB40CFD3A7E1C61C7C17CA7044DBB4B,/Users/arshnoorkaur/Downloads/road_salt_tracker/data/raw/MI/doc_1.pdf,2026-08-27,MI,260000000712,2026-10-01,2027-09-30
3948,1,MI,Oakland,"MILFORD, VILLAGE OF",Detroit Salt,Detroit Salt,,2027,seasonal_fill,700.0,65.0,45500.0,,44,deterministic_pdf,0.92,0.92,0.92,auto_accepted,,2026-08-27 20:03:49,https://www.michigan.gov/dtmb/-/media/Project/Websites/dtmb/Procurement/Contracts/MiDEAL/002/260000000712.pdf?rev=8d4ed14d634d466fa9207bb1d92c2458&hash=AAB40CFD3A7E1C61C7C17CA7044DBB4B,/Users/arshnoorkaur/Downloads/road_salt_tracker/data/raw/MI/doc_1.pdf,2026-08-27,MI,260000000712,2026-10-01,2027-09-30
3949,1,MI,Oakland,BRANDON SCHOOL DISTRICT,Detroit Salt,Detroit Salt,,2027,seasonal_fill,200.0,65.0,13000.0,,44,deterministic_pdf,0.92,0.92,0.92,auto_accepted,,2026-08-27 20:03:49,https://www.michigan.gov/dtmb/-/media/Project/Websites/dtmb/Procurement/Contracts/MiDEAL/002/260000000712.pdf?rev=8d4ed14d634d466fa9207bb1d92c2458&hash=AAB40CFD3A7E1C61C7C17CA7044DBB4B,/Users/arshnoorkaur/Downloads/road_salt_tracker/data/raw/MI/doc_1.pdf,2026-08-27,MI,260000000712,2026-10-01,2027-09-30
3950,1,MI,Oakland,WALLED LAKE CONSOLIDATED SCHOOLS,Detroit Salt,Detroit Salt,,2027,seasonal_fill,600.0,65.0,39000.0,,44,deterministic_pdf,0.92,0.92,0.92,auto_accepted,,2026-08-27 20:03:49,https://www.michigan.gov/dtmb/-/media/Project/Websites/dtmb/Procurement/Contracts/MiDEAL/002/260000000712.pdf?rev=8d4ed14d634d466fa9207bb1d92c2458&hash=AAB40CFD3A7E1C61C7C17CA7044DBB4B,/Users/arshnoorkaur/Downloads/road_salt_tracker/data/raw/MI/doc_1.pdf,2026-08-27,MI,260000000712,2026-10-01,2027-09-30
3951,1,MI,Oakland,HOLLY SCHOOL DISTRICT,Detroit Salt,Detroit Salt,,2027,seasonal_fill,100.0,65.0,6500.0,,44,deterministic_pdf,0.92,0.92,0.92,auto_accepted,,2026-08-27 20:03:49,https://www.michigan.gov/dtmb/-/media/Project/Websites/dtmb/Procurement/Contracts/MiDEAL/002/260000000712.pdf?rev=8d4ed14d634d466fa9207bb1d92c2458&hash=AAB40CFD3A7E1C61C7C17CA7044DBB4B,/Users/arshnoorkaur/Downloads/road_salt_tracker/data/raw/MI/doc_1.pdf,2026-08-27,MI,260000000712,2026-10-01,2027-09-30
3952,1,MI,Oakland,"LAKE ORION, VILLAGE OF",Detroit Salt,Detroit Salt,,2027,seasonal_fill,300.0,65.0,19500.0,,44,deterministic_pdf,0.92,0.92,0.92,auto_accepted,,2026-08-27 20:03:49,https://www.michigan.gov/dtmb/-/media/Project/Websites/dtmb/Procurement/Contracts/MiDEAL/002/260000000712.pdf?rev=8d4ed14d634d466fa9207bb1d92c2458&hash=AAB40CFD3A7E1C61C7C17CA7044DBB4B,/Users/arshnoorkaur/Downloads/road_salt_tracker/data/raw/MI/doc_1.pdf,2026-08-27,MI,260000000712,2026-10-01,2027-09-30
3953,1,MI,Oakland,HURON VALLEY SCHOOLS,Detroit Salt,Detroit Salt,,2027,seasonal_fill,1000.0,65.0,65000.0,,44,deterministic_pdf,0.92,0.92,0.92,auto_accepted,,2026-08-27 20:03:49,https://www.michigan.gov/dtmb/-/media/Project/Websites/dtmb/Procurement/Contracts/MiDEAL/002/260000000712.pdf?rev=8d4ed14d634d466fa9207bb1d92c2458&hash=AAB40CFD3A7E1C61C7C17CA7044DBB4B,/Users/arshnoorkaur/Downloads/road_salt_tracker/data/raw/MI/doc_1.pdf,2026-08-27,MI,260000000712,2026-10-01,2027-09-30
3954,1,MI,Oakland,"KEEGO HARBOR, CITY OF",Detroit Salt,Detroit Salt,,2027,seasonal_fill,350.0,65.0,22750.0,,44,deterministic_pdf,0.92,0.92,0.92,auto_accepted,,2026-08-27 20:03:49,https://www.michigan.gov/dtmb/-/media/Project/Websites/dtmb/Procurement/Contracts/MiDEAL/002/260000000712.pdf?rev=8d4ed14d634d466fa9207bb1d92c2458&hash=AAB40CFD3A7E1C61C7C17CA7044DBB4B,/Users/arshnoorkaur/Downloads/road_salt_tracker/data/raw/MI/doc_1.pdf,2026-08-27,MI,260000000712,2026-10-01,2027-09-30
3955,1,MI,Oakland,"BLOOMFIELD HILLS, CITY OF",Detroit Salt,Detroit Salt,,2027,seasonal_fill,1200.0,65.0,78000.0,,44,deterministic_pdf,0.92,0.92,0.92,auto_accepted,,2026-08-27 20:03:49,https://www.michigan.gov/dtmb/-/media/Project/Websites/dtmb/Procurement/Contracts/MiDEAL/002/260000000712.pdf?rev=8d4ed14d634d466fa9207bb1d92c2458&hash=AAB40CFD3A7E1C61C7C17CA7044DBB4B,/Users/arshnoorkaur/Downloads/road_salt_tracker/data/raw/MI/doc_1.pdf,2026-08-27,MI,260000000712,2026-10-01,2027-09-30
3956,1,MI,Oakland,"PLEASANT RIDGE, CITY OF",Detroit Salt,Detroit Salt,,2027,seasonal_fill,50.0,65.0,3250.0,,45,deterministic_pdf,0.92,0.92,0.92,auto_accepted,,2026-08-27 20:03:49,https://www.michigan.gov/dtmb/-/media/Project/Websites/dtmb/Procurement/Contracts/MiDEAL/002/260000000712.pdf?rev=8d4ed14d634d466fa9207bb1d92c2458&hash=AAB40CFD3A7E1C61C7C17CA7044DBB4B,/Users/arshnoorkaur/Downloads/road_salt_tracker/data/raw/MI/doc_1.pdf,2026-08-27,MI,260000000712,2026-10-01,2027-09-30
3957,1,MI,Oakland,OAK PARK SCHOOL DISTRICT,Detroit Salt,Detroit Salt,,2027,seasonal_fill,300.0,65.0,19500.0,,45,deterministic_pdf,0.92,0.92,0.92,auto_accepted,,2026-08-27 20:03:49,https://www.michigan.gov/dtmb/-/media/Project/Websites/dtmb/Procurement/Contracts/MiDEAL/002/260000000712.pdf?rev=8d4ed14d634d466fa9207bb1d92c2458&hash=AAB40CFD3A7E1C61C7C17CA7044DBB4B,/Users/arshnoorkaur/Downloads/road_salt_tracker/data/raw/MI/doc_1.pdf,2026-08-27,MI,260000000712,2026-10-01,2027-09-30
3958,1,MI,Oakland,AVONDALE SCHOOL DISTRICT,Detroit Salt,Detroit Salt,,2027,seasonal_fill,200.0,65.0,13000.0,,45,deterministic_pdf,0.92,0.92,0.92,auto_accepted,,2026-08-27 20:03:49,https://www.michigan.gov/dtmb/-/media/Project/Websites/dtmb/Procurement/Contracts/MiDEAL/002/260000000712.pdf?rev=8d4ed14d634d466fa9207bb1d92c2458&hash=AAB40CFD3A7E1C61C7C17CA7044DBB4B,/Users/arshnoorkaur/Downloads/road_salt_tracker/data/raw/MI/doc_1.pdf,2026-08-27,MI,260000000712,2026-10-01,2027-09-30
3959,1,MI,Oakland,"NOVI, CITY OF",Detroit Salt,Detroit Salt,,2027,seasonal_fill,8000.0,65.0,520000.0,,45,deterministic_pdf,0.92,0.92,0.92,auto_accepted,,2026-08-27 20:03:49,https://www.michigan.gov/dtmb/-/media/Project/Websites/dtmb/Procurement/Contracts/MiDEAL/002/260000000712.pdf?rev=8d4ed14d634d466fa9207bb1d92c2458&hash=AAB40CFD3A7E1C61C7C17CA7044DBB4B,/Users/arshnoorkaur/Downloads/road_salt_tracker/data/raw/MI/doc_1.pdf,2026-08-27,MI,260000000712,2026-10-01,2027-09-30
3960,1,MI,Oakland,"HOLLY, VILLAGE OF",Detroit Salt,Detroit Salt,,2027,seasonal_fill,400.0,65.0,26000.0,,45,deterministic_pdf,0.92,0.92,0.92,auto_accepted,,2026-08-27 20:03:49,https://www.michigan.gov/dtmb/-/media/Project/Websites/dtmb/Procurement/Contracts/MiDEAL/002/260000000712.pdf?rev=8d4ed14d634d466fa9207bb1d92c2458&hash=AAB40CFD3A7E1C61C7C17CA7044DBB4B,/Users/arshnoorkaur/Downloads/road_salt_tracker/data/raw/MI/doc_1.pdf,2026-08-27,MI,260000000712,2026-10-01,2027-09-30
3961,1,MI,Oakland,NOVI COMMUNITY SCHOOL DISTRICT,Detroit Salt,Detroit Salt,,2027,seasonal_fill,250.0,65.0,16250.0,,45,deterministic_pdf,0.92,0.92,0.92,auto_accepted,,2026-08-27 20:03:49,https://www.michigan.gov/dtmb/-/media/Project/Websites/dtmb/Procurement/Contracts/MiDEAL/002/260000000712.pdf?rev=8d4ed14d634d466fa9207bb1d92c2458&hash=AAB40CFD3A7E1C61C7C17CA7044DBB4B,/Users/arshnoorkaur/Downloads/road_salt_tracker/data/raw/MI/doc_1.pdf,2026-08-27,MI,260000000712,2026-10-01,2027-09-30
3962,1,MI,Oakland,"AUBURN HILLS, CITY OF",Detroit Salt,Detroit Salt,,2027,seasonal_fill,2500.0,65.0,162500.0,,45,deterministic_pdf,0.92,0.92,0.92,auto_accepted,,2026-08-27 20:03:49,https://www.michigan.gov/dtmb/-/media/Project/Websites/dtmb/Procurement/Contracts/MiDEAL/002/260000000712.pdf?rev=8d4ed14d634d466fa9207bb1d92c2458&hash=AAB40CFD3A7E1C61C7C17CA7044DBB4B,/Users/arshnoorkaur/Downloads/road_salt_tracker/data/raw/MI/doc_1.pdf,2026-08-27,MI,260000000712,2026-10-01,2027-09-30
3963,1,MI,Oakland,SOUTH LYON COMMUNITY SCHOOLS,Detroit Salt,Detroit Salt,,2027,seasonal_fill,450.0,65.0,29250.0,,45,deterministic_pdf,0.92,0.92,0.92,auto_accepted,,2026-08-27 20:03:49,https://www.michigan.gov/dtmb/-/media/Project/Websites/dtmb/Procurement/Contracts/MiDEAL/002/260000000712.pdf?rev=8d4ed14d634d466fa9207bb1d92c2458&hash=AAB40CFD3A7E1C61C7C17CA7044DBB4B,/Users/arshnoorkaur/Downloads/road_salt_tracker/data/raw/MI/doc_1.pdf,2026-08-27,MI,260000000712,2026-10-01,2027-09-30
3964,1,MI,Oakland,WATERFORD SCHOOL DISTRICT,Detroit Salt,Detroit Salt,,2027,seasonal_fill,650.0,65.0,42250.0,,45,deterministic_pdf,0.92,0.92,0.92,auto_accepted,,2026-08-27 20:03:49,https://www.michigan.gov/dtmb/-/media/Project/Websites/dtmb/Procurement/Contracts/MiDEAL/002/260000000712.pdf?rev=8d4ed14d634d466fa9207bb1d92c2458&hash=AAB40CFD3A7E1C61C7C17CA7044DBB4B,/Users/arshnoorkaur/Downloads/road_salt_tracker/data/raw/MI/doc_1.pdf,2026-08-27,MI,260000000712,2026-10-01,2027-09-30
3965,1,MI,Wayne,"GROSSE POINTE, CITY OF",Detroit Salt,Detroit Salt,,2027,seasonal_fill,300.0,66.94,20082.0,,45,deterministic_pdf,0.92,0.92,0.92,auto_accepted,,2026-08-27 20:03:49,https://www.michigan.gov/dtmb/-/media/Project/Websites/dtmb/Procurement/Contracts/MiDEAL/002/260000000712.pdf?rev=8d4ed14d634d466fa9207bb1d92c2458&hash=AAB40CFD3A7E1C61C7C17CA7044DBB4B,/Users/arshnoorkaur/Downloads/road_salt_tracker/data/raw/MI/doc_1.pdf,2026-08-27,MI,260000000712,2026-10-01,2027-09-30
3966,1,MI,Wayne,"WYANDOTTE, CITY OF",Detroit Salt,Detroit Salt,,2027,seasonal_fill,2500.0,66.94,167350.0,,45,deterministic_pdf,0.92,0.92,0.92,auto_accepted,,2026-08-27 20:03:49,https://www.michigan.gov/dtmb/-/media/Project/Websites/dtmb/Procurement/Contracts/MiDEAL/002/260000000712.pdf?rev=8d4ed14d634d466fa9207bb1d92c2458&hash=AAB40CFD3A7E1C61C7C17CA7044DBB4B,/Users/arshnoorkaur/Downloads/road_salt_tracker/data/raw/MI/doc_1.pdf,2026-08-27,MI,260000000712,2026-10-01,2027-09-30
3967,1,MI,Wayne,GROSSE POINTE PUBLIC SCHOOLS,Detroit Salt,Detroit Salt,,2027,seasonal_fill,200.0,66.94,13388.0,,45,deterministic_pdf,0.92,0.92,0.92,auto_accepted,,2026-08-27 20:03:49,https://www.michigan.gov/dtmb/-/media/Project/Websites/dtmb/Procurement/Contracts/MiDEAL/002/260000000712.pdf?rev=8d4ed14d634d466fa9207bb1d92c2458&hash=AAB40CFD3A7E1C61C7C17CA7044DBB4B,/Users/arshnoorkaur/Downloads/road_salt_tracker/data/raw/MI/doc_1.pdf,2026-08-27,MI,260000000712,2026-10-01,2027-09-30
3968,1,MI,Wayne,"WAYNE, CITY OF",Detroit Salt,Detroit Salt,,2027,seasonal_fill,1500.0,66.94,100410.0,,45,deterministic_pdf,0.92,0.92,0.92,auto_accepted,,2026-08-27 20:03:49,https://www.michigan.gov/dtmb/-/media/Project/Websites/dtmb/Procurement/Contracts/MiDEAL/002/260000000712.pdf?rev=8d4ed14d634d466fa9207bb1d92c2458&hash=AAB40CFD3A7E1C61C7C17CA7044DBB4B,/Users/arshnoorkaur/Downloads/road_salt_tracker/data/raw/MI/doc_1.pdf,2026-08-27,MI,260000000712,2026-10-01,2027-09-30
3969,1,MI,Wayne,"GARDEN CITY, CITY OF",Detroit Salt,Detroit Salt,,2027,seasonal_fill,1400.0,66.94,93716.0,,45,deterministic_pdf,0.92,0.92,0.92,auto_accepted,,2026-08-27 20:03:49,https://www.michigan.gov/dtmb/-/media/Project/Websites/dtmb/Procurement/Contracts/MiDEAL/002/260000000712.pdf?rev=8d4ed14d634d466fa9207bb1d92c2458&hash=AAB40CFD3A7E1C61C7C17CA7044DBB4B,/Users/arshnoorkaur/Downloads/road_salt_tracker/data/raw/MI/doc_1.pdf,2026-08-27,MI,260000000712,2026-10-01,2027-09-30
3970,1,MI,Wayne,"GROSSE POINTE FARMS, CITY OF",Detroit Salt,Detroit Salt,,2027,seasonal_fill,700.0,66.94,46858.0,,45,deterministic_pdf,0.92,0.92,0.92,auto_accepted,,2026-08-27 20:03:49,https://www.michigan.gov/dtmb/-/media/Project/Websites/dtmb/Procurement/Contracts/MiDEAL/002/260000000712.pdf?rev=8d4ed14d634d466fa9207bb1d92c2458&hash=AAB40CFD3A7E1C61C7C17CA7044DBB4B,/Users/arshnoorkaur/Downloads/road_salt_tracker/data/raw/MI/doc_1.pdf,2026-08-27,MI,260000000712,2026-10-01,2027-09-30
3971,1,MI,Wayne,BROWNSTOWN CHARTER TOWNSHIP,Detroit Salt,Detroit Salt,,2027,seasonal_fill,1000.0,66.94,66940.0,,45,deterministic_pdf,0.92,0.92,0.92,auto_accepted,,2026-08-27 20:03:49,https://www.michigan.gov/dtmb/-/media/Project/Websites/dtmb/Procurement/Contracts/MiDEAL/002/260000000712.pdf?rev=8d4ed14d634d466fa9207bb1d92c2458&hash=AAB40CFD3A7E1C61C7C17CA7044DBB4B,/Users/arshnoorkaur/Downloads/road_salt_tracker/data/raw/MI/doc_1.pdf,2026-08-27,MI,260000000712,2026-10-01,2027-09-30
3972,1,MI,Wayne,"NORTHVILLE, CITY OF",Detroit Salt,Detroit Salt,,2027,seasonal_fill,750.0,66.94,50205.0,,45,deterministic_pdf,0.92,0.92,0.92,auto_accepted,,2026-08-27 20:03:49,https://www.michigan.gov/dtmb/-/media/Project/Websites/dtmb/Procurement/Contracts/MiDEAL/002/260000000712.pdf?rev=8d4ed14d634d466fa9207bb1d92c2458&hash=AAB40CFD3A7E1C61C7C17CA7044DBB4B,/Users/arshnoorkaur/Downloads/road_salt_tracker/data/raw/MI/doc_1.pdf,2026-08-27,MI,260000000712,2026-10-01,2027-09-30
3973,1,MI,Wayne,"GROSSE POINTE PARK, CITY OF",Detroit Salt,Detroit Salt,,2027,seasonal_fill,1500.0,66.94,100410.0,,45,deterministic_pdf,0.92,0.92,0.92,auto_accepted,,2026-08-27 20:03:49,https://www.michigan.gov/dtmb/-/media/Project/Websites/dtmb/Procurement/Contracts/MiDEAL/002/260000000712.pdf?rev=8d4ed14d634d466fa9207bb1d92c2458&hash=AAB40CFD3A7E1C61C7C17CA7044DBB4B,/Users/arshnoorkaur/Downloads/road_salt_tracker/data/raw/MI/doc_1.pdf,2026-08-27,MI,260000000712,2026-10-01,2027-09-30
3974,1,MI,Wayne,LIVONIA PUBLIC SCHOOLS,Detroit Salt,Detroit Salt,,2027,seasonal_fill,1100.0,66.94,73634.0,,45,deterministic_pdf,0.92,0.92,0.92,auto_accepted,,2026-08-27 20:03:49,https://www.michigan.gov/dtmb/-/media/Project/Websites/dtmb/Procurement/Contracts/MiDEAL/002/260000000712.pdf?rev=8d4ed14d634d466fa9207bb1d92c2458&hash=AAB40CFD3A7E1C61C7C17CA7044DBB4B,/Users/arshnoorkaur/Downloads/road_salt_tracker/data/raw/MI/doc_1.pdf,2026-08-27,MI,260000000712,2026-10-01,2027-09-30
3975,1,MI,Wayne,"DETROIT MERCY, UNIVERSITY OF",Detroit Salt,Detroit Salt,,2027,seasonal_fill,250.0,66.94,16735.0,,45,deterministic_pdf,0.92,0.92,0.92,auto_accepted,,2026-08-27 20:03:49,https://www.michigan.gov/dtmb/-/media/Project/Websites/dtmb/Procurement/Contracts/MiDEAL/002/260000000712.pdf?rev=8d4ed14d634d466fa9207bb1d92c2458&hash=AAB40CFD3A7E1C61C7C17CA7044DBB4B,/Users/arshnoorkaur/Downloads/road_salt_tracker/data/raw/MI/doc_1.pdf,2026-08-27,MI,260000000712,2026-10-01,2027-09-30
3976,1,MI,Wayne,"DETROIT MERCY, UNIVERSITY OF",Detroit Salt,Detroit Salt,,2027,seasonal_fill,100.0,66.94,6694.0,,45,deterministic_pdf,0.92,0.92,0.92,auto_accepted,,2026-08-27 20:03:49,https://www.michigan.gov/dtmb/-/media/Project/Websites/dtmb/Procurement/Contracts/MiDEAL/002/260000000712.pdf?rev=8d4ed14d634d466fa9207bb1d92c2458&hash=AAB40CFD3A7E1C61C7C17CA7044DBB4B,/Users/arshnoorkaur/Downloads/road_salt_tracker/data/raw/MI/doc_1.pdf,2026-08-27,MI,260000000712,2026-10-01,2027-09-30
3977,1,MI,Wayne,PLYMOUTH CANTON SCHOOLS,Detroit Salt,Detroit Salt,,2027,seasonal_fill,1400.0,66.94,93716.0,,45,deterministic_pdf,0.92,0.92,0.92,auto_accepted,,2026-08-27 20:03:49,https://www.michigan.gov/dtmb/-/media/Project/Websites/dtmb/Procurement/Contracts/MiDEAL/002/260000000712.pdf?rev=8d4ed14d634d466fa9207bb1d92c2458&hash=AAB40CFD3A7E1C61C7C17CA7044DBB4B,/Users/arshnoorkaur/Downloads/road_salt_tracker/data/raw/MI/doc_1.pdf,2026-08-27,MI,260000000712,2026-10-01,2027-09-30
3978,1,MI,Wayne,VAN BUREN PUBLIC SCHOOLS,Detroit Salt,Detroit Salt,,2027,seasonal_fill,100.0,66.94,6694.0,,45,deterministic_pdf,0.92,0.92,0.92,auto_accepted,,2026-08-27 20:03:49,https://www.michigan.gov/dtmb/-/media/Project/Websites/dtmb/Procurement/Contracts/MiDEAL/002/260000000712.pdf?rev=8d4ed14d634d466fa9207bb1d92c2458&hash=AAB40CFD3A7E1C61C7C17CA7044DBB4B,/Users/arshnoorkaur/Downloads/road_salt_tracker/data/raw/MI/doc_1.pdf,2026-08-27,MI,260000000712,2026-10-01,2027-09-30
3979,1,MI,Wayne,WAYNE-WESTLAND COMMUNITY SCHOOLS,Detroit Salt,Detroit Salt,,2027,seasonal_fill,700.0,66.94,46858.0,,45,deterministic_pdf,0.92,0.92,0.92,auto_accepted,,2026-08-27 20:03:49,https://www.michigan.gov/dtmb/-/media/Project/Websites/dtmb/Procurement/Contracts/MiDEAL/002/260000000712.pdf?rev=8d4ed14d634d466fa9207bb1d92c2458&hash=AAB40CFD3A7E1C61C7C17CA7044DBB4B,/Users/arshnoorkaur/Downloads/road_salt_tracker/data/raw/MI/doc_1.pdf,2026-08-27,MI,260000000712,2026-10-01,2027-09-30
3980,1,MI,Wayne,"WOODHAVEN, CITY OF",Detroit Salt,Detroit Salt,,2027,seasonal_fill,1200.0,66.94,80328.0,,45,deterministic_pdf,0.92,0.92,0.92,auto_accepted,,2026-08-27 20:03:49,https://www.michigan.gov/dtmb/-/media/Project/Websites/dtmb/Procurement/Contracts/MiDEAL/002/260000000712.pdf?rev=8d4ed14d634d466fa9207bb1d92c2458&hash=AAB40CFD3A7E1C61C7C17CA7044DBB4B,/Users/arshnoorkaur/Downloads/road_salt_tracker/data/raw/MI/doc_1.pdf,2026-08-27,MI,260000000712,2026-10-01,2027-09-30
3981,1,MI,Wayne,"Highland Park, City of",Detroit Salt,Detroit Salt,,2027,seasonal_fill,150.0,66.94,10041.0,,45,deterministic_pdf,0.92,0.92,0.92,auto_accepted,,2026-08-27 20:03:49,https://www.michigan.gov/dtmb/-/media/Project/Websites/dtmb/Procurement/Contracts/MiDEAL/002/260000000712.pdf?rev=8d4ed14d634d466fa9207bb1d92c2458&hash=AAB40CFD3A7E1C61C7C17CA7044DBB4B,/Users/arshnoorkaur/Downloads/road_salt_tracker/data/raw/MI/doc_1.pdf,2026-08-27,MI,260000000712,2026-10-01,2027-09-30
3982,1,MI,Wayne,DEARBORN PUBLIC SCHOOLS,Detroit Salt,Detroit Salt,,2027,seasonal_fill,500.0,66.94,33470.0,,45,deterministic_pdf,0.92,0.92,0.92,auto_accepted,,2026-08-27 20:03:49,https://www.michigan.gov/dtmb/-/media/Project/Websites/dtmb/Procurement/Contracts/MiDEAL/002/260000000712.pdf?rev=8d4ed14d634d466fa9207bb1d92c2458&hash=AAB40CFD3A7E1C61C7C17CA7044DBB4B,/Users/arshnoorkaur/Downloads/road_salt_tracker/data/raw/MI/doc_1.pdf,2026-08-27,MI,260000000712,2026-10-01,2027-09-30
3983,1,MI,"Wayne-
CONVEYOR
REQUIRED",SCHOOLCRAFT COMMUNITY COLLEGE,Detroit Salt,Detroit Salt,,2027,seasonal_fill,700.0,83.5,58450.0,,45,deterministic_pdf,0.92,0.92,0.92,auto_accepted,,2026-08-27 20:03:49,https://www.michigan.gov/dtmb/-/media/Project/Websites/dtmb/Procurement/Contracts/MiDEAL/002/260000000712.pdf?rev=8d4ed14d634d466fa9207bb1d92c2458&hash=AAB40CFD3A7E1C61C7C17CA7044DBB4B,/Users/arshnoorkaur/Downloads/road_salt_tracker/data/raw/MI/doc_1.pdf,2026-08-27,MI,260000000712,2026-10-01,2027-09-30
3984,1,MI,Wayne,SCHOOLCRAFT COMMUNITY COLLEGE,Detroit Salt,Detroit Salt,,2027,seasonal_fill,100.0,66.94,6694.0,,45,deterministic_pdf,0.92,0.92,0.92,auto_accepted,,2026-08-27 20:03:49,https://www.michigan.gov/dtmb/-/media/Project/Websites/dtmb/Procurement/Contracts/MiDEAL/002/260000000712.pdf?rev=8d4ed14d634d466fa9207bb1d92c2458&hash=AAB40CFD3A7E1C61C7C17CA7044DBB4B,/Users/arshnoorkaur/Downloads/road_salt_tracker/data/raw/MI/doc_1.pdf,2026-08-27,MI,260000000712,2026-10-01,2027-09-30
3985,1,MI,Wayne,GARDEN CITY PUBLIC SCHOOLS,Detroit Salt,Detroit Salt,,2027,seasonal_fill,150.0,66.94,10041.0,,45,deterministic_pdf,0.92,0.92,0.92,auto_accepted,,2026-08-27 20:03:49,https://www.michigan.gov/dtmb/-/media/Project/Websites/dtmb/Procurement/Contracts/MiDEAL/002/260000000712.pdf?rev=8d4ed14d634d466fa9207bb1d92c2458&hash=AAB40CFD3A7E1C61C7C17CA7044DBB4B,/Users/arshnoorkaur/Downloads/road_salt_tracker/data/raw/MI/doc_1.pdf,2026-08-27,MI,260000000712,2026-10-01,2027-09-30
3986,1,MI,Wayne,SOUTHGATE COMMUNITY SCHOOL DISTRICT,Detroit Salt,Detroit Salt,,2027,seasonal_fill,250.0,66.94,16735.0,,45,deterministic_pdf,0.92,0.92,0.92,auto_accepted,,2026-08-27 20:03:49,https://www.michigan.gov/dtmb/-/media/Project/Websites/dtmb/Procurement/Contracts/MiDEAL/002/260000000712.pdf?rev=8d4ed14d634d466fa9207bb1d92c2458&hash=AAB40CFD3A7E1C61C7C17CA7044DBB4B,/Users/arshnoorkaur/Downloads/road_salt_tracker/data/raw/MI/doc_1.pdf,2026-08-27,MI,260000000712,2026-10-01,2027-09-30
3987,1,MI,Wayne,"DEARBORN HEIGHTS, CITY OF",Detroit Salt,Detroit Salt,,2027,seasonal_fill,1900.0,66.94,127186.0,,45,deterministic_pdf,0.92,0.92,0.92,auto_accepted,,2026-08-27 20:03:49,https://www.michigan.gov/dtmb/-/media/Project/Websites/dtmb/Procurement/Contracts/MiDEAL/002/260000000712.pdf?rev=8d4ed14d634d466fa9207bb1d92c2458&hash=AAB40CFD3A7E1C61C7C17CA7044DBB4B,/Users/arshnoorkaur/Downloads/road_salt_tracker/data/raw/MI/doc_1.pdf,2026-08-27,MI,260000000712,2026-10-01,2027-09-30
3988,1,MI,Wayne,"DETROIT, CITY OF",Detroit Salt,Detroit Salt,,2027,seasonal_fill,15000.0,66.94,1004100.0,,45,deterministic_pdf,0.92,0.92,0.92,auto_accepted,,2026-08-27 20:03:49,https://www.michigan.gov/dtmb/-/media/Project/Websites/dtmb/Procurement/Contracts/MiDEAL/002/260000000712.pdf?rev=8d4ed14d634d466fa9207bb1d92c2458&hash=AAB40CFD3A7E1C61C7C17CA7044DBB4B,/Users/arshnoorkaur/Downloads/road_salt_tracker/data/raw/MI/doc_1.pdf,2026-08-27,MI,260000000712,2026-10-01,2027-09-30
3989,1,MI,Wayne,"DETROIT, CITY OF",Detroit Salt,Detroit Salt,,2027,seasonal_fill,9000.0,66.94,602460.0,,45,deterministic_pdf,0.92,0.92,0.92,auto_accepted,,2026-08-27 20:03:49,https://www.michigan.gov/dtmb/-/media/Project/Websites/dtmb/Procurement/Contracts/MiDEAL/002/260000000712.pdf?rev=8d4ed14d634d466fa9207bb1d92c2458&hash=AAB40CFD3A7E1C61C7C17CA7044DBB4B,/Users/arshnoorkaur/Downloads/road_salt_tracker/data/raw/MI/doc_1.pdf,2026-08-27,MI,260000000712,2026-10-01,2027-09-30
3990,1,MI,Wayne,"DETROIT, CITY OF",Detroit Salt,Detroit Salt,,2027,seasonal_fill,6000.0,66.94,401640.0,,45,deterministic_pdf,0.92,0.92,0.92,auto_accepted,,2026-08-27 20:03:49,https://www.michigan.gov/dtmb/-/media/Project/Websites/dtmb/Procurement/Contracts/MiDEAL/002/260000000712.pdf?rev=8d4ed14d634d466fa9207bb1d92c2458&hash=AAB40CFD3A7E1C61C7C17CA7044DBB4B,/Users/arshnoorkaur/Downloads/road_salt_tracker/data/raw/MI/doc_1.pdf,2026-08-27,MI,260000000712,2026-10-01,2027-09-30
3991,1,MI,Wayne,"DETROIT, CITY OF",Detroit Salt,Detroit Salt,,2027,seasonal_fill,1000.0,66.94,66940.0,,45,deterministic_pdf,0.92,0.92,0.92,auto_accepted,,2026-08-27 20:03:49,https://www.michigan.gov/dtmb/-/media/Project/Websites/dtmb/Procurement/Contracts/MiDEAL/002/260000000712.pdf?rev=8d4ed14d634d466fa9207bb1d92c2458&hash=AAB40CFD3A7E1C61C7C17CA7044DBB4B,/Users/arshnoorkaur/Downloads/road_salt_tracker/data/raw/MI/doc_1.pdf,2026-08-27,MI,260000000712,2026-10-01,2027-09-30
3992,1,MI,Wayne,"DETROIT, CITY OF",Detroit Salt,Detroit Salt,,2027,seasonal_fill,250.0,66.94,16735.0,,45,deterministic_pdf,0.92,0.92,0.92,auto_accepted,,2026-08-27 20:03:49,https://www.michigan.gov/dtmb/-/media/Project/Websites/dtmb/Procurement/Contracts/MiDEAL/002/260000000712.pdf?rev=8d4ed14d634d466fa9207bb1d92c2458&hash=AAB40CFD3A7E1C61C7C17CA7044DBB4B,/Users/arshnoorkaur/Downloads/road_salt_tracker/data/raw/MI/doc_1.pdf,2026-08-27,MI,260000000712,2026-10-01,2027-09-30
3993,1,MI,Wayne,"DEARBORN, CITY OF",Detroit Salt,Detroit Salt,,2027,seasonal_fill,5000.0,66.94,334700.0,,45,deterministic_pdf,0.92,0.92,0.92,auto_accepted,,2026-08-27 20:03:49,https://www.michigan.gov/dtmb/-/media/Project/Websites/dtmb/Procurement/Contracts/MiDEAL/002/260000000712.pdf?rev=8d4ed14d634d466fa9207bb1d92c2458&hash=AAB40CFD3A7E1C61C7C17CA7044DBB4B,/Users/arshnoorkaur/Downloads/road_salt_tracker/data/raw/MI/doc_1.pdf,2026-08-27,MI,260000000712,2026-10-01,2027-09-30
3994,1,MI,Wayne,"RIVER ROUGE, CITY OF",Detroit Salt,Detroit Salt,,2027,seasonal_fill,250.0,66.94,16735.0,,45,deterministic_pdf,0.92,0.92,0.92,auto_accepted,,2026-08-27 20:03:49,https://www.michigan.gov/dtmb/-/media/Project/Websites/dtmb/Procurement/Contracts/MiDEAL/002/260000000712.pdf?rev=8d4ed14d634d466fa9207bb1d92c2458&hash=AAB40CFD3A7E1C61C7C17CA7044DBB4B,/Users/arshnoorkaur/Downloads/road_salt_tracker/data/raw/MI/doc_1.pdf,2026-08-27,MI,260000000712,2026-10-01,2027-09-30
3995,1,MI,Wayne,WAYNE COUNTY AIRPORT AUTHORITY,Detroit Salt,Detroit Salt,,2027,seasonal_fill,2500.0,66.94,167350.0,,45,deterministic_pdf,0.92,0.92,0.92,auto_accepted,,2026-08-27 20:03:49,https://www.michigan.gov/dtmb/-/media/Project/Websites/dtmb/Procurement/Contracts/MiDEAL/002/260000000712.pdf?rev=8d4ed14d634d466fa9207bb1d92c2458&hash=AAB40CFD3A7E1C61C7C17CA7044DBB4B,/Users/arshnoorkaur/Downloads/road_salt_tracker/data/raw/MI/doc_1.pdf,2026-08-27,MI,260000000712,2026-10-01,2027-09-30
3996,1,MI,Wayne,WAYNE COUNTY AIRPORT AUTHORITY,Detroit Salt,Detroit Salt,,2027,seasonal_fill,500.0,66.94,33470.0,,45,deterministic_pdf,0.92,0.92,0.92,auto_accepted,,2026-08-27 20:03:49,https://www.michigan.gov/dtmb/-/media/Project/Websites/dtmb/Procurement/Contracts/MiDEAL/002/260000000712.pdf?rev=8d4ed14d634d466fa9207bb1d92c2458&hash=AAB40CFD3A7E1C61C7C17CA7044DBB4B,/Users/arshnoorkaur/Downloads/road_salt_tracker/data/raw/MI/doc_1.pdf,2026-08-27,MI,260000000712,2026-10-01,2027-09-30
3997,1,MI,Wayne,WAYNE STATE UNIVERSITY,Detroit Salt,Detroit Salt,,2027,seasonal_fill,350.0,66.94,23429.0,,45,deterministic_pdf,0.92,0.92,0.92,auto_accepted,,2026-08-27 20:03:49,https://www.michigan.gov/dtmb/-/media/Project/Websites/dtmb/Procurement/Contracts/MiDEAL/002/260000000712.pdf?rev=8d4ed14d634d466fa9207bb1d92c2458&hash=AAB40CFD3A7E1C61C7C17CA7044DBB4B,/Users/arshnoorkaur/Downloads/road_salt_tracker/data/raw/MI/doc_1.pdf,2026-08-27,MI,260000000712,2026-10-01,2027-09-30
3998,1,MI,Wayne,"Ecorse, City of",Detroit Salt,Detroit Salt,,2027,seasonal_fill,100.0,66.94,6694.0,,45,deterministic_pdf,0.92,0.92,0.92,auto_accepted,,2026-08-27 20:03:49,https://www.michigan.gov/dtmb/-/media/Project/Websites/dtmb/Procurement/Contracts/MiDEAL/002/260000000712.pdf?rev=8d4ed14d634d466fa9207bb1d92c2458&hash=AAB40CFD3A7E1C61C7C17CA7044DBB4B,/Users/arshnoorkaur/Downloads/road_salt_tracker/data/raw/MI/doc_1.pdf,2026-08-27,MI,260000000712,2026-10-01,2027-09-30
3999,1,MI,Wayne,WAYNE COUNTY,Detroit Salt,Detroit Salt,,2027,seasonal_fill,12250.0,66.94,820015.0,,45,deterministic_pdf,0.92,0.92,0.92,auto_accepted,,2026-08-27 20:03:49,https://www.michigan.gov/dtmb/-/media/Project/Websites/dtmb/Procurement/Contracts/MiDEAL/002/260000000712.pdf?rev=8d4ed14d634d466fa9207bb1d92c2458&hash=AAB40CFD3A7E1C61C7C17CA7044DBB4B,/Users/arshnoorkaur/Downloads/road_salt_tracker/data/raw/MI/doc_1.pdf,2026-08-27,MI,260000000712,2026-10-01,2027-09-30
4000,1,MI,Wayne,WAYNE COUNTY,Detroit Salt,Detroit Salt,,2027,seasonal_fill,2000.0,66.94,133880.0,,45,deterministic_pdf,0.92,0.92,0.92,auto_accepted,,2026-08-27 20:03:49,https://www.michigan.gov/dtmb/-/media/Project/Websites/dtmb/Procurement/Contracts/MiDEAL/002/260000000712.pdf?rev=8d4ed14d634d466fa9207bb1d92c2458&hash=AAB40CFD3A7E1C61C7C17CA7044DBB4B,/Users/arshnoorkaur/Downloads/road_salt_tracker/data/raw/MI/doc_1.pdf,2026-08-27,MI,260000000712,2026-10-01,2027-09-30
4001,1,MI,Wayne,WAYNE COUNTY,Detroit Salt,Detroit Salt,,2027,seasonal_fill,8000.0,66.94,535520.0,,45,deterministic_pdf,0.92,0.92,0.92,auto_accepted,,2026-08-27 20:03:49,https://www.michigan.gov/dtmb/-/media/Project/Websites/dtmb/Procurement/Contracts/MiDEAL/002/260000000712.pdf?rev=8d4ed14d634d466fa9207bb1d92c2458&hash=AAB40CFD3A7E1C61C7C17CA7044DBB4B,/Users/arshnoorkaur/Downloads/road_salt_tracker/data/raw/MI/doc_1.pdf,2026-08-27,MI,260000000712,2026-10-01,2027-09-30
4002,1,MI,Wayne,WAYNE COUNTY,Detroit Salt,Detroit Salt,,2027,seasonal_fill,4000.0,66.94,267760.0,,45,deterministic_pdf,0.92,0.92,0.92,auto_accepted,,2026-08-27 20:03:49,https://www.michigan.gov/dtmb/-/media/Project/Websites/dtmb/Procurement/Contracts/MiDEAL/002/260000000712.pdf?rev=8d4ed14d634d466fa9207bb1d92c2458&hash=AAB40CFD3A7E1C61C7C17CA7044DBB4B,/Users/arshnoorkaur/Downloads/road_salt_tracker/data/raw/MI/doc_1.pdf,2026-08-27,MI,260000000712,2026-10-01,2027-09-30
4003,1,MI,Wayne,WAYNE COUNTY,Detroit Salt,Detroit Salt,,2027,seasonal_fill,500.0,66.94,33470.0,,45,deterministic_pdf,0.92,0.92,0.92,auto_accepted,,2026-08-27 20:03:49,https://www.michigan.gov/dtmb/-/media/Project/Websites/dtmb/Procurement/Contracts/MiDEAL/002/260000000712.pdf?rev=8d4ed14d634d466fa9207bb1d92c2458&hash=AAB40CFD3A7E1C61C7C17CA7044DBB4B,/Users/arshnoorkaur/Downloads/road_salt_tracker/data/raw/MI/doc_1.pdf,2026-08-27,MI,260000000712,2026-10-01,2027-09-30
4004,1,MI,Wayne,WAYNE COUNTY,Detroit Salt,Detroit Salt,,2027,seasonal_fill,3500.0,66.94,234290.0,,45,deterministic_pdf,0.92,0.92,0.92,auto_accepted,,2026-08-27 20:03:49,https://www.michigan.gov/dtmb/-/media/Project/Websites/dtmb/Procurement/Contracts/MiDEAL/002/260000000712.pdf?rev=8d4ed14d634d466fa9207bb1d92c2458&hash=AAB40CFD3A7E1C61C7C17CA7044DBB4B,/Users/arshnoorkaur/Downloads/road_salt_tracker/data/raw/MI/doc_1.pdf,2026-08-27,MI,260000000712,2026-10-01,2027-09-30
4005,1,MI,Wayne,WAYNE COUNTY,Detroit Salt,Detroit Salt,,2027,seasonal_fill,6000.0,66.94,401640.0,,45,deterministic_pdf,0.92,0.92,0.92,auto_accepted,,2026-08-27 20:03:49,https://www.michigan.gov/dtmb/-/media/Project/Websites/dtmb/Procurement/Contracts/MiDEAL/002/260000000712.pdf?rev=8d4ed14d634d466fa9207bb1d92c2458&hash=AAB40CFD3A7E1C61C7C17CA7044DBB4B,/Users/arshnoorkaur/Downloads/road_salt_tracker/data/raw/MI/doc_1.pdf,2026-08-27,MI,260000000712,2026-10-01,2027-09-30
4006,1,MI,Wayne,GREAT LAKES WATER AUTHORITY,Detroit Salt,Detroit Salt,,2027,seasonal_fill,2000.0,66.94,133880.0,,45,deterministic_pdf,0.92,0.92,0.92,auto_accepted,,2026-08-27 20:03:49,https://www.michigan.gov/dtmb/-/media/Project/Websites/dtmb/Procurement/Contracts/MiDEAL/002/260000000712.pdf?rev=8d4ed14d634d466fa9207bb1d92c2458&hash=AAB40CFD3A7E1C61C7C17CA7044DBB4B,/Users/arshnoorkaur/Downloads/road_salt_tracker/data/raw/MI/doc_1.pdf,2026-08-27,MI,260000000712,2026-10-01,2027-09-30
4007,1,MI,Wayne,"MICHIGAN, UNIVERSITY OF",Detroit Salt,Detroit Salt,,2027,seasonal_fill,400.0,66.94,26776.0,,45,deterministic_pdf,0.92,0.92,0.92,auto_accepted,,2026-08-27 20:03:49,https://www.michigan.gov/dtmb/-/media/Project/Websites/dtmb/Procurement/Contracts/MiDEAL/002/260000000712.pdf?rev=8d4ed14d634d466fa9207bb1d92c2458&hash=AAB40CFD3A7E1C61C7C17CA7044DBB4B,/Users/arshnoorkaur/Downloads/road_salt_tracker/data/raw/MI/doc_1.pdf,2026-08-27,MI,260000000712,2026-10-01,2027-09-30
4008,1,MI,Wayne,"FLAT ROCK, CITY OF",Detroit Salt,Detroit Salt,,2027,seasonal_fill,400.0,66.94,26776.0,,45,deterministic_pdf,0.92,0.92,0.92,auto_accepted,,2026-08-27 20:03:49,https://www.michigan.gov/dtmb/-/media/Project/Websites/dtmb/Procurement/Contracts/MiDEAL/002/260000000712.pdf?rev=8d4ed14d634d466fa9207bb1d92c2458&hash=AAB40CFD3A7E1C61C7C17CA7044DBB4B,/Users/arshnoorkaur/Downloads/road_salt_tracker/data/raw/MI/doc_1.pdf,2026-08-27,MI,260000000712,2026-10-01,2027-09-30
4009,1,MI,Wayne,ALLEN PARK PUBLIC SCHOOLS,Detroit Salt,Detroit Salt,,2027,seasonal_fill,150.0,66.94,10041.0,,45,deterministic_pdf,0.92,0.92,0.92,auto_accepted,,2026-08-27 20:03:49,https://www.michigan.gov/dtmb/-/media/Project/Websites/dtmb/Procurement/Contracts/MiDEAL/002/260000000712.pdf?rev=8d4ed14d634d466fa9207bb1d92c2458&hash=AAB40CFD3A7E1C61C7C17CA7044DBB4B,/Users/arshnoorkaur/Downloads/road_salt_tracker/data/raw/MI/doc_1.pdf,2026-08-27,MI,260000000712,2026-10-01,2027-09-30
4010,1,MI,Wayne,"HARPER WOODS, CITY OF",Detroit Salt,Detroit Salt,,2027,seasonal_fill,1000.0,66.94,66940.0,,45,deterministic_pdf,0.92,0.92,0.92,auto_accepted,,2026-08-27 20:03:49,https://www.michigan.gov/dtmb/-/media/Project/Websites/dtmb/Procurement/Contracts/MiDEAL/002/260000000712.pdf?rev=8d4ed14d634d466fa9207bb1d92c2458&hash=AAB40CFD3A7E1C61C7C17CA7044DBB4B,/Users/arshnoorkaur/Downloads/road_salt_tracker/data/raw/MI/doc_1.pdf,2026-08-27,MI,260000000712,2026-10-01,2027-09-30
4011,1,MI,Wayne,"TAYLOR, CITY OF",Detroit Salt,Detroit Salt,,2027,seasonal_fill,3000.0,66.94,200820.0,,45,deterministic_pdf,0.92,0.92,0.92,auto_accepted,,2026-08-27 20:03:49,https://www.michigan.gov/dtmb/-/media/Project/Websites/dtmb/Procurement/Contracts/MiDEAL/002/260000000712.pdf?rev=8d4ed14d634d466fa9207bb1d92c2458&hash=AAB40CFD3A7E1C61C7C17CA7044DBB4B,/Users/arshnoorkaur/Downloads/road_salt_tracker/data/raw/MI/doc_1.pdf,2026-08-27,MI,260000000712,2026-10-01,2027-09-30
4012,1,MI,Wayne,DETROIT WATER & SEWERAGE DEPT,Detroit Salt,Detroit Salt,,2027,seasonal_fill,3000.0,66.94,200820.0,,45,deterministic_pdf,0.92,0.92,0.92,auto_accepted,,2026-08-27 20:03:49,https://www.michigan.gov/dtmb/-/media/Project/Websites/dtmb/Procurement/Contracts/MiDEAL/002/260000000712.pdf?rev=8d4ed14d634d466fa9207bb1d92c2458&hash=AAB40CFD3A7E1C61C7C17CA7044DBB4B,/Users/arshnoorkaur/Downloads/road_salt_tracker/data/raw/MI/doc_1.pdf,2026-08-27,MI,260000000712,2026-10-01,2027-09-30
4013,1,MI,Wayne,"PLYMOUTH, CITY OF",Detroit Salt,Detroit Salt,,2027,seasonal_fill,1700.0,66.94,113798.0,,45,deterministic_pdf,0.92,0.92,0.92,auto_accepted,,2026-08-27 20:03:49,https://www.michigan.gov/dtmb/-/media/Project/Websites/dtmb/Procurement/Contracts/MiDEAL/002/260000000712.pdf?rev=8d4ed14d634d466fa9207bb1d92c2458&hash=AAB40CFD3A7E1C61C7C17CA7044DBB4B,/Users/arshnoorkaur/Downloads/road_salt_tracker/data/raw/MI/doc_1.pdf,2026-08-27,MI,260000000712,2026-10-01,2027-09-30
4014,2,MI,Alger,Grand Marais,Compass,Compass Minerals,,2027,early_fill,300.0,89.97,26991.0,,27,deterministic_pdf,0.92,0.92,0.92,auto_accepted,,2026-08-27 20:03:55,https://www.michigan.gov/dtmb/-/media/Project/Websites/dtmb/Procurement/Contracts/022/260000000713.pdf?rev=044d384e33124f69856ff95f406d8b63&hash=EDE0618298A9461C637E9129261588D0,/Users/arshnoorkaur/Downloads/road_salt_tracker/data/raw/MI/doc_2.pdf,2026-08-27,MI,260000000713,2026-10-01,2027-09-30
4015,2,MI,Alger,Limestone,Compass,Compass Minerals,,2027,early_fill,3300.0,89.97,296901.0,,27,deterministic_pdf,0.92,0.92,0.92,auto_accepted,,2026-08-27 20:03:55,https://www.michigan.gov/dtmb/-/media/Project/Websites/dtmb/Procurement/Contracts/022/260000000713.pdf?rev=044d384e33124f69856ff95f406d8b63&hash=EDE0618298A9461C637E9129261588D0,/Users/arshnoorkaur/Downloads/road_salt_tracker/data/raw/MI/doc_2.pdf,2026-08-27,MI,260000000713,2026-10-01,2027-09-30
4016,2,MI,Alger,Munising,Compass,Compass Minerals,,2027,early_fill,2200.0,89.97,197934.0,,27,deterministic_pdf,0.92,0.92,0.92,auto_accepted,,2026-08-27 20:03:55,https://www.michigan.gov/dtmb/-/media/Project/Websites/dtmb/Procurement/Contracts/022/260000000713.pdf?rev=044d384e33124f69856ff95f406d8b63&hash=EDE0618298A9461C637E9129261588D0,/Users/arshnoorkaur/Downloads/road_salt_tracker/data/raw/MI/doc_2.pdf,2026-08-27,MI,260000000713,2026-10-01,2027-09-30
4017,2,MI,Baraga,Covington,Compass,Compass Minerals,,2027,early_fill,5000.0,101.45,507250.0,,27,deterministic_pdf,0.92,0.92,0.77,auto_accepted,price outlier for state/FY,2026-08-27 20:03:55,https://www.michigan.gov/dtmb/-/media/Project/Websites/dtmb/Procurement/Contracts/022/260000000713.pdf?rev=044d384e33124f69856ff95f406d8b63&hash=EDE0618298A9461C637E9129261588D0,/Users/arshnoorkaur/Downloads/road_salt_tracker/data/raw/MI/doc_2.pdf,2026-08-27,MI,260000000713,2026-10-01,2027-09-30
4018,2,MI,Baraga,L'Anse,Compass,Compass Minerals,,2027,early_fill,4000.0,101.45,405800.0,,27,deterministic_pdf,0.92,0.92,0.77,auto_accepted,price outlier for state/FY,2026-08-27 20:03:55,https://www.michigan.gov/dtmb/-/media/Project/Websites/dtmb/Procurement/Contracts/022/260000000713.pdf?rev=044d384e33124f69856ff95f406d8b63&hash=EDE0618298A9461C637E9129261588D0,/Users/arshnoorkaur/Downloads/road_salt_tracker/data/raw/MI/doc_2.pdf,2026-08-27,MI,260000000713,2026-10-01,2027-09-30
4019,2,MI,Delta,Escanaba,Compass,Compass Minerals,,2027,early_fill,3000.0,77.06,231180.0,,27,deterministic_pdf,0.92,0.92,0.92,auto_accepted,,2026-08-27 20:03:55,https://www.michigan.gov/dtmb/-/media/Project/Websites/dtmb/Procurement/Contracts/022/260000000713.pdf?rev=044d384e33124f69856ff95f406d8b63&hash=EDE0618298A9461C637E9129261588D0,/Users/arshnoorkaur/Downloads/road_salt_tracker/data/raw/MI/doc_2.pdf,2026-08-27,MI,260000000713,2026-10-01,2027-09-30
4020,2,MI,Delta,Rapid River,Compass,Compass Minerals,,2027,early_fill,2000.0,77.06,154120.0,,27,deterministic_pdf,0.92,0.92,0.92,auto_accepted,,2026-08-27 20:03:55,https://www.michigan.gov/dtmb/-/media/Project/Websites/dtmb/Procurement/Contracts/022/260000000713.pdf?rev=044d384e33124f69856ff95f406d8b63&hash=EDE0618298A9461C637E9129261588D0,/Users/arshnoorkaur/Downloads/road_salt_tracker/data/raw/MI/doc_2.pdf,2026-08-27,MI,260000000713,2026-10-01,2027-09-30
4021,2,MI,Dickinson,Felch,Compass,Compass Minerals,,2027,early_fill,2500.0,86.8,217000.0,,27,deterministic_pdf,0.92,0.92,0.92,auto_accepted,,2026-08-27 20:03:55,https://www.michigan.gov/dtmb/-/media/Project/Websites/dtmb/Procurement/Contracts/022/260000000713.pdf?rev=044d384e33124f69856ff95f406d8b63&hash=EDE0618298A9461C637E9129261588D0,/Users/arshnoorkaur/Downloads/road_salt_tracker/data/raw/MI/doc_2.pdf,2026-08-27,MI,260000000713,2026-10-01,2027-09-30
4022,2,MI,Dickinson,Quinnesec,Compass,Compass Minerals,,2027,early_fill,3600.0,86.8,312480.0,,27,deterministic_pdf,0.92,0.92,0.92,auto_accepted,,2026-08-27 20:03:55,https://www.michigan.gov/dtmb/-/media/Project/Websites/dtmb/Procurement/Contracts/022/260000000713.pdf?rev=044d384e33124f69856ff95f406d8b63&hash=EDE0618298A9461C637E9129261588D0,/Users/arshnoorkaur/Downloads/road_salt_tracker/data/raw/MI/doc_2.pdf,2026-08-27,MI,260000000713,2026-10-01,2027-09-30
4023,2,MI,Gogebic,Marenisco,Compass,Compass Minerals,,2027,early_fill,1400.0,114.74,160636.0,,27,deterministic_pdf,0.92,0.92,0.77,auto_accepted,price outlier for state/FY,2026-08-27 20:03:55,https://www.michigan.gov/dtmb/-/media/Project/Websites/dtmb/Procurement/Contracts/022/260000000713.pdf?rev=044d384e33124f69856ff95f406d8b63&hash=EDE0618298A9461C637E9129261588D0,/Users/arshnoorkaur/Downloads/road_salt_tracker/data/raw/MI/doc_2.pdf,2026-08-27,MI,260000000713,2026-10-01,2027-09-30
4024,2,MI,Gogebic,Wakefield,Compass,Compass Minerals,,2027,early_fill,1200.0,114.74,137688.0,,27,deterministic_pdf,0.92,0.92,0.77,auto_accepted,price outlier for state/FY,2026-08-27 20:03:55,https://www.michigan.gov/dtmb/-/media/Project/Websites/dtmb/Procurement/Contracts/022/260000000713.pdf?rev=044d384e33124f69856ff95f406d8b63&hash=EDE0618298A9461C637E9129261588D0,/Users/arshnoorkaur/Downloads/road_salt_tracker/data/raw/MI/doc_2.pdf,2026-08-27,MI,260000000713,2026-10-01,2027-09-30
4025,2,MI,Gogebic,Watersmeet,Compass,Compass Minerals,,2027,early_fill,1200.0,114.74,137688.0,,27,deterministic_pdf,0.92,0.92,0.77,auto_accepted,price outlier for state/FY,2026-08-27 20:03:55,https://www.michigan.gov/dtmb/-/media/Project/Websites/dtmb/Procurement/Contracts/022/260000000713.pdf?rev=044d384e33124f69856ff95f406d8b63&hash=EDE0618298A9461C637E9129261588D0,/Users/arshnoorkaur/Downloads/road_salt_tracker/data/raw/MI/doc_2.pdf,2026-08-27,MI,260000000713,2026-10-01,2027-09-30
4026,2,MI,Houghton,Calumet,Compass,Compass Minerals,,2027,early_fill,7400.0,97.36,720464.0,,27,deterministic_pdf,0.92,0.92,0.77,auto_accepted,price outlier for state/FY,2026-08-27 20:03:55,https://www.michigan.gov/dtmb/-/media/Project/Websites/dtmb/Procurement/Contracts/022/260000000713.pdf?rev=044d384e33124f69856ff95f406d8b63&hash=EDE0618298A9461C637E9129261588D0,/Users/arshnoorkaur/Downloads/road_salt_tracker/data/raw/MI/doc_2.pdf,2026-08-27,MI,260000000713,2026-10-01,2027-09-30
4027,2,MI,Iron,Amasa,Compass,Compass Minerals,,2027,early_fill,500.0,94.25,47125.0,,27,deterministic_pdf,0.92,0.92,0.92,auto_accepted,,2026-08-27 20:03:55,https://www.michigan.gov/dtmb/-/media/Project/Websites/dtmb/Procurement/Contracts/022/260000000713.pdf?rev=044d384e33124f69856ff95f406d8b63&hash=EDE0618298A9461C637E9129261588D0,/Users/arshnoorkaur/Downloads/road_salt_tracker/data/raw/MI/doc_2.pdf,2026-08-27,MI,260000000713,2026-10-01,2027-09-30
4028,2,MI,Iron,Crystal Falls,Compass,Compass Minerals,,2027,early_fill,3800.0,94.25,358150.0,,27,deterministic_pdf,0.92,0.92,0.92,auto_accepted,,2026-08-27 20:03:55,https://www.michigan.gov/dtmb/-/media/Project/Websites/dtmb/Procurement/Contracts/022/260000000713.pdf?rev=044d384e33124f69856ff95f406d8b63&hash=EDE0618298A9461C637E9129261588D0,/Users/arshnoorkaur/Downloads/road_salt_tracker/data/raw/MI/doc_2.pdf,2026-08-27,MI,260000000713,2026-10-01,2027-09-30
4029,2,MI,Iron,Iron River,Compass,Compass Minerals,,2027,early_fill,1400.0,94.25,131950.0,,27,deterministic_pdf,0.92,0.92,0.92,auto_accepted,,2026-08-27 20:03:55,https://www.michigan.gov/dtmb/-/media/Project/Websites/dtmb/Procurement/Contracts/022/260000000713.pdf?rev=044d384e33124f69856ff95f406d8b63&hash=EDE0618298A9461C637E9129261588D0,/Users/arshnoorkaur/Downloads/road_salt_tracker/data/raw/MI/doc_2.pdf,2026-08-27,MI,260000000713,2026-10-01,2027-09-30
4030,2,MI,Keweenaw,Mohawk,Compass,Compass Minerals,,2027,early_fill,1600.0,97.99,156784.0,,27,deterministic_pdf,0.92,0.92,0.77,auto_accepted,price outlier for state/FY,2026-08-27 20:03:55,https://www.michigan.gov/dtmb/-/media/Project/Websites/dtmb/Procurement/Contracts/022/260000000713.pdf?rev=044d384e33124f69856ff95f406d8b63&hash=EDE0618298A9461C637E9129261588D0,/Users/arshnoorkaur/Downloads/road_salt_tracker/data/raw/MI/doc_2.pdf,2026-08-27,MI,260000000713,2026-10-01,2027-09-30
4031,2,MI,Luce,Newberry,Compass,Compass Minerals,,2027,early_fill,3250.0,95.34,309855.0,,27,deterministic_pdf,0.92,0.92,0.77,auto_accepted,price outlier for state/FY,2026-08-27 20:03:55,https://www.michigan.gov/dtmb/-/media/Project/Websites/dtmb/Procurement/Contracts/022/260000000713.pdf?rev=044d384e33124f69856ff95f406d8b63&hash=EDE0618298A9461C637E9129261588D0,/Users/arshnoorkaur/Downloads/road_salt_tracker/data/raw/MI/doc_2.pdf,2026-08-27,MI,260000000713,2026-10-01,2027-09-30
4032,2,MI,Marquette,Champion,Compass,Compass Minerals,,2027,early_fill,375.0,89.03,33386.25,,27,deterministic_pdf,0.92,0.92,0.92,auto_accepted,,2026-08-27 20:03:55,https://www.michigan.gov/dtmb/-/media/Project/Websites/dtmb/Procurement/Contracts/022/260000000713.pdf?rev=044d384e33124f69856ff95f406d8b63&hash=EDE0618298A9461C637E9129261588D0,/Users/arshnoorkaur/Downloads/road_salt_tracker/data/raw/MI/doc_2.pdf,2026-08-27,MI,260000000713,2026-10-01,2027-09-30
4033,2,MI,Marquette,Gwinn,Compass,Compass Minerals,,2027,early_fill,1000.0,89.03,89030.0,,27,deterministic_pdf,0.92,0.92,0.92,auto_accepted,,2026-08-27 20:03:55,https://www.michigan.gov/dtmb/-/media/Project/Websites/dtmb/Procurement/Contracts/022/260000000713.pdf?rev=044d384e33124f69856ff95f406d8b63&hash=EDE0618298A9461C637E9129261588D0,/Users/arshnoorkaur/Downloads/road_salt_tracker/data/raw/MI/doc_2.pdf,2026-08-27,MI,260000000713,2026-10-01,2027-09-30
4034,2,MI,Marquette,Ishpeming,Compass,Compass Minerals,,2027,early_fill,1700.0,89.03,151351.0,,28,deterministic_pdf,0.92,0.92,0.92,auto_accepted,,2026-08-27 20:03:55,https://www.michigan.gov/dtmb/-/media/Project/Websites/dtmb/Procurement/Contracts/022/260000000713.pdf?rev=044d384e33124f69856ff95f406d8b63&hash=EDE0618298A9461C637E9129261588D0,/Users/arshnoorkaur/Downloads/road_salt_tracker/data/raw/MI/doc_2.pdf,2026-08-27,MI,260000000713,2026-10-01,2027-09-30
4035,2,MI,Marquette,Republic,Compass,Compass Minerals,,2027,early_fill,3000.0,89.03,267090.0,,28,deterministic_pdf,0.92,0.92,0.92,auto_accepted,,2026-08-27 20:03:55,https://www.michigan.gov/dtmb/-/media/Project/Websites/dtmb/Procurement/Contracts/022/260000000713.pdf?rev=044d384e33124f69856ff95f406d8b63&hash=EDE0618298A9461C637E9129261588D0,/Users/arshnoorkaur/Downloads/road_salt_tracker/data/raw/MI/doc_2.pdf,2026-08-27,MI,260000000713,2026-10-01,2027-09-30
4036,2,MI,Marquette,Skandia,Compass,Compass Minerals,,2027,early_fill,4500.0,89.03,400635.0,,28,deterministic_pdf,0.92,0.92,0.92,auto_accepted,,2026-08-27 20:03:55,https://www.michigan.gov/dtmb/-/media/Project/Websites/dtmb/Procurement/Contracts/022/260000000713.pdf?rev=044d384e33124f69856ff95f406d8b63&hash=EDE0618298A9461C637E9129261588D0,/Users/arshnoorkaur/Downloads/road_salt_tracker/data/raw/MI/doc_2.pdf,2026-08-27,MI,260000000713,2026-10-01,2027-09-30
4037,2,MI,Menominee,Stephenson,Compass,Compass Minerals,,2027,early_fill,2000.0,87.81,175620.0,,28,deterministic_pdf,0.92,0.92,0.92,auto_accepted,,2026-08-27 20:03:55,https://www.michigan.gov/dtmb/-/media/Project/Websites/dtmb/Procurement/Contracts/022/260000000713.pdf?rev=044d384e33124f69856ff95f406d8b63&hash=EDE0618298A9461C637E9129261588D0,/Users/arshnoorkaur/Downloads/road_salt_tracker/data/raw/MI/doc_2.pdf,2026-08-27,MI,260000000713,2026-10-01,2027-09-30
4038,2,MI,Menominee,Menominee,Compass,Compass Minerals,,2027,early_fill,300.0,87.81,26343.0,,28,deterministic_pdf,0.92,0.92,0.92,auto_accepted,,2026-08-27 20:03:55,https://www.michigan.gov/dtmb/-/media/Project/Websites/dtmb/Procurement/Contracts/022/260000000713.pdf?rev=044d384e33124f69856ff95f406d8b63&hash=EDE0618298A9461C637E9129261588D0,/Users/arshnoorkaur/Downloads/road_salt_tracker/data/raw/MI/doc_2.pdf,2026-08-27,MI,260000000713,2026-10-01,2027-09-30
4039,2,MI,Menominee,Powers,Compass,Compass Minerals,,2027,early_fill,250.0,87.81,21952.5,,28,deterministic_pdf,0.92,0.92,0.92,auto_accepted,,2026-08-27 20:03:55,https://www.michigan.gov/dtmb/-/media/Project/Websites/dtmb/Procurement/Contracts/022/260000000713.pdf?rev=044d384e33124f69856ff95f406d8b63&hash=EDE0618298A9461C637E9129261588D0,/Users/arshnoorkaur/Downloads/road_salt_tracker/data/raw/MI/doc_2.pdf,2026-08-27,MI,260000000713,2026-10-01,2027-09-30
4040,2,MI,Ontonagon,Bergland,Compass,Compass Minerals,,2027,early_fill,1200.0,105.96,127152.0,,28,deterministic_pdf,0.92,0.92,0.77,auto_accepted,price outlier for state/FY,2026-08-27 20:03:55,https://www.michigan.gov/dtmb/-/media/Project/Websites/dtmb/Procurement/Contracts/022/260000000713.pdf?rev=044d384e33124f69856ff95f406d8b63&hash=EDE0618298A9461C637E9129261588D0,/Users/arshnoorkaur/Downloads/road_salt_tracker/data/raw/MI/doc_2.pdf,2026-08-27,MI,260000000713,2026-10-01,2027-09-30
4041,2,MI,Ontonagon,Bruce Crossing,Compass,Compass Minerals,,2027,early_fill,1000.0,105.96,105960.0,,28,deterministic_pdf,0.92,0.92,0.77,auto_accepted,price outlier for state/FY,2026-08-27 20:03:55,https://www.michigan.gov/dtmb/-/media/Project/Websites/dtmb/Procurement/Contracts/022/260000000713.pdf?rev=044d384e33124f69856ff95f406d8b63&hash=EDE0618298A9461C637E9129261588D0,/Users/arshnoorkaur/Downloads/road_salt_tracker/data/raw/MI/doc_2.pdf,2026-08-27,MI,260000000713,2026-10-01,2027-09-30
4042,2,MI,Ontonagon,Mass City,Compass,Compass Minerals,,2027,early_fill,1700.0,105.96,180132.0,,28,deterministic_pdf,0.92,0.92,0.77,auto_accepted,price outlier for state/FY,2026-08-27 20:03:55,https://www.michigan.gov/dtmb/-/media/Project/Websites/dtmb/Procurement/Contracts/022/260000000713.pdf?rev=044d384e33124f69856ff95f406d8b63&hash=EDE0618298A9461C637E9129261588D0,/Users/arshnoorkaur/Downloads/road_salt_tracker/data/raw/MI/doc_2.pdf,2026-08-27,MI,260000000713,2026-10-01,2027-09-30
4043,2,MI,Ontonagon,Ontonagon,Compass,Compass Minerals,,2027,early_fill,1100.0,105.96,116556.0,,28,deterministic_pdf,0.92,0.92,0.77,auto_accepted,price outlier for state/FY,2026-08-27 20:03:55,https://www.michigan.gov/dtmb/-/media/Project/Websites/dtmb/Procurement/Contracts/022/260000000713.pdf?rev=044d384e33124f69856ff95f406d8b63&hash=EDE0618298A9461C637E9129261588D0,/Users/arshnoorkaur/Downloads/road_salt_tracker/data/raw/MI/doc_2.pdf,2026-08-27,MI,260000000713,2026-10-01,2027-09-30
4044,2,MI,Schoolcraft,Manistique,Compass,Compass Minerals,,2027,early_fill,2250.0,89.23,200767.5,,28,deterministic_pdf,0.92,0.92,0.92,auto_accepted,,2026-08-27 20:03:55,https://www.michigan.gov/dtmb/-/media/Project/Websites/dtmb/Procurement/Contracts/022/260000000713.pdf?rev=044d384e33124f69856ff95f406d8b63&hash=EDE0618298A9461C637E9129261588D0,/Users/arshnoorkaur/Downloads/road_salt_tracker/data/raw/MI/doc_2.pdf,2026-08-27,MI,260000000713,2026-10-01,2027-09-30
4045,2,MI,Schoolcraft,Seney,Compass,Compass Minerals,,2027,early_fill,2900.0,89.23,258767.0,,28,deterministic_pdf,0.92,0.92,0.92,auto_accepted,,2026-08-27 20:03:55,https://www.michigan.gov/dtmb/-/media/Project/Websites/dtmb/Procurement/Contracts/022/260000000713.pdf?rev=044d384e33124f69856ff95f406d8b63&hash=EDE0618298A9461C637E9129261588D0,/Users/arshnoorkaur/Downloads/road_salt_tracker/data/raw/MI/doc_2.pdf,2026-08-27,MI,260000000713,2026-10-01,2027-09-30
4046,2,MI,Alcona,Lincoln,Compass,Compass Minerals,,2027,early_fill,2050.0,72.79,149219.5,,28,deterministic_pdf,0.92,0.92,0.92,auto_accepted,,2026-08-27 20:03:55,https://www.michigan.gov/dtmb/-/media/Project/Websites/dtmb/Procurement/Contracts/022/260000000713.pdf?rev=044d384e33124f69856ff95f406d8b63&hash=EDE0618298A9461C637E9129261588D0,/Users/arshnoorkaur/Downloads/road_salt_tracker/data/raw/MI/doc_2.pdf,2026-08-27,MI,260000000713,2026-10-01,2027-09-30
4047,2,MI,Alpena,Alpena,Compass,Compass Minerals,,2027,early_fill,2000.0,72.82,145640.0,,28,deterministic_pdf,0.92,0.92,0.92,auto_accepted,,2026-08-27 20:03:55,https://www.michigan.gov/dtmb/-/media/Project/Websites/dtmb/Procurement/Contracts/022/260000000713.pdf?rev=044d384e33124f69856ff95f406d8b63&hash=EDE0618298A9461C637E9129261588D0,/Users/arshnoorkaur/Downloads/road_salt_tracker/data/raw/MI/doc_2.pdf,2026-08-27,MI,260000000713,2026-10-01,2027-09-30
4048,2,MI,Benzie,Honor,Compass,Compass Minerals,,2027,early_fill,1000.0,82.77,82770.0,,28,deterministic_pdf,0.92,0.92,0.92,auto_accepted,,2026-08-27 20:03:55,https://www.michigan.gov/dtmb/-/media/Project/Websites/dtmb/Procurement/Contracts/022/260000000713.pdf?rev=044d384e33124f69856ff95f406d8b63&hash=EDE0618298A9461C637E9129261588D0,/Users/arshnoorkaur/Downloads/road_salt_tracker/data/raw/MI/doc_2.pdf,2026-08-27,MI,260000000713,2026-10-01,2027-09-30
4049,2,MI,Cheboygan,Cheboygan,Compass,Compass Minerals,,2027,early_fill,1500.0,81.71,122565.0,,28,deterministic_pdf,0.92,0.92,0.92,auto_accepted,,2026-08-27 20:03:55,https://www.michigan.gov/dtmb/-/media/Project/Websites/dtmb/Procurement/Contracts/022/260000000713.pdf?rev=044d384e33124f69856ff95f406d8b63&hash=EDE0618298A9461C637E9129261588D0,/Users/arshnoorkaur/Downloads/road_salt_tracker/data/raw/MI/doc_2.pdf,2026-08-27,MI,260000000713,2026-10-01,2027-09-30
4050,2,MI,Cheboygan,Tower,Compass,Compass Minerals,,2027,early_fill,100.0,81.71,8171.0,,28,deterministic_pdf,0.92,0.92,0.92,auto_accepted,,2026-08-27 20:03:55,https://www.michigan.gov/dtmb/-/media/Project/Websites/dtmb/Procurement/Contracts/022/260000000713.pdf?rev=044d384e33124f69856ff95f406d8b63&hash=EDE0618298A9461C637E9129261588D0,/Users/arshnoorkaur/Downloads/road_salt_tracker/data/raw/MI/doc_2.pdf,2026-08-27,MI,260000000713,2026-10-01,2027-09-30
4051,2,MI,Cheboygan,Indian River,Compass,Compass Minerals,,2027,early_fill,5200.0,81.71,424892.0,,28,deterministic_pdf,0.92,0.92,0.92,auto_accepted,,2026-08-27 20:03:55,https://www.michigan.gov/dtmb/-/media/Project/Websites/dtmb/Procurement/Contracts/022/260000000713.pdf?rev=044d384e33124f69856ff95f406d8b63&hash=EDE0618298A9461C637E9129261588D0,/Users/arshnoorkaur/Downloads/road_salt_tracker/data/raw/MI/doc_2.pdf,2026-08-27,MI,260000000713,2026-10-01,2027-09-30
4052,2,MI,Emmet,Harbor Springs,Compass,Compass Minerals,,2027,early_fill,3700.0,83.57,309209.0,,28,deterministic_pdf,0.92,0.92,0.92,auto_accepted,,2026-08-27 20:03:55,https://www.michigan.gov/dtmb/-/media/Project/Websites/dtmb/Procurement/Contracts/022/260000000713.pdf?rev=044d384e33124f69856ff95f406d8b63&hash=EDE0618298A9461C637E9129261588D0,/Users/arshnoorkaur/Downloads/road_salt_tracker/data/raw/MI/doc_2.pdf,2026-08-27,MI,260000000713,2026-10-01,2027-09-30
4053,2,MI,Emmet,Levering,Compass,Compass Minerals,,2027,early_fill,1700.0,83.57,142069.0,,28,deterministic_pdf,0.92,0.92,0.92,auto_accepted,,2026-08-27 20:03:55,https://www.michigan.gov/dtmb/-/media/Project/Websites/dtmb/Procurement/Contracts/022/260000000713.pdf?rev=044d384e33124f69856ff95f406d8b63&hash=EDE0618298A9461C637E9129261588D0,/Users/arshnoorkaur/Downloads/road_salt_tracker/data/raw/MI/doc_2.pdf,2026-08-27,MI,260000000713,2026-10-01,2027-09-30
4054,2,MI,Manistee,Bear Lake,Compass,Compass Minerals,,2027,early_fill,2500.0,77.4,193500.0,,28,deterministic_pdf,0.92,0.92,0.92,auto_accepted,,2026-08-27 20:03:55,https://www.michigan.gov/dtmb/-/media/Project/Websites/dtmb/Procurement/Contracts/022/260000000713.pdf?rev=044d384e33124f69856ff95f406d8b63&hash=EDE0618298A9461C637E9129261588D0,/Users/arshnoorkaur/Downloads/road_salt_tracker/data/raw/MI/doc_2.pdf,2026-08-27,MI,260000000713,2026-10-01,2027-09-30
4055,2,MI,Montmorency,Atlanta,Compass,Compass Minerals,,2027,early_fill,2000.0,80.74,161480.0,,28,deterministic_pdf,0.92,0.92,0.92,auto_accepted,,2026-08-27 20:03:55,https://www.michigan.gov/dtmb/-/media/Project/Websites/dtmb/Procurement/Contracts/022/260000000713.pdf?rev=044d384e33124f69856ff95f406d8b63&hash=EDE0618298A9461C637E9129261588D0,/Users/arshnoorkaur/Downloads/road_salt_tracker/data/raw/MI/doc_2.pdf,2026-08-27,MI,260000000713,2026-10-01,2027-09-30
4056,2,MI,Otsego,Gaylord,Compass,Compass Minerals,,2027,early_fill,6700.0,79.1,529970.0,,29,deterministic_pdf,0.92,0.92,0.92,auto_accepted,,2026-08-27 20:03:55,https://www.michigan.gov/dtmb/-/media/Project/Websites/dtmb/Procurement/Contracts/022/260000000713.pdf?rev=044d384e33124f69856ff95f406d8b63&hash=EDE0618298A9461C637E9129261588D0,/Users/arshnoorkaur/Downloads/road_salt_tracker/data/raw/MI/doc_2.pdf,2026-08-27,MI,260000000713,2026-10-01,2027-09-30
4057,2,MI,Presque Isle,Onaway,Compass,Compass Minerals,,2027,early_fill,100.0,81.77,8177.0,,29,deterministic_pdf,0.92,0.92,0.92,auto_accepted,,2026-08-27 20:03:55,https://www.michigan.gov/dtmb/-/media/Project/Websites/dtmb/Procurement/Contracts/022/260000000713.pdf?rev=044d384e33124f69856ff95f406d8b63&hash=EDE0618298A9461C637E9129261588D0,/Users/arshnoorkaur/Downloads/road_salt_tracker/data/raw/MI/doc_2.pdf,2026-08-27,MI,260000000713,2026-10-01,2027-09-30
4058,2,MI,Presque Isle,Rogers City,Compass,Compass Minerals,,2027,early_fill,200.0,81.77,16354.0,,29,deterministic_pdf,0.92,0.92,0.92,auto_accepted,,2026-08-27 20:03:55,https://www.michigan.gov/dtmb/-/media/Project/Websites/dtmb/Procurement/Contracts/022/260000000713.pdf?rev=044d384e33124f69856ff95f406d8b63&hash=EDE0618298A9461C637E9129261588D0,/Users/arshnoorkaur/Downloads/road_salt_tracker/data/raw/MI/doc_2.pdf,2026-08-27,MI,260000000713,2026-10-01,2027-09-30
4059,2,MI,Presque Isle,Posen,Compass,Compass Minerals,,2027,early_fill,100.0,81.77,8177.0,,29,deterministic_pdf,0.92,0.92,0.92,auto_accepted,,2026-08-27 20:03:55,https://www.michigan.gov/dtmb/-/media/Project/Websites/dtmb/Procurement/Contracts/022/260000000713.pdf?rev=044d384e33124f69856ff95f406d8b63&hash=EDE0618298A9461C637E9129261588D0,/Users/arshnoorkaur/Downloads/road_salt_tracker/data/raw/MI/doc_2.pdf,2026-08-27,MI,260000000713,2026-10-01,2027-09-30
4060,2,MI,Lake,Baldwin,Compass,Compass Minerals,,2027,early_fill,2200.0,80.0,176000.0,,29,deterministic_pdf,0.92,0.92,0.92,auto_accepted,,2026-08-27 20:03:55,https://www.michigan.gov/dtmb/-/media/Project/Websites/dtmb/Procurement/Contracts/022/260000000713.pdf?rev=044d384e33124f69856ff95f406d8b63&hash=EDE0618298A9461C637E9129261588D0,/Users/arshnoorkaur/Downloads/road_salt_tracker/data/raw/MI/doc_2.pdf,2026-08-27,MI,260000000713,2026-10-01,2027-09-30
4061,2,MI,Mason,Scottville,Compass,Compass Minerals,,2027,early_fill,1000.0,85.07,85070.0,,29,deterministic_pdf,0.92,0.92,0.92,auto_accepted,,2026-08-27 20:03:55,https://www.michigan.gov/dtmb/-/media/Project/Websites/dtmb/Procurement/Contracts/022/260000000713.pdf?rev=044d384e33124f69856ff95f406d8b63&hash=EDE0618298A9461C637E9129261588D0,/Users/arshnoorkaur/Downloads/road_salt_tracker/data/raw/MI/doc_2.pdf,2026-08-27,MI,260000000713,2026-10-01,2027-09-30
4062,2,MI,Livingston,Brighton,Compass,Compass Minerals,,2027,early_fill,1000.0,78.2,78200.0,,29,deterministic_pdf,0.92,0.92,0.92,auto_accepted,,2026-08-27 20:03:55,https://www.michigan.gov/dtmb/-/media/Project/Websites/dtmb/Procurement/Contracts/022/260000000713.pdf?rev=044d384e33124f69856ff95f406d8b63&hash=EDE0618298A9461C637E9129261588D0,/Users/arshnoorkaur/Downloads/road_salt_tracker/data/raw/MI/doc_2.pdf,2026-08-27,MI,260000000713,2026-10-01,2027-09-30
4063,2,MI,Alger,Grand Marais,Compass,Compass Minerals,,2027,seasonal_fill,250.0,88.68,22170.0,,30,deterministic_pdf,0.92,0.92,0.92,auto_accepted,,2026-08-27 20:03:55,https://www.michigan.gov/dtmb/-/media/Project/Websites/dtmb/Procurement/Contracts/022/260000000713.pdf?rev=044d384e33124f69856ff95f406d8b63&hash=EDE0618298A9461C637E9129261588D0,/Users/arshnoorkaur/Downloads/road_salt_tracker/data/raw/MI/doc_2.pdf,2026-08-27,MI,260000000713,2026-10-01,2027-09-30
4064,2,MI,Alger,Limestone,Compass,Compass Minerals,,2027,seasonal_fill,300.0,88.68,26604.0,,30,deterministic_pdf,0.92,0.92,0.92,auto_accepted,,2026-08-27 20:03:55,https://www.michigan.gov/dtmb/-/media/Project/Websites/dtmb/Procurement/Contracts/022/260000000713.pdf?rev=044d384e33124f69856ff95f406d8b63&hash=EDE0618298A9461C637E9129261588D0,/Users/arshnoorkaur/Downloads/road_salt_tracker/data/raw/MI/doc_2.pdf,2026-08-27,MI,260000000713,2026-10-01,2027-09-30
4065,2,MI,Alger,Munising,Compass,Compass Minerals,,2027,seasonal_fill,1700.0,88.68,150756.0,,30,deterministic_pdf,0.92,0.92,0.92,auto_accepted,,2026-08-27 20:03:55,https://www.michigan.gov/dtmb/-/media/Project/Websites/dtmb/Procurement/Contracts/022/260000000713.pdf?rev=044d384e33124f69856ff95f406d8b63&hash=EDE0618298A9461C637E9129261588D0,/Users/arshnoorkaur/Downloads/road_salt_tracker/data/raw/MI/doc_2.pdf,2026-08-27,MI,260000000713,2026-10-01,2027-09-30
4066,2,MI,Baraga,Covington,Compass,Compass Minerals,,2027,seasonal_fill,50.0,113.67,5683.5,,30,deterministic_pdf,0.92,0.92,0.77,auto_accepted,price outlier for state/FY,2026-08-27 20:03:55,https://www.michigan.gov/dtmb/-/media/Project/Websites/dtmb/Procurement/Contracts/022/260000000713.pdf?rev=044d384e33124f69856ff95f406d8b63&hash=EDE0618298A9461C637E9129261588D0,/Users/arshnoorkaur/Downloads/road_salt_tracker/data/raw/MI/doc_2.pdf,2026-08-27,MI,260000000713,2026-10-01,2027-09-30
4067,2,MI,Baraga,L'Anse,Compass,Compass Minerals,,2027,seasonal_fill,50.0,113.67,5683.5,,30,deterministic_pdf,0.92,0.92,0.77,auto_accepted,price outlier for state/FY,2026-08-27 20:03:55,https://www.michigan.gov/dtmb/-/media/Project/Websites/dtmb/Procurement/Contracts/022/260000000713.pdf?rev=044d384e33124f69856ff95f406d8b63&hash=EDE0618298A9461C637E9129261588D0,/Users/arshnoorkaur/Downloads/road_salt_tracker/data/raw/MI/doc_2.pdf,2026-08-27,MI,260000000713,2026-10-01,2027-09-30
4068,2,MI,Chippewa,Goetzville,Compass,Compass Minerals,,2027,seasonal_fill,100.0,112.68,11268.0,,30,deterministic_pdf,0.92,0.92,0.77,auto_accepted,price outlier for state/FY,2026-08-27 20:03:55,https://www.michigan.gov/dtmb/-/media/Project/Websites/dtmb/Procurement/Contracts/022/260000000713.pdf?rev=044d384e33124f69856ff95f406d8b63&hash=EDE0618298A9461C637E9129261588D0,/Users/arshnoorkaur/Downloads/road_salt_tracker/data/raw/MI/doc_2.pdf,2026-08-27,MI,260000000713,2026-10-01,2027-09-30
4069,2,MI,Chippewa,Kinross,Compass,Compass Minerals,,2027,seasonal_fill,1250.0,112.68,140850.0,,30,deterministic_pdf,0.92,0.92,0.77,auto_accepted,price outlier for state/FY,2026-08-27 20:03:55,https://www.michigan.gov/dtmb/-/media/Project/Websites/dtmb/Procurement/Contracts/022/260000000713.pdf?rev=044d384e33124f69856ff95f406d8b63&hash=EDE0618298A9461C637E9129261588D0,/Users/arshnoorkaur/Downloads/road_salt_tracker/data/raw/MI/doc_2.pdf,2026-08-27,MI,260000000713,2026-10-01,2027-09-30
4070,2,MI,Chippewa,Eckerman,Compass,Compass Minerals,,2027,seasonal_fill,350.0,112.68,39438.0,,30,deterministic_pdf,0.92,0.92,0.77,auto_accepted,price outlier for state/FY,2026-08-27 20:03:55,https://www.michigan.gov/dtmb/-/media/Project/Websites/dtmb/Procurement/Contracts/022/260000000713.pdf?rev=044d384e33124f69856ff95f406d8b63&hash=EDE0618298A9461C637E9129261588D0,/Users/arshnoorkaur/Downloads/road_salt_tracker/data/raw/MI/doc_2.pdf,2026-08-27,MI,260000000713,2026-10-01,2027-09-30
4071,2,MI,Delta,Escanaba,Compass,Compass Minerals,,2027,seasonal_fill,2000.0,80.95,161900.0,,30,deterministic_pdf,0.92,0.92,0.92,auto_accepted,,2026-08-27 20:03:55,https://www.michigan.gov/dtmb/-/media/Project/Websites/dtmb/Procurement/Contracts/022/260000000713.pdf?rev=044d384e33124f69856ff95f406d8b63&hash=EDE0618298A9461C637E9129261588D0,/Users/arshnoorkaur/Downloads/road_salt_tracker/data/raw/MI/doc_2.pdf,2026-08-27,MI,260000000713,2026-10-01,2027-09-30
4072,2,MI,Delta,Rapid River,Compass,Compass Minerals,,2027,seasonal_fill,1500.0,80.95,121425.0,,30,deterministic_pdf,0.92,0.92,0.92,auto_accepted,,2026-08-27 20:03:55,https://www.michigan.gov/dtmb/-/media/Project/Websites/dtmb/Procurement/Contracts/022/260000000713.pdf?rev=044d384e33124f69856ff95f406d8b63&hash=EDE0618298A9461C637E9129261588D0,/Users/arshnoorkaur/Downloads/road_salt_tracker/data/raw/MI/doc_2.pdf,2026-08-27,MI,260000000713,2026-10-01,2027-09-30
4073,2,MI,Dickinson,Felch,Compass,Compass Minerals,,2027,seasonal_fill,2000.0,86.11,172220.0,,30,deterministic_pdf,0.92,0.92,0.92,auto_accepted,,2026-08-27 20:03:55,https://www.michigan.gov/dtmb/-/media/Project/Websites/dtmb/Procurement/Contracts/022/260000000713.pdf?rev=044d384e33124f69856ff95f406d8b63&hash=EDE0618298A9461C637E9129261588D0,/Users/arshnoorkaur/Downloads/road_salt_tracker/data/raw/MI/doc_2.pdf,2026-08-27,MI,260000000713,2026-10-01,2027-09-30
4074,2,MI,Dickinson,Quinnesec,Compass,Compass Minerals,,2027,seasonal_fill,300.0,86.11,25833.0,,30,deterministic_pdf,0.92,0.92,0.92,auto_accepted,,2026-08-27 20:03:55,https://www.michigan.gov/dtmb/-/media/Project/Websites/dtmb/Procurement/Contracts/022/260000000713.pdf?rev=044d384e33124f69856ff95f406d8b63&hash=EDE0618298A9461C637E9129261588D0,/Users/arshnoorkaur/Downloads/road_salt_tracker/data/raw/MI/doc_2.pdf,2026-08-27,MI,260000000713,2026-10-01,2027-09-30
4075,2,MI,Gogebic,Marenisco,Compass,Compass Minerals,,2027,seasonal_fill,2000.0,118.81,237620.0,,30,deterministic_pdf,0.92,0.92,0.77,auto_accepted,price outlier for state/FY,2026-08-27 20:03:55,https://www.michigan.gov/dtmb/-/media/Project/Websites/dtmb/Procurement/Contracts/022/260000000713.pdf?rev=044d384e33124f69856ff95f406d8b63&hash=EDE0618298A9461C637E9129261588D0,/Users/arshnoorkaur/Downloads/road_salt_tracker/data/raw/MI/doc_2.pdf,2026-08-27,MI,260000000713,2026-10-01,2027-09-30
4076,2,MI,Gogebic,Wakefield,Compass,Compass Minerals,,2027,seasonal_fill,2000.0,118.81,237620.0,,30,deterministic_pdf,0.92,0.92,0.77,auto_accepted,price outlier for state/FY,2026-08-27 20:03:55,https://www.michigan.gov/dtmb/-/media/Project/Websites/dtmb/Procurement/Contracts/022/260000000713.pdf?rev=044d384e33124f69856ff95f406d8b63&hash=EDE0618298A9461C637E9129261588D0,/Users/arshnoorkaur/Downloads/road_salt_tracker/data/raw/MI/doc_2.pdf,2026-08-27,MI,260000000713,2026-10-01,2027-09-30
4077,2,MI,Gogebic,Watersmeet,Compass,Compass Minerals,,2027,seasonal_fill,1500.0,118.81,178215.0,,30,deterministic_pdf,0.92,0.92,0.77,auto_accepted,price outlier for state/FY,2026-08-27 20:03:55,https://www.michigan.gov/dtmb/-/media/Project/Websites/dtmb/Procurement/Contracts/022/260000000713.pdf?rev=044d384e33124f69856ff95f406d8b63&hash=EDE0618298A9461C637E9129261588D0,/Users/arshnoorkaur/Downloads/road_salt_tracker/data/raw/MI/doc_2.pdf,2026-08-27,MI,260000000713,2026-10-01,2027-09-30
4078,2,MI,Houghton,Calumet,Compass,Compass Minerals,,2027,seasonal_fill,50.0,127.14,6357.0,,30,deterministic_pdf,0.92,0.92,0.77,auto_accepted,price outlier for state/FY,2026-08-27 20:03:55,https://www.michigan.gov/dtmb/-/media/Project/Websites/dtmb/Procurement/Contracts/022/260000000713.pdf?rev=044d384e33124f69856ff95f406d8b63&hash=EDE0618298A9461C637E9129261588D0,/Users/arshnoorkaur/Downloads/road_salt_tracker/data/raw/MI/doc_2.pdf,2026-08-27,MI,260000000713,2026-10-01,2027-09-30
4079,2,MI,Iron,Amasa,Compass,Compass Minerals,,2027,seasonal_fill,200.0,97.19,19438.0,,30,deterministic_pdf,0.92,0.92,0.77,auto_accepted,price outlier for state/FY,2026-08-27 20:03:55,https://www.michigan.gov/dtmb/-/media/Project/Websites/dtmb/Procurement/Contracts/022/260000000713.pdf?rev=044d384e33124f69856ff95f406d8b63&hash=EDE0618298A9461C637E9129261588D0,/Users/arshnoorkaur/Downloads/road_salt_tracker/data/raw/MI/doc_2.pdf,2026-08-27,MI,260000000713,2026-10-01,2027-09-30
4080,2,MI,Iron,Crystal Falls,Compass,Compass Minerals,,2027,seasonal_fill,300.0,97.19,29157.0,,31,deterministic_pdf,0.92,0.92,0.77,auto_accepted,price outlier for state/FY,2026-08-27 20:03:55,https://www.michigan.gov/dtmb/-/media/Project/Websites/dtmb/Procurement/Contracts/022/260000000713.pdf?rev=044d384e33124f69856ff95f406d8b63&hash=EDE0618298A9461C637E9129261588D0,/Users/arshnoorkaur/Downloads/road_salt_tracker/data/raw/MI/doc_2.pdf,2026-08-27,MI,260000000713,2026-10-01,2027-09-30
4081,2,MI,Iron,Iron River,Compass,Compass Minerals,,2027,seasonal_fill,2000.0,97.19,194380.0,,31,deterministic_pdf,0.92,0.92,0.77,auto_accepted,price outlier for state/FY,2026-08-27 20:03:55,https://www.michigan.gov/dtmb/-/media/Project/Websites/dtmb/Procurement/Contracts/022/260000000713.pdf?rev=044d384e33124f69856ff95f406d8b63&hash=EDE0618298A9461C637E9129261588D0,/Users/arshnoorkaur/Downloads/road_salt_tracker/data/raw/MI/doc_2.pdf,2026-08-27,MI,260000000713,2026-10-01,2027-09-30
4082,2,MI,Keweenaw,Mohawk,Compass,Compass Minerals,,2027,seasonal_fill,100.0,125.35,12535.0,,31,deterministic_pdf,0.92,0.92,0.77,auto_accepted,price outlier for state/FY,2026-08-27 20:03:55,https://www.michigan.gov/dtmb/-/media/Project/Websites/dtmb/Procurement/Contracts/022/260000000713.pdf?rev=044d384e33124f69856ff95f406d8b63&hash=EDE0618298A9461C637E9129261588D0,/Users/arshnoorkaur/Downloads/road_salt_tracker/data/raw/MI/doc_2.pdf,2026-08-27,MI,260000000713,2026-10-01,2027-09-30
4083,2,MI,Luce,Newberry,Compass,Compass Minerals,,2027,seasonal_fill,400.0,115.68,46272.0,,31,deterministic_pdf,0.92,0.92,0.77,auto_accepted,price outlier for state/FY,2026-08-27 20:03:55,https://www.michigan.gov/dtmb/-/media/Project/Websites/dtmb/Procurement/Contracts/022/260000000713.pdf?rev=044d384e33124f69856ff95f406d8b63&hash=EDE0618298A9461C637E9129261588D0,/Users/arshnoorkaur/Downloads/road_salt_tracker/data/raw/MI/doc_2.pdf,2026-08-27,MI,260000000713,2026-10-01,2027-09-30
4084,2,MI,Mackinac,Mackinac CRC,Compass,Compass Minerals,,2027,seasonal_fill,200.0,106.71,21342.0,,31,deterministic_pdf,0.92,0.92,0.77,auto_accepted,price outlier for state/FY,2026-08-27 20:03:55,https://www.michigan.gov/dtmb/-/media/Project/Websites/dtmb/Procurement/Contracts/022/260000000713.pdf?rev=044d384e33124f69856ff95f406d8b63&hash=EDE0618298A9461C637E9129261588D0,/Users/arshnoorkaur/Downloads/road_salt_tracker/data/raw/MI/doc_2.pdf,2026-08-27,MI,260000000713,2026-10-01,2027-09-30
4085,2,MI,Mackinac,Engadine,Compass,Compass Minerals,,2027,seasonal_fill,500.0,106.71,53355.0,,31,deterministic_pdf,0.92,0.92,0.77,auto_accepted,price outlier for state/FY,2026-08-27 20:03:55,https://www.michigan.gov/dtmb/-/media/Project/Websites/dtmb/Procurement/Contracts/022/260000000713.pdf?rev=044d384e33124f69856ff95f406d8b63&hash=EDE0618298A9461C637E9129261588D0,/Users/arshnoorkaur/Downloads/road_salt_tracker/data/raw/MI/doc_2.pdf,2026-08-27,MI,260000000713,2026-10-01,2027-09-30
4086,2,MI,Mackinac,St. Ignace,Compass,Compass Minerals,,2027,seasonal_fill,750.0,106.71,80032.5,,31,deterministic_pdf,0.92,0.92,0.77,auto_accepted,price outlier for state/FY,2026-08-27 20:03:55,https://www.michigan.gov/dtmb/-/media/Project/Websites/dtmb/Procurement/Contracts/022/260000000713.pdf?rev=044d384e33124f69856ff95f406d8b63&hash=EDE0618298A9461C637E9129261588D0,/Users/arshnoorkaur/Downloads/road_salt_tracker/data/raw/MI/doc_2.pdf,2026-08-27,MI,260000000713,2026-10-01,2027-09-30
4087,2,MI,Mackinac,Mackinac Bridge,Compass,Compass Minerals,,2027,seasonal_fill,100.0,106.71,10671.0,,31,deterministic_pdf,0.92,0.92,0.77,auto_accepted,price outlier for state/FY,2026-08-27 20:03:55,https://www.michigan.gov/dtmb/-/media/Project/Websites/dtmb/Procurement/Contracts/022/260000000713.pdf?rev=044d384e33124f69856ff95f406d8b63&hash=EDE0618298A9461C637E9129261588D0,/Users/arshnoorkaur/Downloads/road_salt_tracker/data/raw/MI/doc_2.pdf,2026-08-27,MI,260000000713,2026-10-01,2027-09-30
4088,2,MI,Marquette,Champion,Compass,Compass Minerals,,2027,seasonal_fill,150.0,106.75,16012.5,,31,deterministic_pdf,0.92,0.92,0.77,auto_accepted,price outlier for state/FY,2026-08-27 20:03:55,https://www.michigan.gov/dtmb/-/media/Project/Websites/dtmb/Procurement/Contracts/022/260000000713.pdf?rev=044d384e33124f69856ff95f406d8b63&hash=EDE0618298A9461C637E9129261588D0,/Users/arshnoorkaur/Downloads/road_salt_tracker/data/raw/MI/doc_2.pdf,2026-08-27,MI,260000000713,2026-10-01,2027-09-30
4089,2,MI,Marquette,Gwinn,Compass,Compass Minerals,,2027,seasonal_fill,3500.0,106.75,373625.0,,31,deterministic_pdf,0.92,0.92,0.77,auto_accepted,price outlier for state/FY,2026-08-27 20:03:55,https://www.michigan.gov/dtmb/-/media/Project/Websites/dtmb/Procurement/Contracts/022/260000000713.pdf?rev=044d384e33124f69856ff95f406d8b63&hash=EDE0618298A9461C637E9129261588D0,/Users/arshnoorkaur/Downloads/road_salt_tracker/data/raw/MI/doc_2.pdf,2026-08-27,MI,260000000713,2026-10-01,2027-09-30
4090,2,MI,Marquette,Ishpeming,Compass,Compass Minerals,,2027,seasonal_fill,4000.0,106.75,427000.0,,31,deterministic_pdf,0.92,0.92,0.77,auto_accepted,price outlier for state/FY,2026-08-27 20:03:55,https://www.michigan.gov/dtmb/-/media/Project/Websites/dtmb/Procurement/Contracts/022/260000000713.pdf?rev=044d384e33124f69856ff95f406d8b63&hash=EDE0618298A9461C637E9129261588D0,/Users/arshnoorkaur/Downloads/road_salt_tracker/data/raw/MI/doc_2.pdf,2026-08-27,MI,260000000713,2026-10-01,2027-09-30
4091,2,MI,Marquette,Republic,Compass,Compass Minerals,,2027,seasonal_fill,1000.0,106.75,106750.0,,31,deterministic_pdf,0.92,0.92,0.77,auto_accepted,price outlier for state/FY,2026-08-27 20:03:55,https://www.michigan.gov/dtmb/-/media/Project/Websites/dtmb/Procurement/Contracts/022/260000000713.pdf?rev=044d384e33124f69856ff95f406d8b63&hash=EDE0618298A9461C637E9129261588D0,/Users/arshnoorkaur/Downloads/road_salt_tracker/data/raw/MI/doc_2.pdf,2026-08-27,MI,260000000713,2026-10-01,2027-09-30
4092,2,MI,Marquette,Skandia,Compass,Compass Minerals,,2027,seasonal_fill,1000.0,106.75,106750.0,,31,deterministic_pdf,0.92,0.92,0.77,auto_accepted,price outlier for state/FY,2026-08-27 20:03:55,https://www.michigan.gov/dtmb/-/media/Project/Websites/dtmb/Procurement/Contracts/022/260000000713.pdf?rev=044d384e33124f69856ff95f406d8b63&hash=EDE0618298A9461C637E9129261588D0,/Users/arshnoorkaur/Downloads/road_salt_tracker/data/raw/MI/doc_2.pdf,2026-08-27,MI,260000000713,2026-10-01,2027-09-30
4093,2,MI,Menominee,Stephenson,Compass,Compass Minerals,,2027,seasonal_fill,2000.0,89.14,178280.0,,31,deterministic_pdf,0.92,0.92,0.92,auto_accepted,,2026-08-27 20:03:55,https://www.michigan.gov/dtmb/-/media/Project/Websites/dtmb/Procurement/Contracts/022/260000000713.pdf?rev=044d384e33124f69856ff95f406d8b63&hash=EDE0618298A9461C637E9129261588D0,/Users/arshnoorkaur/Downloads/road_salt_tracker/data/raw/MI/doc_2.pdf,2026-08-27,MI,260000000713,2026-10-01,2027-09-30
4094,2,MI,Menominee,Menominee,Compass,Compass Minerals,,2027,seasonal_fill,1800.0,89.14,160452.0,,31,deterministic_pdf,0.92,0.92,0.92,auto_accepted,,2026-08-27 20:03:55,https://www.michigan.gov/dtmb/-/media/Project/Websites/dtmb/Procurement/Contracts/022/260000000713.pdf?rev=044d384e33124f69856ff95f406d8b63&hash=EDE0618298A9461C637E9129261588D0,/Users/arshnoorkaur/Downloads/road_salt_tracker/data/raw/MI/doc_2.pdf,2026-08-27,MI,260000000713,2026-10-01,2027-09-30
4095,2,MI,Menominee,Powers,Compass,Compass Minerals,,2027,seasonal_fill,1800.0,89.14,160452.0,,31,deterministic_pdf,0.92,0.92,0.92,auto_accepted,,2026-08-27 20:03:55,https://www.michigan.gov/dtmb/-/media/Project/Websites/dtmb/Procurement/Contracts/022/260000000713.pdf?rev=044d384e33124f69856ff95f406d8b63&hash=EDE0618298A9461C637E9129261588D0,/Users/arshnoorkaur/Downloads/road_salt_tracker/data/raw/MI/doc_2.pdf,2026-08-27,MI,260000000713,2026-10-01,2027-09-30
4096,2,MI,Ontonagon,Bergland,Compass,Compass Minerals,,2027,seasonal_fill,700.0,121.76,85232.0,,31,deterministic_pdf,0.92,0.92,0.77,auto_accepted,price outlier for state/FY,2026-08-27 20:03:55,https://www.michigan.gov/dtmb/-/media/Project/Websites/dtmb/Procurement/Contracts/022/260000000713.pdf?rev=044d384e33124f69856ff95f406d8b63&hash=EDE0618298A9461C637E9129261588D0,/Users/arshnoorkaur/Downloads/road_salt_tracker/data/raw/MI/doc_2.pdf,2026-08-27,MI,260000000713,2026-10-01,2027-09-30
4097,2,MI,Ontonagon,Bruce Crossing,Compass,Compass Minerals,,2027,seasonal_fill,1000.0,121.76,121760.0,,31,deterministic_pdf,0.92,0.92,0.77,auto_accepted,price outlier for state/FY,2026-08-27 20:03:55,https://www.michigan.gov/dtmb/-/media/Project/Websites/dtmb/Procurement/Contracts/022/260000000713.pdf?rev=044d384e33124f69856ff95f406d8b63&hash=EDE0618298A9461C637E9129261588D0,/Users/arshnoorkaur/Downloads/road_salt_tracker/data/raw/MI/doc_2.pdf,2026-08-27,MI,260000000713,2026-10-01,2027-09-30
4098,2,MI,Ontonagon,Mass City,Compass,Compass Minerals,,2027,seasonal_fill,1500.0,121.76,182640.0,,31,deterministic_pdf,0.92,0.92,0.77,auto_accepted,price outlier for state/FY,2026-08-27 20:03:55,https://www.michigan.gov/dtmb/-/media/Project/Websites/dtmb/Procurement/Contracts/022/260000000713.pdf?rev=044d384e33124f69856ff95f406d8b63&hash=EDE0618298A9461C637E9129261588D0,/Users/arshnoorkaur/Downloads/road_salt_tracker/data/raw/MI/doc_2.pdf,2026-08-27,MI,260000000713,2026-10-01,2027-09-30
4099,2,MI,Ontonagon,Ontonagon,Compass,Compass Minerals,,2027,seasonal_fill,1100.0,121.76,133936.0,,31,deterministic_pdf,0.92,0.92,0.77,auto_accepted,price outlier for state/FY,2026-08-27 20:03:55,https://www.michigan.gov/dtmb/-/media/Project/Websites/dtmb/Procurement/Contracts/022/260000000713.pdf?rev=044d384e33124f69856ff95f406d8b63&hash=EDE0618298A9461C637E9129261588D0,/Users/arshnoorkaur/Downloads/road_salt_tracker/data/raw/MI/doc_2.pdf,2026-08-27,MI,260000000713,2026-10-01,2027-09-30
4100,2,MI,Schoolcraft,Manistique,Compass,Compass Minerals,,2027,seasonal_fill,2050.0,93.13,190916.5,,32,deterministic_pdf,0.92,0.92,0.92,auto_accepted,,2026-08-27 20:03:55,https://www.michigan.gov/dtmb/-/media/Project/Websites/dtmb/Procurement/Contracts/022/260000000713.pdf?rev=044d384e33124f69856ff95f406d8b63&hash=EDE0618298A9461C637E9129261588D0,/Users/arshnoorkaur/Downloads/road_salt_tracker/data/raw/MI/doc_2.pdf,2026-08-27,MI,260000000713,2026-10-01,2027-09-30
4101,2,MI,Schoolcraft,Seney,Compass,Compass Minerals,,2027,seasonal_fill,250.0,93.13,23282.5,,32,deterministic_pdf,0.92,0.92,0.92,auto_accepted,,2026-08-27 20:03:55,https://www.michigan.gov/dtmb/-/media/Project/Websites/dtmb/Procurement/Contracts/022/260000000713.pdf?rev=044d384e33124f69856ff95f406d8b63&hash=EDE0618298A9461C637E9129261588D0,/Users/arshnoorkaur/Downloads/road_salt_tracker/data/raw/MI/doc_2.pdf,2026-08-27,MI,260000000713,2026-10-01,2027-09-30
4102,2,MI,Alcona,Lincoln,Compass,Compass Minerals,,2027,seasonal_fill,700.0,76.62,53634.0,,32,deterministic_pdf,0.92,0.92,0.92,auto_accepted,,2026-08-27 20:03:55,https://www.michigan.gov/dtmb/-/media/Project/Websites/dtmb/Procurement/Contracts/022/260000000713.pdf?rev=044d384e33124f69856ff95f406d8b63&hash=EDE0618298A9461C637E9129261588D0,/Users/arshnoorkaur/Downloads/road_salt_tracker/data/raw/MI/doc_2.pdf,2026-08-27,MI,260000000713,2026-10-01,2027-09-30
4103,2,MI,Alpena,Alpena,Compass,Compass Minerals,,2027,seasonal_fill,1500.0,77.62,116430.0,,32,deterministic_pdf,0.92,0.92,0.92,auto_accepted,,2026-08-27 20:03:55,https://www.michigan.gov/dtmb/-/media/Project/Websites/dtmb/Procurement/Contracts/022/260000000713.pdf?rev=044d384e33124f69856ff95f406d8b63&hash=EDE0618298A9461C637E9129261588D0,/Users/arshnoorkaur/Downloads/road_salt_tracker/data/raw/MI/doc_2.pdf,2026-08-27,MI,260000000713,2026-10-01,2027-09-30
4104,2,MI,Antrim,Central Lake,Compass,Compass Minerals,,2027,seasonal_fill,200.0,85.96,17192.0,,32,deterministic_pdf,0.92,0.92,0.92,auto_accepted,,2026-08-27 20:03:55,https://www.michigan.gov/dtmb/-/media/Project/Websites/dtmb/Procurement/Contracts/022/260000000713.pdf?rev=044d384e33124f69856ff95f406d8b63&hash=EDE0618298A9461C637E9129261588D0,/Users/arshnoorkaur/Downloads/road_salt_tracker/data/raw/MI/doc_2.pdf,2026-08-27,MI,260000000713,2026-10-01,2027-09-30
4105,2,MI,Antrim,Kewadin,Compass,Compass Minerals,,2027,seasonal_fill,200.0,85.96,17192.0,,32,deterministic_pdf,0.92,0.92,0.92,auto_accepted,,2026-08-27 20:03:55,https://www.michigan.gov/dtmb/-/media/Project/Websites/dtmb/Procurement/Contracts/022/260000000713.pdf?rev=044d384e33124f69856ff95f406d8b63&hash=EDE0618298A9461C637E9129261588D0,/Users/arshnoorkaur/Downloads/road_salt_tracker/data/raw/MI/doc_2.pdf,2026-08-27,MI,260000000713,2026-10-01,2027-09-30
4106,2,MI,Antrim,Mancelona,Compass,Compass Minerals,,2027,seasonal_fill,300.0,85.96,25788.0,,32,deterministic_pdf,0.92,0.92,0.92,auto_accepted,,2026-08-27 20:03:55,https://www.michigan.gov/dtmb/-/media/Project/Websites/dtmb/Procurement/Contracts/022/260000000713.pdf?rev=044d384e33124f69856ff95f406d8b63&hash=EDE0618298A9461C637E9129261588D0,/Users/arshnoorkaur/Downloads/road_salt_tracker/data/raw/MI/doc_2.pdf,2026-08-27,MI,260000000713,2026-10-01,2027-09-30
4107,2,MI,Benzie,Honor,Compass,Compass Minerals,,2027,seasonal_fill,1000.0,80.66,80660.0,,32,deterministic_pdf,0.92,0.92,0.92,auto_accepted,,2026-08-27 20:03:55,https://www.michigan.gov/dtmb/-/media/Project/Websites/dtmb/Procurement/Contracts/022/260000000713.pdf?rev=044d384e33124f69856ff95f406d8b63&hash=EDE0618298A9461C637E9129261588D0,/Users/arshnoorkaur/Downloads/road_salt_tracker/data/raw/MI/doc_2.pdf,2026-08-27,MI,260000000713,2026-10-01,2027-09-30
4108,2,MI,Charlevoix,Boyne City,Compass,Compass Minerals,,2027,seasonal_fill,1000.0,85.39,85390.0,,32,deterministic_pdf,0.92,0.92,0.92,auto_accepted,,2026-08-27 20:03:55,https://www.michigan.gov/dtmb/-/media/Project/Websites/dtmb/Procurement/Contracts/022/260000000713.pdf?rev=044d384e33124f69856ff95f406d8b63&hash=EDE0618298A9461C637E9129261588D0,/Users/arshnoorkaur/Downloads/road_salt_tracker/data/raw/MI/doc_2.pdf,2026-08-27,MI,260000000713,2026-10-01,2027-09-30
4109,2,MI,Charlevoix,Ironton,Compass,Compass Minerals,,2027,seasonal_fill,1000.0,85.39,85390.0,,32,deterministic_pdf,0.92,0.92,0.92,auto_accepted,,2026-08-27 20:03:55,https://www.michigan.gov/dtmb/-/media/Project/Websites/dtmb/Procurement/Contracts/022/260000000713.pdf?rev=044d384e33124f69856ff95f406d8b63&hash=EDE0618298A9461C637E9129261588D0,/Users/arshnoorkaur/Downloads/road_salt_tracker/data/raw/MI/doc_2.pdf,2026-08-27,MI,260000000713,2026-10-01,2027-09-30
4110,2,MI,Cheboygan,Cheboygan,Compass,Compass Minerals,,2027,seasonal_fill,1500.0,88.44,132660.0,,32,deterministic_pdf,0.92,0.92,0.92,auto_accepted,,2026-08-27 20:03:55,https://www.michigan.gov/dtmb/-/media/Project/Websites/dtmb/Procurement/Contracts/022/260000000713.pdf?rev=044d384e33124f69856ff95f406d8b63&hash=EDE0618298A9461C637E9129261588D0,/Users/arshnoorkaur/Downloads/road_salt_tracker/data/raw/MI/doc_2.pdf,2026-08-27,MI,260000000713,2026-10-01,2027-09-30
4111,2,MI,Cheboygan,Tower,Compass,Compass Minerals,,2027,seasonal_fill,550.0,88.44,48642.0,,32,deterministic_pdf,0.92,0.92,0.92,auto_accepted,,2026-08-27 20:03:55,https://www.michigan.gov/dtmb/-/media/Project/Websites/dtmb/Procurement/Contracts/022/260000000713.pdf?rev=044d384e33124f69856ff95f406d8b63&hash=EDE0618298A9461C637E9129261588D0,/Users/arshnoorkaur/Downloads/road_salt_tracker/data/raw/MI/doc_2.pdf,2026-08-27,MI,260000000713,2026-10-01,2027-09-30
4112,2,MI,Cheboygan,Indian River,Compass,Compass Minerals,,2027,seasonal_fill,1200.0,88.44,106128.0,,32,deterministic_pdf,0.92,0.92,0.92,auto_accepted,,2026-08-27 20:03:55,https://www.michigan.gov/dtmb/-/media/Project/Websites/dtmb/Procurement/Contracts/022/260000000713.pdf?rev=044d384e33124f69856ff95f406d8b63&hash=EDE0618298A9461C637E9129261588D0,/Users/arshnoorkaur/Downloads/road_salt_tracker/data/raw/MI/doc_2.pdf,2026-08-27,MI,260000000713,2026-10-01,2027-09-30
4113,2,MI,Crawford,Grayling,Compass,Compass Minerals,,2027,seasonal_fill,2000.0,78.66,157320.0,,32,deterministic_pdf,0.92,0.92,0.92,auto_accepted,,2026-08-27 20:03:55,https://www.michigan.gov/dtmb/-/media/Project/Websites/dtmb/Procurement/Contracts/022/260000000713.pdf?rev=044d384e33124f69856ff95f406d8b63&hash=EDE0618298A9461C637E9129261588D0,/Users/arshnoorkaur/Downloads/road_salt_tracker/data/raw/MI/doc_2.pdf,2026-08-27,MI,260000000713,2026-10-01,2027-09-30
4114,2,MI,Emmet,Harbor Springs,Compass,Compass Minerals,,2027,seasonal_fill,500.0,90.84,45420.0,,32,deterministic_pdf,0.92,0.92,0.92,auto_accepted,,2026-08-27 20:03:55,https://www.michigan.gov/dtmb/-/media/Project/Websites/dtmb/Procurement/Contracts/022/260000000713.pdf?rev=044d384e33124f69856ff95f406d8b63&hash=EDE0618298A9461C637E9129261588D0,/Users/arshnoorkaur/Downloads/road_salt_tracker/data/raw/MI/doc_2.pdf,2026-08-27,MI,260000000713,2026-10-01,2027-09-30
4115,2,MI,Emmet,Levering,Compass,Compass Minerals,,2027,seasonal_fill,1750.0,90.84,158970.0,,32,deterministic_pdf,0.92,0.92,0.92,auto_accepted,,2026-08-27 20:03:55,https://www.michigan.gov/dtmb/-/media/Project/Websites/dtmb/Procurement/Contracts/022/260000000713.pdf?rev=044d384e33124f69856ff95f406d8b63&hash=EDE0618298A9461C637E9129261588D0,/Users/arshnoorkaur/Downloads/road_salt_tracker/data/raw/MI/doc_2.pdf,2026-08-27,MI,260000000713,2026-10-01,2027-09-30
4116,2,MI,Grand Traverse,Kingsley,Compass,Compass Minerals,,2027,seasonal_fill,1000.0,82.1,82100.0,,32,deterministic_pdf,0.92,0.92,0.92,auto_accepted,,2026-08-27 20:03:55,https://www.michigan.gov/dtmb/-/media/Project/Websites/dtmb/Procurement/Contracts/022/260000000713.pdf?rev=044d384e33124f69856ff95f406d8b63&hash=EDE0618298A9461C637E9129261588D0,/Users/arshnoorkaur/Downloads/road_salt_tracker/data/raw/MI/doc_2.pdf,2026-08-27,MI,260000000713,2026-10-01,2027-09-30
4117,2,MI,Grand Traverse,Traverse City,Compass,Compass Minerals,,2027,seasonal_fill,1100.0,82.1,90310.0,,32,deterministic_pdf,0.92,0.92,0.92,auto_accepted,,2026-08-27 20:03:55,https://www.michigan.gov/dtmb/-/media/Project/Websites/dtmb/Procurement/Contracts/022/260000000713.pdf?rev=044d384e33124f69856ff95f406d8b63&hash=EDE0618298A9461C637E9129261588D0,/Users/arshnoorkaur/Downloads/road_salt_tracker/data/raw/MI/doc_2.pdf,2026-08-27,MI,260000000713,2026-10-01,2027-09-30
4118,2,MI,Iosco,Oscoda,Compass,Compass Minerals,,2027,seasonal_fill,250.0,84.51,21127.5,,32,deterministic_pdf,0.92,0.92,0.92,auto_accepted,,2026-08-27 20:03:55,https://www.michigan.gov/dtmb/-/media/Project/Websites/dtmb/Procurement/Contracts/022/260000000713.pdf?rev=044d384e33124f69856ff95f406d8b63&hash=EDE0618298A9461C637E9129261588D0,/Users/arshnoorkaur/Downloads/road_salt_tracker/data/raw/MI/doc_2.pdf,2026-08-27,MI,260000000713,2026-10-01,2027-09-30
4119,2,MI,Iosco,Tawas City,Compass,Compass Minerals,,2027,seasonal_fill,550.0,84.51,46480.5,,32,deterministic_pdf,0.92,0.92,0.92,auto_accepted,,2026-08-27 20:03:55,https://www.michigan.gov/dtmb/-/media/Project/Websites/dtmb/Procurement/Contracts/022/260000000713.pdf?rev=044d384e33124f69856ff95f406d8b63&hash=EDE0618298A9461C637E9129261588D0,/Users/arshnoorkaur/Downloads/road_salt_tracker/data/raw/MI/doc_2.pdf,2026-08-27,MI,260000000713,2026-10-01,2027-09-30
4120,2,MI,Leelanau,Suttons Bay,Compass,Compass Minerals,,2027,seasonal_fill,100.0,83.61,8361.0,,32,deterministic_pdf,0.92,0.92,0.92,auto_accepted,,2026-08-27 20:03:55,https://www.michigan.gov/dtmb/-/media/Project/Websites/dtmb/Procurement/Contracts/022/260000000713.pdf?rev=044d384e33124f69856ff95f406d8b63&hash=EDE0618298A9461C637E9129261588D0,/Users/arshnoorkaur/Downloads/road_salt_tracker/data/raw/MI/doc_2.pdf,2026-08-27,MI,260000000713,2026-10-01,2027-09-30
4121,2,MI,Leelanau,Maple City,Compass,Compass Minerals,,2027,seasonal_fill,100.0,83.61,8361.0,,32,deterministic_pdf,0.92,0.92,0.92,auto_accepted,,2026-08-27 20:03:55,https://www.michigan.gov/dtmb/-/media/Project/Websites/dtmb/Procurement/Contracts/022/260000000713.pdf?rev=044d384e33124f69856ff95f406d8b63&hash=EDE0618298A9461C637E9129261588D0,/Users/arshnoorkaur/Downloads/road_salt_tracker/data/raw/MI/doc_2.pdf,2026-08-27,MI,260000000713,2026-10-01,2027-09-30
4122,2,MI,Manistee,Bear Lake,Compass,Compass Minerals,,2027,seasonal_fill,2000.0,72.89,145780.0,,32,deterministic_pdf,0.92,0.92,0.92,auto_accepted,,2026-08-27 20:03:55,https://www.michigan.gov/dtmb/-/media/Project/Websites/dtmb/Procurement/Contracts/022/260000000713.pdf?rev=044d384e33124f69856ff95f406d8b63&hash=EDE0618298A9461C637E9129261588D0,/Users/arshnoorkaur/Downloads/road_salt_tracker/data/raw/MI/doc_2.pdf,2026-08-27,MI,260000000713,2026-10-01,2027-09-30
4123,2,MI,Missaukee,Lake City,Compass,Compass Minerals,,2027,seasonal_fill,1200.0,89.33,107196.0,,33,deterministic_pdf,0.92,0.92,0.92,auto_accepted,,2026-08-27 20:03:55,https://www.michigan.gov/dtmb/-/media/Project/Websites/dtmb/Procurement/Contracts/022/260000000713.pdf?rev=044d384e33124f69856ff95f406d8b63&hash=EDE0618298A9461C637E9129261588D0,/Users/arshnoorkaur/Downloads/road_salt_tracker/data/raw/MI/doc_2.pdf,2026-08-27,MI,260000000713,2026-10-01,2027-09-30
4124,2,MI,Montmorency,Atlanta,Compass,Compass Minerals,,2027,seasonal_fill,1500.0,80.16,120240.0,,33,deterministic_pdf,0.92,0.92,0.92,auto_accepted,,2026-08-27 20:03:55,https://www.michigan.gov/dtmb/-/media/Project/Websites/dtmb/Procurement/Contracts/022/260000000713.pdf?rev=044d384e33124f69856ff95f406d8b63&hash=EDE0618298A9461C637E9129261588D0,/Users/arshnoorkaur/Downloads/road_salt_tracker/data/raw/MI/doc_2.pdf,2026-08-27,MI,260000000713,2026-10-01,2027-09-30
4125,2,MI,Ogemaw,Branch,Compass,Compass Minerals,,2027,seasonal_fill,250.0,84.37,21092.5,,33,deterministic_pdf,0.92,0.92,0.92,auto_accepted,,2026-08-27 20:03:55,https://www.michigan.gov/dtmb/-/media/Project/Websites/dtmb/Procurement/Contracts/022/260000000713.pdf?rev=044d384e33124f69856ff95f406d8b63&hash=EDE0618298A9461C637E9129261588D0,/Users/arshnoorkaur/Downloads/road_salt_tracker/data/raw/MI/doc_2.pdf,2026-08-27,MI,260000000713,2026-10-01,2027-09-30
4126,2,MI,Ogemaw,West Branch,Compass,Compass Minerals,,2027,seasonal_fill,900.0,84.37,75933.0,,33,deterministic_pdf,0.92,0.92,0.92,auto_accepted,,2026-08-27 20:03:55,https://www.michigan.gov/dtmb/-/media/Project/Websites/dtmb/Procurement/Contracts/022/260000000713.pdf?rev=044d384e33124f69856ff95f406d8b63&hash=EDE0618298A9461C637E9129261588D0,/Users/arshnoorkaur/Downloads/road_salt_tracker/data/raw/MI/doc_2.pdf,2026-08-27,MI,260000000713,2026-10-01,2027-09-30
4127,2,MI,Oscoda,Mio,Compass,Compass Minerals,,2027,seasonal_fill,1500.0,79.05,118575.0,,33,deterministic_pdf,0.92,0.92,0.92,auto_accepted,,2026-08-27 20:03:55,https://www.michigan.gov/dtmb/-/media/Project/Websites/dtmb/Procurement/Contracts/022/260000000713.pdf?rev=044d384e33124f69856ff95f406d8b63&hash=EDE0618298A9461C637E9129261588D0,/Users/arshnoorkaur/Downloads/road_salt_tracker/data/raw/MI/doc_2.pdf,2026-08-27,MI,260000000713,2026-10-01,2027-09-30
4128,2,MI,Otsego,Gaylord,Compass,Compass Minerals,,2027,seasonal_fill,1500.0,80.93,121395.0,,33,deterministic_pdf,0.92,0.92,0.92,auto_accepted,,2026-08-27 20:03:55,https://www.michigan.gov/dtmb/-/media/Project/Websites/dtmb/Procurement/Contracts/022/260000000713.pdf?rev=044d384e33124f69856ff95f406d8b63&hash=EDE0618298A9461C637E9129261588D0,/Users/arshnoorkaur/Downloads/road_salt_tracker/data/raw/MI/doc_2.pdf,2026-08-27,MI,260000000713,2026-10-01,2027-09-30
4129,2,MI,Presque Isle,Onaway,Compass,Compass Minerals,,2027,seasonal_fill,800.0,80.37,64296.0,,33,deterministic_pdf,0.92,0.92,0.92,auto_accepted,,2026-08-27 20:03:55,https://www.michigan.gov/dtmb/-/media/Project/Websites/dtmb/Procurement/Contracts/022/260000000713.pdf?rev=044d384e33124f69856ff95f406d8b63&hash=EDE0618298A9461C637E9129261588D0,/Users/arshnoorkaur/Downloads/road_salt_tracker/data/raw/MI/doc_2.pdf,2026-08-27,MI,260000000713,2026-10-01,2027-09-30
4130,2,MI,Presque Isle,Rogers City,Compass,Compass Minerals,,2027,seasonal_fill,800.0,80.37,64296.0,,33,deterministic_pdf,0.92,0.92,0.92,auto_accepted,,2026-08-27 20:03:55,https://www.michigan.gov/dtmb/-/media/Project/Websites/dtmb/Procurement/Contracts/022/260000000713.pdf?rev=044d384e33124f69856ff95f406d8b63&hash=EDE0618298A9461C637E9129261588D0,/Users/arshnoorkaur/Downloads/road_salt_tracker/data/raw/MI/doc_2.pdf,2026-08-27,MI,260000000713,2026-10-01,2027-09-30
4131,2,MI,Presque Isle,Posen,Compass,Compass Minerals,,2027,seasonal_fill,900.0,80.37,72333.0,,33,deterministic_pdf,0.92,0.92,0.92,auto_accepted,,2026-08-27 20:03:55,https://www.michigan.gov/dtmb/-/media/Project/Websites/dtmb/Procurement/Contracts/022/260000000713.pdf?rev=044d384e33124f69856ff95f406d8b63&hash=EDE0618298A9461C637E9129261588D0,/Users/arshnoorkaur/Downloads/road_salt_tracker/data/raw/MI/doc_2.pdf,2026-08-27,MI,260000000713,2026-10-01,2027-09-30
4132,2,MI,Roscommon,Houghton Lake,Compass,Compass Minerals,,2027,seasonal_fill,300.0,79.68,23904.0,,33,deterministic_pdf,0.92,0.92,0.92,auto_accepted,,2026-08-27 20:03:55,https://www.michigan.gov/dtmb/-/media/Project/Websites/dtmb/Procurement/Contracts/022/260000000713.pdf?rev=044d384e33124f69856ff95f406d8b63&hash=EDE0618298A9461C637E9129261588D0,/Users/arshnoorkaur/Downloads/road_salt_tracker/data/raw/MI/doc_2.pdf,2026-08-27,MI,260000000713,2026-10-01,2027-09-30
4133,2,MI,Roscommon,Prudenville,Compass,Compass Minerals,,2027,seasonal_fill,2600.0,79.68,207168.0,,33,deterministic_pdf,0.92,0.92,0.92,auto_accepted,,2026-08-27 20:03:55,https://www.michigan.gov/dtmb/-/media/Project/Websites/dtmb/Procurement/Contracts/022/260000000713.pdf?rev=044d384e33124f69856ff95f406d8b63&hash=EDE0618298A9461C637E9129261588D0,/Users/arshnoorkaur/Downloads/road_salt_tracker/data/raw/MI/doc_2.pdf,2026-08-27,MI,260000000713,2026-10-01,2027-09-30
4134,2,MI,Roscommon,Roscommon,Compass,Compass Minerals,,2027,seasonal_fill,100.0,79.68,7968.0,,33,deterministic_pdf,0.92,0.92,0.92,auto_accepted,,2026-08-27 20:03:55,https://www.michigan.gov/dtmb/-/media/Project/Websites/dtmb/Procurement/Contracts/022/260000000713.pdf?rev=044d384e33124f69856ff95f406d8b63&hash=EDE0618298A9461C637E9129261588D0,/Users/arshnoorkaur/Downloads/road_salt_tracker/data/raw/MI/doc_2.pdf,2026-08-27,MI,260000000713,2026-10-01,2027-09-30
4135,2,MI,Wexford,Cadillac,Compass,Compass Minerals,,2027,seasonal_fill,800.0,83.18,66544.0,,33,deterministic_pdf,0.92,0.92,0.92,auto_accepted,,2026-08-27 20:03:55,https://www.michigan.gov/dtmb/-/media/Project/Websites/dtmb/Procurement/Contracts/022/260000000713.pdf?rev=044d384e33124f69856ff95f406d8b63&hash=EDE0618298A9461C637E9129261588D0,/Users/arshnoorkaur/Downloads/road_salt_tracker/data/raw/MI/doc_2.pdf,2026-08-27,MI,260000000713,2026-10-01,2027-09-30
4136,2,MI,Wexford,Boon,Compass,Compass Minerals,,2027,seasonal_fill,1500.0,83.18,124770.0,,33,deterministic_pdf,0.92,0.92,0.92,auto_accepted,,2026-08-27 20:03:55,https://www.michigan.gov/dtmb/-/media/Project/Websites/dtmb/Procurement/Contracts/022/260000000713.pdf?rev=044d384e33124f69856ff95f406d8b63&hash=EDE0618298A9461C637E9129261588D0,/Users/arshnoorkaur/Downloads/road_salt_tracker/data/raw/MI/doc_2.pdf,2026-08-27,MI,260000000713,2026-10-01,2027-09-30
4137,2,MI,Allegan,Fennville,Compass,Compass Minerals,,2027,seasonal_fill,2000.0,75.26,150520.0,,33,deterministic_pdf,0.92,0.92,0.92,auto_accepted,,2026-08-27 20:03:55,https://www.michigan.gov/dtmb/-/media/Project/Websites/dtmb/Procurement/Contracts/022/260000000713.pdf?rev=044d384e33124f69856ff95f406d8b63&hash=EDE0618298A9461C637E9129261588D0,/Users/arshnoorkaur/Downloads/road_salt_tracker/data/raw/MI/doc_2.pdf,2026-08-27,MI,260000000713,2026-10-01,2027-09-30
4138,2,MI,Allegan,Plainwell,Compass,Compass Minerals,,2027,seasonal_fill,1500.0,75.26,112890.0,,33,deterministic_pdf,0.92,0.92,0.92,auto_accepted,,2026-08-27 20:03:55,https://www.michigan.gov/dtmb/-/media/Project/Websites/dtmb/Procurement/Contracts/022/260000000713.pdf?rev=044d384e33124f69856ff95f406d8b63&hash=EDE0618298A9461C637E9129261588D0,/Users/arshnoorkaur/Downloads/road_salt_tracker/data/raw/MI/doc_2.pdf,2026-08-27,MI,260000000713,2026-10-01,2027-09-30
4139,2,MI,Lake,Baldwin,Compass,Compass Minerals,,2027,seasonal_fill,1000.0,87.66,87660.0,,33,deterministic_pdf,0.92,0.92,0.92,auto_accepted,,2026-08-27 20:03:55,https://www.michigan.gov/dtmb/-/media/Project/Websites/dtmb/Procurement/Contracts/022/260000000713.pdf?rev=044d384e33124f69856ff95f406d8b63&hash=EDE0618298A9461C637E9129261588D0,/Users/arshnoorkaur/Downloads/road_salt_tracker/data/raw/MI/doc_2.pdf,2026-08-27,MI,260000000713,2026-10-01,2027-09-30
4140,2,MI,Mason,Scottville,Compass,Compass Minerals,,2027,seasonal_fill,2500.0,77.58,193950.0,,33,deterministic_pdf,0.92,0.92,0.92,auto_accepted,,2026-08-27 20:03:55,https://www.michigan.gov/dtmb/-/media/Project/Websites/dtmb/Procurement/Contracts/022/260000000713.pdf?rev=044d384e33124f69856ff95f406d8b63&hash=EDE0618298A9461C637E9129261588D0,/Users/arshnoorkaur/Downloads/road_salt_tracker/data/raw/MI/doc_2.pdf,2026-08-27,MI,260000000713,2026-10-01,2027-09-30
4141,2,MI,Mecosta,Big Rapids,Compass,Compass Minerals,,2027,seasonal_fill,1500.0,83.57,125355.0,,33,deterministic_pdf,0.92,0.92,0.92,auto_accepted,,2026-08-27 20:03:55,https://www.michigan.gov/dtmb/-/media/Project/Websites/dtmb/Procurement/Contracts/022/260000000713.pdf?rev=044d384e33124f69856ff95f406d8b63&hash=EDE0618298A9461C637E9129261588D0,/Users/arshnoorkaur/Downloads/road_salt_tracker/data/raw/MI/doc_2.pdf,2026-08-27,MI,260000000713,2026-10-01,2027-09-30
4142,2,MI,Mecosta,Morley,Compass,Compass Minerals,,2027,seasonal_fill,1100.0,83.57,91927.0,,33,deterministic_pdf,0.92,0.92,0.92,auto_accepted,,2026-08-27 20:03:55,https://www.michigan.gov/dtmb/-/media/Project/Websites/dtmb/Procurement/Contracts/022/260000000713.pdf?rev=044d384e33124f69856ff95f406d8b63&hash=EDE0618298A9461C637E9129261588D0,/Users/arshnoorkaur/Downloads/road_salt_tracker/data/raw/MI/doc_2.pdf,2026-08-27,MI,260000000713,2026-10-01,2027-09-30
4143,2,MI,Mecosta,Remus,Compass,Compass Minerals,,2027,seasonal_fill,600.0,83.57,50142.0,,33,deterministic_pdf,0.92,0.92,0.92,auto_accepted,,2026-08-27 20:03:55,https://www.michigan.gov/dtmb/-/media/Project/Websites/dtmb/Procurement/Contracts/022/260000000713.pdf?rev=044d384e33124f69856ff95f406d8b63&hash=EDE0618298A9461C637E9129261588D0,/Users/arshnoorkaur/Downloads/road_salt_tracker/data/raw/MI/doc_2.pdf,2026-08-27,MI,260000000713,2026-10-01,2027-09-30
4144,2,MI,Osceola,Marion,Compass,Compass Minerals,,2027,seasonal_fill,1500.0,88.82,133230.0,,33,deterministic_pdf,0.92,0.92,0.92,auto_accepted,,2026-08-27 20:03:55,https://www.michigan.gov/dtmb/-/media/Project/Websites/dtmb/Procurement/Contracts/022/260000000713.pdf?rev=044d384e33124f69856ff95f406d8b63&hash=EDE0618298A9461C637E9129261588D0,/Users/arshnoorkaur/Downloads/road_salt_tracker/data/raw/MI/doc_2.pdf,2026-08-27,MI,260000000713,2026-10-01,2027-09-30
4145,2,MI,Osceola,Reed City,Compass,Compass Minerals,,2027,seasonal_fill,2000.0,88.82,177640.0,,33,deterministic_pdf,0.92,0.92,0.92,auto_accepted,,2026-08-27 20:03:55,https://www.michigan.gov/dtmb/-/media/Project/Websites/dtmb/Procurement/Contracts/022/260000000713.pdf?rev=044d384e33124f69856ff95f406d8b63&hash=EDE0618298A9461C637E9129261588D0,/Users/arshnoorkaur/Downloads/road_salt_tracker/data/raw/MI/doc_2.pdf,2026-08-27,MI,260000000713,2026-10-01,2027-09-30
4146,2,MI,Isabella,Mt. Pleasant,Compass,Compass Minerals,,2027,seasonal_fill,1000.0,75.32,75320.0,,34,deterministic_pdf,0.92,0.92,0.92,auto_accepted,,2026-08-27 20:03:55,https://www.michigan.gov/dtmb/-/media/Project/Websites/dtmb/Procurement/Contracts/022/260000000713.pdf?rev=044d384e33124f69856ff95f406d8b63&hash=EDE0618298A9461C637E9129261588D0,/Users/arshnoorkaur/Downloads/road_salt_tracker/data/raw/MI/doc_2.pdf,2026-08-27,MI,260000000713,2026-10-01,2027-09-30
4147,2,MI,Midland,Sanford,Compass,Compass Minerals,,2027,seasonal_fill,1500.0,71.1,106650.0,,34,deterministic_pdf,0.92,0.92,0.92,auto_accepted,,2026-08-27 20:03:55,https://www.michigan.gov/dtmb/-/media/Project/Websites/dtmb/Procurement/Contracts/022/260000000713.pdf?rev=044d384e33124f69856ff95f406d8b63&hash=EDE0618298A9461C637E9129261588D0,/Users/arshnoorkaur/Downloads/road_salt_tracker/data/raw/MI/doc_2.pdf,2026-08-27,MI,260000000713,2026-10-01,2027-09-30
4148,2,MI,Saginaw,Saginaw West,Compass,Compass Minerals,,2027,seasonal_fill,1000.0,56.99,56990.0,,34,deterministic_pdf,0.92,0.92,0.92,auto_accepted,,2026-08-27 20:03:55,https://www.michigan.gov/dtmb/-/media/Project/Websites/dtmb/Procurement/Contracts/022/260000000713.pdf?rev=044d384e33124f69856ff95f406d8b63&hash=EDE0618298A9461C637E9129261588D0,/Users/arshnoorkaur/Downloads/road_salt_tracker/data/raw/MI/doc_2.pdf,2026-08-27,MI,260000000713,2026-10-01,2027-09-30
4149,2,MI,Saginaw,Saginaw East,Compass,Compass Minerals,,2027,seasonal_fill,2000.0,56.99,113980.0,,34,deterministic_pdf,0.92,0.92,0.92,auto_accepted,,2026-08-27 20:03:55,https://www.michigan.gov/dtmb/-/media/Project/Websites/dtmb/Procurement/Contracts/022/260000000713.pdf?rev=044d384e33124f69856ff95f406d8b63&hash=EDE0618298A9461C637E9129261588D0,/Users/arshnoorkaur/Downloads/road_salt_tracker/data/raw/MI/doc_2.pdf,2026-08-27,MI,260000000713,2026-10-01,2027-09-30
4150,2,MI,Alger,"MUNISING, CITY OF",Compass,Compass Minerals,,2027,early_fill,100.0,89.97,8997.0,,35,deterministic_pdf,0.92,0.92,0.92,auto_accepted,,2026-08-27 20:03:55,https://www.michigan.gov/dtmb/-/media/Project/Websites/dtmb/Procurement/Contracts/022/260000000713.pdf?rev=044d384e33124f69856ff95f406d8b63&hash=EDE0618298A9461C637E9129261588D0,/Users/arshnoorkaur/Downloads/road_salt_tracker/data/raw/MI/doc_2.pdf,2026-08-27,MI,260000000713,2026-10-01,2027-09-30
4151,2,MI,Alger,ALGER COUNTY ROAD COMMISSION,Compass,Compass Minerals,,2027,early_fill,350.0,89.97,31489.5,,35,deterministic_pdf,0.92,0.92,0.92,auto_accepted,,2026-08-27 20:03:55,https://www.michigan.gov/dtmb/-/media/Project/Websites/dtmb/Procurement/Contracts/022/260000000713.pdf?rev=044d384e33124f69856ff95f406d8b63&hash=EDE0618298A9461C637E9129261588D0,/Users/arshnoorkaur/Downloads/road_salt_tracker/data/raw/MI/doc_2.pdf,2026-08-27,MI,260000000713,2026-10-01,2027-09-30
4152,2,MI,Alger,ALGER COUNTY ROAD COMMISSION,Compass,Compass Minerals,,2027,early_fill,250.0,89.97,22492.5,,35,deterministic_pdf,0.92,0.92,0.92,auto_accepted,,2026-08-27 20:03:55,https://www.michigan.gov/dtmb/-/media/Project/Websites/dtmb/Procurement/Contracts/022/260000000713.pdf?rev=044d384e33124f69856ff95f406d8b63&hash=EDE0618298A9461C637E9129261588D0,/Users/arshnoorkaur/Downloads/road_salt_tracker/data/raw/MI/doc_2.pdf,2026-08-27,MI,260000000713,2026-10-01,2027-09-30
4153,2,MI,Alger,ALGER COUNTY ROAD COMMISSION,Compass,Compass Minerals,,2027,early_fill,50.0,89.97,4498.5,,35,deterministic_pdf,0.92,0.92,0.92,auto_accepted,,2026-08-27 20:03:55,https://www.michigan.gov/dtmb/-/media/Project/Websites/dtmb/Procurement/Contracts/022/260000000713.pdf?rev=044d384e33124f69856ff95f406d8b63&hash=EDE0618298A9461C637E9129261588D0,/Users/arshnoorkaur/Downloads/road_salt_tracker/data/raw/MI/doc_2.pdf,2026-08-27,MI,260000000713,2026-10-01,2027-09-30
4154,2,MI,Baraga,BARAGA COUNTY RD. COMMISSION,Compass,Compass Minerals,,2027,early_fill,100.0,101.45,10145.0,,35,deterministic_pdf,0.92,0.92,0.77,auto_accepted,price outlier for state/FY,2026-08-27 20:03:55,https://www.michigan.gov/dtmb/-/media/Project/Websites/dtmb/Procurement/Contracts/022/260000000713.pdf?rev=044d384e33124f69856ff95f406d8b63&hash=EDE0618298A9461C637E9129261588D0,/Users/arshnoorkaur/Downloads/road_salt_tracker/data/raw/MI/doc_2.pdf,2026-08-27,MI,260000000713,2026-10-01,2027-09-30
4155,2,MI,Baraga,"LANSE, VILLAGE OF",Compass,Compass Minerals,,2027,early_fill,200.0,101.45,20290.0,,35,deterministic_pdf,0.92,0.92,0.77,auto_accepted,price outlier for state/FY,2026-08-27 20:03:55,https://www.michigan.gov/dtmb/-/media/Project/Websites/dtmb/Procurement/Contracts/022/260000000713.pdf?rev=044d384e33124f69856ff95f406d8b63&hash=EDE0618298A9461C637E9129261588D0,/Users/arshnoorkaur/Downloads/road_salt_tracker/data/raw/MI/doc_2.pdf,2026-08-27,MI,260000000713,2026-10-01,2027-09-30
4156,2,MI,Baraga,"BARAGA, VILLAGE OF",Compass,Compass Minerals,,2027,early_fill,250.0,101.45,25362.5,,35,deterministic_pdf,0.92,0.92,0.77,auto_accepted,price outlier for state/FY,2026-08-27 20:03:55,https://www.michigan.gov/dtmb/-/media/Project/Websites/dtmb/Procurement/Contracts/022/260000000713.pdf?rev=044d384e33124f69856ff95f406d8b63&hash=EDE0618298A9461C637E9129261588D0,/Users/arshnoorkaur/Downloads/road_salt_tracker/data/raw/MI/doc_2.pdf,2026-08-27,MI,260000000713,2026-10-01,2027-09-30
4157,2,MI,Baraga,BARAGA COUNTY RD. COMMISSION,Compass,Compass Minerals,,2027,early_fill,50.0,101.45,5072.5,,35,deterministic_pdf,0.92,0.92,0.77,auto_accepted,price outlier for state/FY,2026-08-27 20:03:55,https://www.michigan.gov/dtmb/-/media/Project/Websites/dtmb/Procurement/Contracts/022/260000000713.pdf?rev=044d384e33124f69856ff95f406d8b63&hash=EDE0618298A9461C637E9129261588D0,/Users/arshnoorkaur/Downloads/road_salt_tracker/data/raw/MI/doc_2.pdf,2026-08-27,MI,260000000713,2026-10-01,2027-09-30
4158,2,MI,Delta,"OSF HEALTHCARE ST. FRANCIS HOSP AND
MED GROUP",Compass,Compass Minerals,,2027,early_fill,100.0,77.06,7706.0,,35,deterministic_pdf,0.92,0.92,0.92,auto_accepted,,2026-08-27 20:03:55,https://www.michigan.gov/dtmb/-/media/Project/Websites/dtmb/Procurement/Contracts/022/260000000713.pdf?rev=044d384e33124f69856ff95f406d8b63&hash=EDE0618298A9461C637E9129261588D0,/Users/arshnoorkaur/Downloads/road_salt_tracker/data/raw/MI/doc_2.pdf,2026-08-27,MI,260000000713,2026-10-01,2027-09-30
4159,2,MI,Delta,BAY DE NOC COMMUNITY COLLEGE,Compass,Compass Minerals,,2027,early_fill,50.0,77.06,3853.0,,35,deterministic_pdf,0.92,0.92,0.92,auto_accepted,,2026-08-27 20:03:55,https://www.michigan.gov/dtmb/-/media/Project/Websites/dtmb/Procurement/Contracts/022/260000000713.pdf?rev=044d384e33124f69856ff95f406d8b63&hash=EDE0618298A9461C637E9129261588D0,/Users/arshnoorkaur/Downloads/road_salt_tracker/data/raw/MI/doc_2.pdf,2026-08-27,MI,260000000713,2026-10-01,2027-09-30
4160,2,MI,Delta,DELTA COUNTY ROAD COMMISSION,Compass,Compass Minerals,,2027,early_fill,800.0,77.06,61648.0,,35,deterministic_pdf,0.92,0.92,0.92,auto_accepted,,2026-08-27 20:03:55,https://www.michigan.gov/dtmb/-/media/Project/Websites/dtmb/Procurement/Contracts/022/260000000713.pdf?rev=044d384e33124f69856ff95f406d8b63&hash=EDE0618298A9461C637E9129261588D0,/Users/arshnoorkaur/Downloads/road_salt_tracker/data/raw/MI/doc_2.pdf,2026-08-27,MI,260000000713,2026-10-01,2027-09-30
4161,2,MI,Delta,DELTA COUNTY ROAD COMMISSION,Compass,Compass Minerals,,2027,early_fill,1500.0,77.06,115590.0,,35,deterministic_pdf,0.92,0.92,0.92,auto_accepted,,2026-08-27 20:03:55,https://www.michigan.gov/dtmb/-/media/Project/Websites/dtmb/Procurement/Contracts/022/260000000713.pdf?rev=044d384e33124f69856ff95f406d8b63&hash=EDE0618298A9461C637E9129261588D0,/Users/arshnoorkaur/Downloads/road_salt_tracker/data/raw/MI/doc_2.pdf,2026-08-27,MI,260000000713,2026-10-01,2027-09-30
4162,2,MI,Delta,"ESCANABA, CITY OF",Compass,Compass Minerals,,2027,early_fill,600.0,77.06,46236.0,,35,deterministic_pdf,0.92,0.92,0.92,auto_accepted,,2026-08-27 20:03:55,https://www.michigan.gov/dtmb/-/media/Project/Websites/dtmb/Procurement/Contracts/022/260000000713.pdf?rev=044d384e33124f69856ff95f406d8b63&hash=EDE0618298A9461C637E9129261588D0,/Users/arshnoorkaur/Downloads/road_salt_tracker/data/raw/MI/doc_2.pdf,2026-08-27,MI,260000000713,2026-10-01,2027-09-30
4163,2,MI,Delta,"GLADSTONE, CITY OF",Compass,Compass Minerals,,2027,early_fill,100.0,77.06,7706.0,,35,deterministic_pdf,0.92,0.92,0.92,auto_accepted,,2026-08-27 20:03:55,https://www.michigan.gov/dtmb/-/media/Project/Websites/dtmb/Procurement/Contracts/022/260000000713.pdf?rev=044d384e33124f69856ff95f406d8b63&hash=EDE0618298A9461C637E9129261588D0,/Users/arshnoorkaur/Downloads/road_salt_tracker/data/raw/MI/doc_2.pdf,2026-08-27,MI,260000000713,2026-10-01,2027-09-30
4164,2,MI,Dickinson,"NORWAY, CITY OF",Compass,Compass Minerals,,2027,early_fill,100.0,86.8,8680.0,,35,deterministic_pdf,0.92,0.92,0.92,auto_accepted,,2026-08-27 20:03:55,https://www.michigan.gov/dtmb/-/media/Project/Websites/dtmb/Procurement/Contracts/022/260000000713.pdf?rev=044d384e33124f69856ff95f406d8b63&hash=EDE0618298A9461C637E9129261588D0,/Users/arshnoorkaur/Downloads/road_salt_tracker/data/raw/MI/doc_2.pdf,2026-08-27,MI,260000000713,2026-10-01,2027-09-30
4165,2,MI,Dickinson,DICKINSON COUNTY ROAD COMMISSION,Compass,Compass Minerals,,2027,early_fill,1000.0,86.8,86800.0,,35,deterministic_pdf,0.92,0.92,0.92,auto_accepted,,2026-08-27 20:03:55,https://www.michigan.gov/dtmb/-/media/Project/Websites/dtmb/Procurement/Contracts/022/260000000713.pdf?rev=044d384e33124f69856ff95f406d8b63&hash=EDE0618298A9461C637E9129261588D0,/Users/arshnoorkaur/Downloads/road_salt_tracker/data/raw/MI/doc_2.pdf,2026-08-27,MI,260000000713,2026-10-01,2027-09-30
4166,2,MI,Dickinson,"KINGSFORD, CITY OF",Compass,Compass Minerals,,2027,early_fill,500.0,86.8,43400.0,,35,deterministic_pdf,0.92,0.92,0.92,auto_accepted,,2026-08-27 20:03:55,https://www.michigan.gov/dtmb/-/media/Project/Websites/dtmb/Procurement/Contracts/022/260000000713.pdf?rev=044d384e33124f69856ff95f406d8b63&hash=EDE0618298A9461C637E9129261588D0,/Users/arshnoorkaur/Downloads/road_salt_tracker/data/raw/MI/doc_2.pdf,2026-08-27,MI,260000000713,2026-10-01,2027-09-30
4167,2,MI,Dickinson,"IRON MOUNTAIN, CITY OF",Compass,Compass Minerals,,2027,early_fill,1000.0,86.8,86800.0,,35,deterministic_pdf,0.92,0.92,0.92,auto_accepted,,2026-08-27 20:03:55,https://www.michigan.gov/dtmb/-/media/Project/Websites/dtmb/Procurement/Contracts/022/260000000713.pdf?rev=044d384e33124f69856ff95f406d8b63&hash=EDE0618298A9461C637E9129261588D0,/Users/arshnoorkaur/Downloads/road_salt_tracker/data/raw/MI/doc_2.pdf,2026-08-27,MI,260000000713,2026-10-01,2027-09-30
4168,2,MI,Gogebic,"BESSEMER, CITY OF",Compass,Compass Minerals,,2027,early_fill,150.0,114.74,17211.0,,35,deterministic_pdf,0.92,0.92,0.77,auto_accepted,price outlier for state/FY,2026-08-27 20:03:55,https://www.michigan.gov/dtmb/-/media/Project/Websites/dtmb/Procurement/Contracts/022/260000000713.pdf?rev=044d384e33124f69856ff95f406d8b63&hash=EDE0618298A9461C637E9129261588D0,/Users/arshnoorkaur/Downloads/road_salt_tracker/data/raw/MI/doc_2.pdf,2026-08-27,MI,260000000713,2026-10-01,2027-09-30
4169,2,MI,Gogebic,"IRONWOOD, CITY OF",Compass,Compass Minerals,,2027,early_fill,700.0,114.74,80318.0,,35,deterministic_pdf,0.92,0.92,0.77,auto_accepted,price outlier for state/FY,2026-08-27 20:03:55,https://www.michigan.gov/dtmb/-/media/Project/Websites/dtmb/Procurement/Contracts/022/260000000713.pdf?rev=044d384e33124f69856ff95f406d8b63&hash=EDE0618298A9461C637E9129261588D0,/Users/arshnoorkaur/Downloads/road_salt_tracker/data/raw/MI/doc_2.pdf,2026-08-27,MI,260000000713,2026-10-01,2027-09-30
4170,2,MI,Gogebic,"WAKEFIELD, CITY OF",Compass,Compass Minerals,,2027,early_fill,150.0,114.74,17211.0,,35,deterministic_pdf,0.92,0.92,0.77,auto_accepted,price outlier for state/FY,2026-08-27 20:03:55,https://www.michigan.gov/dtmb/-/media/Project/Websites/dtmb/Procurement/Contracts/022/260000000713.pdf?rev=044d384e33124f69856ff95f406d8b63&hash=EDE0618298A9461C637E9129261588D0,/Users/arshnoorkaur/Downloads/road_salt_tracker/data/raw/MI/doc_2.pdf,2026-08-27,MI,260000000713,2026-10-01,2027-09-30
4171,2,MI,Gogebic,GOGEBIC COUNTY ROAD COMMISSION,Compass,Compass Minerals,,2027,early_fill,50.0,114.74,5737.0,,35,deterministic_pdf,0.92,0.92,0.77,auto_accepted,price outlier for state/FY,2026-08-27 20:03:55,https://www.michigan.gov/dtmb/-/media/Project/Websites/dtmb/Procurement/Contracts/022/260000000713.pdf?rev=044d384e33124f69856ff95f406d8b63&hash=EDE0618298A9461C637E9129261588D0,/Users/arshnoorkaur/Downloads/road_salt_tracker/data/raw/MI/doc_2.pdf,2026-08-27,MI,260000000713,2026-10-01,2027-09-30
4172,2,MI,Gogebic,GOGEBIC COUNTY ROAD COMMISSION,Compass,Compass Minerals,,2027,early_fill,100.0,114.74,11474.0,,35,deterministic_pdf,0.92,0.92,0.77,auto_accepted,price outlier for state/FY,2026-08-27 20:03:55,https://www.michigan.gov/dtmb/-/media/Project/Websites/dtmb/Procurement/Contracts/022/260000000713.pdf?rev=044d384e33124f69856ff95f406d8b63&hash=EDE0618298A9461C637E9129261588D0,/Users/arshnoorkaur/Downloads/road_salt_tracker/data/raw/MI/doc_2.pdf,2026-08-27,MI,260000000713,2026-10-01,2027-09-30
4173,2,MI,Houghton,HOUGHTON COUNTY ROAD COMMISSION,Compass,Compass Minerals,,2027,early_fill,300.0,97.36,29208.0,,35,deterministic_pdf,0.92,0.92,0.77,auto_accepted,price outlier for state/FY,2026-08-27 20:03:55,https://www.michigan.gov/dtmb/-/media/Project/Websites/dtmb/Procurement/Contracts/022/260000000713.pdf?rev=044d384e33124f69856ff95f406d8b63&hash=EDE0618298A9461C637E9129261588D0,/Users/arshnoorkaur/Downloads/road_salt_tracker/data/raw/MI/doc_2.pdf,2026-08-27,MI,260000000713,2026-10-01,2027-09-30
4174,2,MI,Houghton,HOUGHTON COUNTY ROAD COMMISSION,Compass,Compass Minerals,,2027,early_fill,1350.0,97.36,131436.0,,35,deterministic_pdf,0.92,0.92,0.77,auto_accepted,price outlier for state/FY,2026-08-27 20:03:55,https://www.michigan.gov/dtmb/-/media/Project/Websites/dtmb/Procurement/Contracts/022/260000000713.pdf?rev=044d384e33124f69856ff95f406d8b63&hash=EDE0618298A9461C637E9129261588D0,/Users/arshnoorkaur/Downloads/road_salt_tracker/data/raw/MI/doc_2.pdf,2026-08-27,MI,260000000713,2026-10-01,2027-09-30
4175,2,MI,Houghton,"CALUMET, VILLAGE OF",Compass,Compass Minerals,,2027,early_fill,50.0,97.36,4868.0,,35,deterministic_pdf,0.92,0.92,0.77,auto_accepted,price outlier for state/FY,2026-08-27 20:03:55,https://www.michigan.gov/dtmb/-/media/Project/Websites/dtmb/Procurement/Contracts/022/260000000713.pdf?rev=044d384e33124f69856ff95f406d8b63&hash=EDE0618298A9461C637E9129261588D0,/Users/arshnoorkaur/Downloads/road_salt_tracker/data/raw/MI/doc_2.pdf,2026-08-27,MI,260000000713,2026-10-01,2027-09-30
4176,2,MI,Houghton,"HOUGHTON, CITY OF",Compass,Compass Minerals,,2027,early_fill,1800.0,97.36,175248.0,,35,deterministic_pdf,0.92,0.92,0.77,auto_accepted,price outlier for state/FY,2026-08-27 20:03:55,https://www.michigan.gov/dtmb/-/media/Project/Websites/dtmb/Procurement/Contracts/022/260000000713.pdf?rev=044d384e33124f69856ff95f406d8b63&hash=EDE0618298A9461C637E9129261588D0,/Users/arshnoorkaur/Downloads/road_salt_tracker/data/raw/MI/doc_2.pdf,2026-08-27,MI,260000000713,2026-10-01,2027-09-30
4177,2,MI,Houghton,"HANCOCK, CITY OF",Compass,Compass Minerals,,2027,early_fill,650.0,97.36,63284.0,,35,deterministic_pdf,0.92,0.92,0.77,auto_accepted,price outlier for state/FY,2026-08-27 20:03:55,https://www.michigan.gov/dtmb/-/media/Project/Websites/dtmb/Procurement/Contracts/022/260000000713.pdf?rev=044d384e33124f69856ff95f406d8b63&hash=EDE0618298A9461C637E9129261588D0,/Users/arshnoorkaur/Downloads/road_salt_tracker/data/raw/MI/doc_2.pdf,2026-08-27,MI,260000000713,2026-10-01,2027-09-30
4178,2,MI,Houghton,"LAKE LINDEN, VILLAGE OF",Compass,Compass Minerals,,2027,early_fill,100.0,97.36,9736.0,,35,deterministic_pdf,0.92,0.92,0.77,auto_accepted,price outlier for state/FY,2026-08-27 20:03:55,https://www.michigan.gov/dtmb/-/media/Project/Websites/dtmb/Procurement/Contracts/022/260000000713.pdf?rev=044d384e33124f69856ff95f406d8b63&hash=EDE0618298A9461C637E9129261588D0,/Users/arshnoorkaur/Downloads/road_salt_tracker/data/raw/MI/doc_2.pdf,2026-08-27,MI,260000000713,2026-10-01,2027-09-30
4179,2,MI,Houghton,"LAURIUM, VILLAGE OF",Compass,Compass Minerals,,2027,early_fill,100.0,97.36,9736.0,,35,deterministic_pdf,0.92,0.92,0.77,auto_accepted,price outlier for state/FY,2026-08-27 20:03:55,https://www.michigan.gov/dtmb/-/media/Project/Websites/dtmb/Procurement/Contracts/022/260000000713.pdf?rev=044d384e33124f69856ff95f406d8b63&hash=EDE0618298A9461C637E9129261588D0,/Users/arshnoorkaur/Downloads/road_salt_tracker/data/raw/MI/doc_2.pdf,2026-08-27,MI,260000000713,2026-10-01,2027-09-30
4180,2,MI,Iron,"IRON RIVER, CITY OF",Compass,Compass Minerals,,2027,early_fill,250.0,94.25,23562.5,,35,deterministic_pdf,0.92,0.92,0.92,auto_accepted,,2026-08-27 20:03:55,https://www.michigan.gov/dtmb/-/media/Project/Websites/dtmb/Procurement/Contracts/022/260000000713.pdf?rev=044d384e33124f69856ff95f406d8b63&hash=EDE0618298A9461C637E9129261588D0,/Users/arshnoorkaur/Downloads/road_salt_tracker/data/raw/MI/doc_2.pdf,2026-08-27,MI,260000000713,2026-10-01,2027-09-30
4181,2,MI,Iron,IRON COUNTY ROAD COMMISSION,Compass,Compass Minerals,,2027,early_fill,50.0,94.25,4712.5,,35,deterministic_pdf,0.92,0.92,0.92,auto_accepted,,2026-08-27 20:03:55,https://www.michigan.gov/dtmb/-/media/Project/Websites/dtmb/Procurement/Contracts/022/260000000713.pdf?rev=044d384e33124f69856ff95f406d8b63&hash=EDE0618298A9461C637E9129261588D0,/Users/arshnoorkaur/Downloads/road_salt_tracker/data/raw/MI/doc_2.pdf,2026-08-27,MI,260000000713,2026-10-01,2027-09-30
4182,2,MI,Iron,"CRYSTAL FALLS, CITY OF",Compass,Compass Minerals,,2027,early_fill,250.0,94.25,23562.5,,35,deterministic_pdf,0.92,0.92,0.92,auto_accepted,,2026-08-27 20:03:55,https://www.michigan.gov/dtmb/-/media/Project/Websites/dtmb/Procurement/Contracts/022/260000000713.pdf?rev=044d384e33124f69856ff95f406d8b63&hash=EDE0618298A9461C637E9129261588D0,/Users/arshnoorkaur/Downloads/road_salt_tracker/data/raw/MI/doc_2.pdf,2026-08-27,MI,260000000713,2026-10-01,2027-09-30
4183,2,MI,Iron,CASPIAN CITY,Compass,Compass Minerals,,2027,early_fill,50.0,94.25,4712.5,,35,deterministic_pdf,0.92,0.92,0.92,auto_accepted,,2026-08-27 20:03:55,https://www.michigan.gov/dtmb/-/media/Project/Websites/dtmb/Procurement/Contracts/022/260000000713.pdf?rev=044d384e33124f69856ff95f406d8b63&hash=EDE0618298A9461C637E9129261588D0,/Users/arshnoorkaur/Downloads/road_salt_tracker/data/raw/MI/doc_2.pdf,2026-08-27,MI,260000000713,2026-10-01,2027-09-30
4184,2,MI,Keweenaw,KEWEENAW COUNTY ROAD COMMISSION,Compass,Compass Minerals,,2027,early_fill,250.0,97.99,24497.5,,35,deterministic_pdf,0.92,0.92,0.77,auto_accepted,price outlier for state/FY,2026-08-27 20:03:55,https://www.michigan.gov/dtmb/-/media/Project/Websites/dtmb/Procurement/Contracts/022/260000000713.pdf?rev=044d384e33124f69856ff95f406d8b63&hash=EDE0618298A9461C637E9129261588D0,/Users/arshnoorkaur/Downloads/road_salt_tracker/data/raw/MI/doc_2.pdf,2026-08-27,MI,260000000713,2026-10-01,2027-09-30
4185,2,MI,Luce,LUCE COUNTY ROAD COMMISSION,Compass,Compass Minerals,,2027,early_fill,100.0,95.34,9534.0,,35,deterministic_pdf,0.92,0.92,0.77,auto_accepted,price outlier for state/FY,2026-08-27 20:03:55,https://www.michigan.gov/dtmb/-/media/Project/Websites/dtmb/Procurement/Contracts/022/260000000713.pdf?rev=044d384e33124f69856ff95f406d8b63&hash=EDE0618298A9461C637E9129261588D0,/Users/arshnoorkaur/Downloads/road_salt_tracker/data/raw/MI/doc_2.pdf,2026-08-27,MI,260000000713,2026-10-01,2027-09-30
4186,2,MI,Luce,LUCE COUNTY ROAD COMMISSION,Compass,Compass Minerals,,2027,early_fill,950.0,95.34,90573.0,,35,deterministic_pdf,0.92,0.92,0.77,auto_accepted,price outlier for state/FY,2026-08-27 20:03:55,https://www.michigan.gov/dtmb/-/media/Project/Websites/dtmb/Procurement/Contracts/022/260000000713.pdf?rev=044d384e33124f69856ff95f406d8b63&hash=EDE0618298A9461C637E9129261588D0,/Users/arshnoorkaur/Downloads/road_salt_tracker/data/raw/MI/doc_2.pdf,2026-08-27,MI,260000000713,2026-10-01,2027-09-30
4187,2,MI,Marquette,"MARQUETTE, CITY OF",Compass,Compass Minerals,,2027,early_fill,2000.0,89.03,178060.0,,35,deterministic_pdf,0.92,0.92,0.92,auto_accepted,,2026-08-27 20:03:55,https://www.michigan.gov/dtmb/-/media/Project/Websites/dtmb/Procurement/Contracts/022/260000000713.pdf?rev=044d384e33124f69856ff95f406d8b63&hash=EDE0618298A9461C637E9129261588D0,/Users/arshnoorkaur/Downloads/road_salt_tracker/data/raw/MI/doc_2.pdf,2026-08-27,MI,260000000713,2026-10-01,2027-09-30
4188,2,MI,Marquette,"NEGAUNEE, CITY OF",Compass,Compass Minerals,,2027,early_fill,400.0,89.03,35612.0,,35,deterministic_pdf,0.92,0.92,0.92,auto_accepted,,2026-08-27 20:03:55,https://www.michigan.gov/dtmb/-/media/Project/Websites/dtmb/Procurement/Contracts/022/260000000713.pdf?rev=044d384e33124f69856ff95f406d8b63&hash=EDE0618298A9461C637E9129261588D0,/Users/arshnoorkaur/Downloads/road_salt_tracker/data/raw/MI/doc_2.pdf,2026-08-27,MI,260000000713,2026-10-01,2027-09-30
4189,2,MI,Marquette,NORTHERN MICHIGAN UNIVERSITY,Compass,Compass Minerals,,2027,early_fill,600.0,89.03,53418.0,,35,deterministic_pdf,0.92,0.92,0.92,auto_accepted,,2026-08-27 20:03:55,https://www.michigan.gov/dtmb/-/media/Project/Websites/dtmb/Procurement/Contracts/022/260000000713.pdf?rev=044d384e33124f69856ff95f406d8b63&hash=EDE0618298A9461C637E9129261588D0,/Users/arshnoorkaur/Downloads/road_salt_tracker/data/raw/MI/doc_2.pdf,2026-08-27,MI,260000000713,2026-10-01,2027-09-30
4190,2,MI,Marquette,MARQUETTE COUNTY ROAD COMMISSION,Compass,Compass Minerals,,2027,early_fill,2000.0,89.03,178060.0,,35,deterministic_pdf,0.92,0.92,0.92,auto_accepted,,2026-08-27 20:03:55,https://www.michigan.gov/dtmb/-/media/Project/Websites/dtmb/Procurement/Contracts/022/260000000713.pdf?rev=044d384e33124f69856ff95f406d8b63&hash=EDE0618298A9461C637E9129261588D0,/Users/arshnoorkaur/Downloads/road_salt_tracker/data/raw/MI/doc_2.pdf,2026-08-27,MI,260000000713,2026-10-01,2027-09-30
4191,2,MI,Marquette,MARQUETTE COUNTY ROAD COMMISSION,Compass,Compass Minerals,,2027,early_fill,1050.0,89.03,93481.5,,35,deterministic_pdf,0.92,0.92,0.92,auto_accepted,,2026-08-27 20:03:55,https://www.michigan.gov/dtmb/-/media/Project/Websites/dtmb/Procurement/Contracts/022/260000000713.pdf?rev=044d384e33124f69856ff95f406d8b63&hash=EDE0618298A9461C637E9129261588D0,/Users/arshnoorkaur/Downloads/road_salt_tracker/data/raw/MI/doc_2.pdf,2026-08-27,MI,260000000713,2026-10-01,2027-09-30
4192,2,MI,Marquette,"ISHPEMING, CITY OF",Compass,Compass Minerals,,2027,early_fill,500.0,89.03,44515.0,,36,deterministic_pdf,0.92,0.92,0.92,auto_accepted,,2026-08-27 20:03:55,https://www.michigan.gov/dtmb/-/media/Project/Websites/dtmb/Procurement/Contracts/022/260000000713.pdf?rev=044d384e33124f69856ff95f406d8b63&hash=EDE0618298A9461C637E9129261588D0,/Users/arshnoorkaur/Downloads/road_salt_tracker/data/raw/MI/doc_2.pdf,2026-08-27,MI,260000000713,2026-10-01,2027-09-30
4193,2,MI,Menominee,HANNAHVILLE INDIAN COMMUNITY,Compass,Compass Minerals,,2027,early_fill,200.0,87.81,17562.0,,36,deterministic_pdf,0.92,0.92,0.92,auto_accepted,,2026-08-27 20:03:55,https://www.michigan.gov/dtmb/-/media/Project/Websites/dtmb/Procurement/Contracts/022/260000000713.pdf?rev=044d384e33124f69856ff95f406d8b63&hash=EDE0618298A9461C637E9129261588D0,/Users/arshnoorkaur/Downloads/road_salt_tracker/data/raw/MI/doc_2.pdf,2026-08-27,MI,260000000713,2026-10-01,2027-09-30
4194,2,MI,Menominee,MENOMINEE COUNTY ROAD COMMISSION,Compass,Compass Minerals,,2027,early_fill,50.0,87.81,4390.5,,36,deterministic_pdf,0.92,0.92,0.92,auto_accepted,,2026-08-27 20:03:55,https://www.michigan.gov/dtmb/-/media/Project/Websites/dtmb/Procurement/Contracts/022/260000000713.pdf?rev=044d384e33124f69856ff95f406d8b63&hash=EDE0618298A9461C637E9129261588D0,/Users/arshnoorkaur/Downloads/road_salt_tracker/data/raw/MI/doc_2.pdf,2026-08-27,MI,260000000713,2026-10-01,2027-09-30
4195,2,MI,Menominee,MENOMINEE COUNTY ROAD COMMISSION,Compass,Compass Minerals,,2027,early_fill,100.0,87.81,8781.0,,36,deterministic_pdf,0.92,0.92,0.92,auto_accepted,,2026-08-27 20:03:55,https://www.michigan.gov/dtmb/-/media/Project/Websites/dtmb/Procurement/Contracts/022/260000000713.pdf?rev=044d384e33124f69856ff95f406d8b63&hash=EDE0618298A9461C637E9129261588D0,/Users/arshnoorkaur/Downloads/road_salt_tracker/data/raw/MI/doc_2.pdf,2026-08-27,MI,260000000713,2026-10-01,2027-09-30
4196,2,MI,Ontonagon,"ONTONAGON, VILLAGE OF",Compass,Compass Minerals,,2027,early_fill,100.0,105.96,10596.0,,36,deterministic_pdf,0.92,0.92,0.77,auto_accepted,price outlier for state/FY,2026-08-27 20:03:55,https://www.michigan.gov/dtmb/-/media/Project/Websites/dtmb/Procurement/Contracts/022/260000000713.pdf?rev=044d384e33124f69856ff95f406d8b63&hash=EDE0618298A9461C637E9129261588D0,/Users/arshnoorkaur/Downloads/road_salt_tracker/data/raw/MI/doc_2.pdf,2026-08-27,MI,260000000713,2026-10-01,2027-09-30
4197,2,MI,Ontonagon,Ontonagon County Road Commission,Compass,Compass Minerals,,2027,early_fill,200.0,105.96,21192.0,,36,deterministic_pdf,0.92,0.92,0.77,auto_accepted,price outlier for state/FY,2026-08-27 20:03:55,https://www.michigan.gov/dtmb/-/media/Project/Websites/dtmb/Procurement/Contracts/022/260000000713.pdf?rev=044d384e33124f69856ff95f406d8b63&hash=EDE0618298A9461C637E9129261588D0,/Users/arshnoorkaur/Downloads/road_salt_tracker/data/raw/MI/doc_2.pdf,2026-08-27,MI,260000000713,2026-10-01,2027-09-30
4198,2,MI,Schoolcraft,"MANISTIQUE, CITY OF",Compass,Compass Minerals,,2027,early_fill,500.0,89.23,44615.0,,36,deterministic_pdf,0.92,0.92,0.92,auto_accepted,,2026-08-27 20:03:55,https://www.michigan.gov/dtmb/-/media/Project/Websites/dtmb/Procurement/Contracts/022/260000000713.pdf?rev=044d384e33124f69856ff95f406d8b63&hash=EDE0618298A9461C637E9129261588D0,/Users/arshnoorkaur/Downloads/road_salt_tracker/data/raw/MI/doc_2.pdf,2026-08-27,MI,260000000713,2026-10-01,2027-09-30
4199,2,MI,Schoolcraft,"SCHOOLCRAFT COUNTY ROAD
COMMISSION",Compass,Compass Minerals,,2027,early_fill,600.0,89.23,53538.0,,36,deterministic_pdf,0.92,0.92,0.92,auto_accepted,,2026-08-27 20:03:55,https://www.michigan.gov/dtmb/-/media/Project/Websites/dtmb/Procurement/Contracts/022/260000000713.pdf?rev=044d384e33124f69856ff95f406d8b63&hash=EDE0618298A9461C637E9129261588D0,/Users/arshnoorkaur/Downloads/road_salt_tracker/data/raw/MI/doc_2.pdf,2026-08-27,MI,260000000713,2026-10-01,2027-09-30
4200,2,MI,Schoolcraft,"SCHOOLCRAFT COUNTY ROAD
COMMISSION",Compass,Compass Minerals,,2027,early_fill,300.0,89.23,26769.0,,36,deterministic_pdf,0.92,0.92,0.92,auto_accepted,,2026-08-27 20:03:55,https://www.michigan.gov/dtmb/-/media/Project/Websites/dtmb/Procurement/Contracts/022/260000000713.pdf?rev=044d384e33124f69856ff95f406d8b63&hash=EDE0618298A9461C637E9129261588D0,/Users/arshnoorkaur/Downloads/road_salt_tracker/data/raw/MI/doc_2.pdf,2026-08-27,MI,260000000713,2026-10-01,2027-09-30
4201,2,MI,Alcona,ALCONA COUNTY ROAD COMMISSION,Compass,Compass Minerals,,2027,early_fill,2000.0,72.79,145580.0,,36,deterministic_pdf,0.92,0.92,0.92,auto_accepted,,2026-08-27 20:03:55,https://www.michigan.gov/dtmb/-/media/Project/Websites/dtmb/Procurement/Contracts/022/260000000713.pdf?rev=044d384e33124f69856ff95f406d8b63&hash=EDE0618298A9461C637E9129261588D0,/Users/arshnoorkaur/Downloads/road_salt_tracker/data/raw/MI/doc_2.pdf,2026-08-27,MI,260000000713,2026-10-01,2027-09-30
4202,2,MI,Alpena,ALPENA COMMUNITY COLLEGE,Compass,Compass Minerals,,2027,early_fill,50.0,72.82,3641.0,,36,deterministic_pdf,0.92,0.92,0.92,auto_accepted,,2026-08-27 20:03:55,https://www.michigan.gov/dtmb/-/media/Project/Websites/dtmb/Procurement/Contracts/022/260000000713.pdf?rev=044d384e33124f69856ff95f406d8b63&hash=EDE0618298A9461C637E9129261588D0,/Users/arshnoorkaur/Downloads/road_salt_tracker/data/raw/MI/doc_2.pdf,2026-08-27,MI,260000000713,2026-10-01,2027-09-30
4203,2,MI,Alpena,"ALPENA, CITY OF",Compass,Compass Minerals,,2027,early_fill,1800.0,72.82,131076.0,,36,deterministic_pdf,0.92,0.92,0.92,auto_accepted,,2026-08-27 20:03:55,https://www.michigan.gov/dtmb/-/media/Project/Websites/dtmb/Procurement/Contracts/022/260000000713.pdf?rev=044d384e33124f69856ff95f406d8b63&hash=EDE0618298A9461C637E9129261588D0,/Users/arshnoorkaur/Downloads/road_salt_tracker/data/raw/MI/doc_2.pdf,2026-08-27,MI,260000000713,2026-10-01,2027-09-30
4204,2,MI,Alpena,ALPENA COUNTY ROAD COMMISSION,Compass,Compass Minerals,,2027,early_fill,1500.0,72.82,109230.0,,36,deterministic_pdf,0.92,0.92,0.92,auto_accepted,,2026-08-27 20:03:55,https://www.michigan.gov/dtmb/-/media/Project/Websites/dtmb/Procurement/Contracts/022/260000000713.pdf?rev=044d384e33124f69856ff95f406d8b63&hash=EDE0618298A9461C637E9129261588D0,/Users/arshnoorkaur/Downloads/road_salt_tracker/data/raw/MI/doc_2.pdf,2026-08-27,MI,260000000713,2026-10-01,2027-09-30
4205,2,MI,Benzie,BENZIE COUNTY ROAD COMMISSION,Compass,Compass Minerals,,2027,early_fill,1000.0,82.77,82770.0,,36,deterministic_pdf,0.92,0.92,0.92,auto_accepted,,2026-08-27 20:03:55,https://www.michigan.gov/dtmb/-/media/Project/Websites/dtmb/Procurement/Contracts/022/260000000713.pdf?rev=044d384e33124f69856ff95f406d8b63&hash=EDE0618298A9461C637E9129261588D0,/Users/arshnoorkaur/Downloads/road_salt_tracker/data/raw/MI/doc_2.pdf,2026-08-27,MI,260000000713,2026-10-01,2027-09-30
4206,2,MI,Cheboygan,"CHEBOYGAN, CITY OF",Compass,Compass Minerals,,2027,early_fill,500.0,81.71,40855.0,,36,deterministic_pdf,0.92,0.92,0.92,auto_accepted,,2026-08-27 20:03:55,https://www.michigan.gov/dtmb/-/media/Project/Websites/dtmb/Procurement/Contracts/022/260000000713.pdf?rev=044d384e33124f69856ff95f406d8b63&hash=EDE0618298A9461C637E9129261588D0,/Users/arshnoorkaur/Downloads/road_salt_tracker/data/raw/MI/doc_2.pdf,2026-08-27,MI,260000000713,2026-10-01,2027-09-30
4207,2,MI,Cheboygan,CHEBOYGAN COUNTY ROAD COMMISSION,Compass,Compass Minerals,,2027,early_fill,500.0,81.71,40855.0,,36,deterministic_pdf,0.92,0.92,0.92,auto_accepted,,2026-08-27 20:03:55,https://www.michigan.gov/dtmb/-/media/Project/Websites/dtmb/Procurement/Contracts/022/260000000713.pdf?rev=044d384e33124f69856ff95f406d8b63&hash=EDE0618298A9461C637E9129261588D0,/Users/arshnoorkaur/Downloads/road_salt_tracker/data/raw/MI/doc_2.pdf,2026-08-27,MI,260000000713,2026-10-01,2027-09-30
4208,2,MI,Cheboygan,CHEBOYGAN COUNTY ROAD COMMISSION,Compass,Compass Minerals,,2027,early_fill,2200.0,81.71,179762.0,,36,deterministic_pdf,0.92,0.92,0.92,auto_accepted,,2026-08-27 20:03:55,https://www.michigan.gov/dtmb/-/media/Project/Websites/dtmb/Procurement/Contracts/022/260000000713.pdf?rev=044d384e33124f69856ff95f406d8b63&hash=EDE0618298A9461C637E9129261588D0,/Users/arshnoorkaur/Downloads/road_salt_tracker/data/raw/MI/doc_2.pdf,2026-08-27,MI,260000000713,2026-10-01,2027-09-30
4209,2,MI,Cheboygan,CHEBOYGAN COUNTY ROAD COMMISSION,Compass,Compass Minerals,,2027,early_fill,300.0,81.71,24513.0,,36,deterministic_pdf,0.92,0.92,0.92,auto_accepted,,2026-08-27 20:03:55,https://www.michigan.gov/dtmb/-/media/Project/Websites/dtmb/Procurement/Contracts/022/260000000713.pdf?rev=044d384e33124f69856ff95f406d8b63&hash=EDE0618298A9461C637E9129261588D0,/Users/arshnoorkaur/Downloads/road_salt_tracker/data/raw/MI/doc_2.pdf,2026-08-27,MI,260000000713,2026-10-01,2027-09-30
4210,2,MI,Emmet,PETOSKEY PUBLIC SCHOOLS,Compass,Compass Minerals,,2027,early_fill,150.0,83.57,12535.5,,36,deterministic_pdf,0.92,0.92,0.92,auto_accepted,,2026-08-27 20:03:55,https://www.michigan.gov/dtmb/-/media/Project/Websites/dtmb/Procurement/Contracts/022/260000000713.pdf?rev=044d384e33124f69856ff95f406d8b63&hash=EDE0618298A9461C637E9129261588D0,/Users/arshnoorkaur/Downloads/road_salt_tracker/data/raw/MI/doc_2.pdf,2026-08-27,MI,260000000713,2026-10-01,2027-09-30
4211,2,MI,Emmet,EMMET COUNTY ROAD COMMISSION,Compass,Compass Minerals,,2027,early_fill,1100.0,83.57,91927.0,,36,deterministic_pdf,0.92,0.92,0.92,auto_accepted,,2026-08-27 20:03:55,https://www.michigan.gov/dtmb/-/media/Project/Websites/dtmb/Procurement/Contracts/022/260000000713.pdf?rev=044d384e33124f69856ff95f406d8b63&hash=EDE0618298A9461C637E9129261588D0,/Users/arshnoorkaur/Downloads/road_salt_tracker/data/raw/MI/doc_2.pdf,2026-08-27,MI,260000000713,2026-10-01,2027-09-30
4212,2,MI,Emmet,"HARBOR SPRINGS, CITY OF",Compass,Compass Minerals,,2027,early_fill,100.0,83.57,8357.0,,36,deterministic_pdf,0.92,0.92,0.92,auto_accepted,,2026-08-27 20:03:55,https://www.michigan.gov/dtmb/-/media/Project/Websites/dtmb/Procurement/Contracts/022/260000000713.pdf?rev=044d384e33124f69856ff95f406d8b63&hash=EDE0618298A9461C637E9129261588D0,/Users/arshnoorkaur/Downloads/road_salt_tracker/data/raw/MI/doc_2.pdf,2026-08-27,MI,260000000713,2026-10-01,2027-09-30
4213,2,MI,Emmet,Little Traverse Band of Odawa Indians,Compass,Compass Minerals,,2027,early_fill,180.0,83.57,15042.6,,36,deterministic_pdf,0.92,0.92,0.92,auto_accepted,,2026-08-27 20:03:55,https://www.michigan.gov/dtmb/-/media/Project/Websites/dtmb/Procurement/Contracts/022/260000000713.pdf?rev=044d384e33124f69856ff95f406d8b63&hash=EDE0618298A9461C637E9129261588D0,/Users/arshnoorkaur/Downloads/road_salt_tracker/data/raw/MI/doc_2.pdf,2026-08-27,MI,260000000713,2026-10-01,2027-09-30
4214,2,MI,Emmet,NORTH CENTRAL MICHIGAN COLLEGE,Compass,Compass Minerals,,2027,early_fill,50.0,83.57,4178.5,,36,deterministic_pdf,0.92,0.92,0.92,auto_accepted,,2026-08-27 20:03:55,https://www.michigan.gov/dtmb/-/media/Project/Websites/dtmb/Procurement/Contracts/022/260000000713.pdf?rev=044d384e33124f69856ff95f406d8b63&hash=EDE0618298A9461C637E9129261588D0,/Users/arshnoorkaur/Downloads/road_salt_tracker/data/raw/MI/doc_2.pdf,2026-08-27,MI,260000000713,2026-10-01,2027-09-30
4215,2,MI,Emmet,EMMET COUNTY ROAD COMMISSION,Compass,Compass Minerals,,2027,early_fill,2100.0,83.57,175497.0,,36,deterministic_pdf,0.92,0.92,0.92,auto_accepted,,2026-08-27 20:03:55,https://www.michigan.gov/dtmb/-/media/Project/Websites/dtmb/Procurement/Contracts/022/260000000713.pdf?rev=044d384e33124f69856ff95f406d8b63&hash=EDE0618298A9461C637E9129261588D0,/Users/arshnoorkaur/Downloads/road_salt_tracker/data/raw/MI/doc_2.pdf,2026-08-27,MI,260000000713,2026-10-01,2027-09-30
4216,2,MI,Manistee,MANISTEE COUNTY ROAD COMMISSION,Compass,Compass Minerals,,2027,early_fill,2500.0,77.4,193500.0,,36,deterministic_pdf,0.92,0.92,0.92,auto_accepted,,2026-08-27 20:03:55,https://www.michigan.gov/dtmb/-/media/Project/Websites/dtmb/Procurement/Contracts/022/260000000713.pdf?rev=044d384e33124f69856ff95f406d8b63&hash=EDE0618298A9461C637E9129261588D0,/Users/arshnoorkaur/Downloads/road_salt_tracker/data/raw/MI/doc_2.pdf,2026-08-27,MI,260000000713,2026-10-01,2027-09-30
4217,2,MI,Montmorency,"MONTMORENCY COUNTY ROAD
COMMISSION",Compass,Compass Minerals,,2027,early_fill,250.0,80.74,20185.0,,36,deterministic_pdf,0.92,0.92,0.92,auto_accepted,,2026-08-27 20:03:55,https://www.michigan.gov/dtmb/-/media/Project/Websites/dtmb/Procurement/Contracts/022/260000000713.pdf?rev=044d384e33124f69856ff95f406d8b63&hash=EDE0618298A9461C637E9129261588D0,/Users/arshnoorkaur/Downloads/road_salt_tracker/data/raw/MI/doc_2.pdf,2026-08-27,MI,260000000713,2026-10-01,2027-09-30
4218,2,MI,Otsego,OTSEGO COUNTY ROAD COMMISSION,Compass,Compass Minerals,,2027,early_fill,4500.0,79.1,355950.0,,36,deterministic_pdf,0.92,0.92,0.92,auto_accepted,,2026-08-27 20:03:55,https://www.michigan.gov/dtmb/-/media/Project/Websites/dtmb/Procurement/Contracts/022/260000000713.pdf?rev=044d384e33124f69856ff95f406d8b63&hash=EDE0618298A9461C637E9129261588D0,/Users/arshnoorkaur/Downloads/road_salt_tracker/data/raw/MI/doc_2.pdf,2026-08-27,MI,260000000713,2026-10-01,2027-09-30
4219,2,MI,Otsego,"GAYLORD, CITY OF",Compass,Compass Minerals,,2027,early_fill,1000.0,79.1,79100.0,,36,deterministic_pdf,0.92,0.92,0.92,auto_accepted,,2026-08-27 20:03:55,https://www.michigan.gov/dtmb/-/media/Project/Websites/dtmb/Procurement/Contracts/022/260000000713.pdf?rev=044d384e33124f69856ff95f406d8b63&hash=EDE0618298A9461C637E9129261588D0,/Users/arshnoorkaur/Downloads/road_salt_tracker/data/raw/MI/doc_2.pdf,2026-08-27,MI,260000000713,2026-10-01,2027-09-30
4220,2,MI,Presque Isle,"PRESQUE ISLE COUNTY ROAD
COMMISSION",Compass,Compass Minerals,,2027,early_fill,100.0,81.77,8177.0,,36,deterministic_pdf,0.92,0.92,0.92,auto_accepted,,2026-08-27 20:03:55,https://www.michigan.gov/dtmb/-/media/Project/Websites/dtmb/Procurement/Contracts/022/260000000713.pdf?rev=044d384e33124f69856ff95f406d8b63&hash=EDE0618298A9461C637E9129261588D0,/Users/arshnoorkaur/Downloads/road_salt_tracker/data/raw/MI/doc_2.pdf,2026-08-27,MI,260000000713,2026-10-01,2027-09-30
4221,2,MI,Presque Isle,"ROGERS CITY, CITY OF",Compass,Compass Minerals,,2027,early_fill,700.0,81.77,57239.0,,36,deterministic_pdf,0.92,0.92,0.92,auto_accepted,,2026-08-27 20:03:55,https://www.michigan.gov/dtmb/-/media/Project/Websites/dtmb/Procurement/Contracts/022/260000000713.pdf?rev=044d384e33124f69856ff95f406d8b63&hash=EDE0618298A9461C637E9129261588D0,/Users/arshnoorkaur/Downloads/road_salt_tracker/data/raw/MI/doc_2.pdf,2026-08-27,MI,260000000713,2026-10-01,2027-09-30
4222,2,MI,Lake,LAKE COUNTY ROAD COMMISSION,Compass,Compass Minerals,,2027,early_fill,500.0,80.0,40000.0,,36,deterministic_pdf,0.92,0.92,0.92,auto_accepted,,2026-08-27 20:03:55,https://www.michigan.gov/dtmb/-/media/Project/Websites/dtmb/Procurement/Contracts/022/260000000713.pdf?rev=044d384e33124f69856ff95f406d8b63&hash=EDE0618298A9461C637E9129261588D0,/Users/arshnoorkaur/Downloads/road_salt_tracker/data/raw/MI/doc_2.pdf,2026-08-27,MI,260000000713,2026-10-01,2027-09-30
4223,2,MI,Mason,"LUDINGTON, CITY OF",Compass,Compass Minerals,,2027,early_fill,300.0,85.07,25521.0,,36,deterministic_pdf,0.92,0.92,0.92,auto_accepted,,2026-08-27 20:03:55,https://www.michigan.gov/dtmb/-/media/Project/Websites/dtmb/Procurement/Contracts/022/260000000713.pdf?rev=044d384e33124f69856ff95f406d8b63&hash=EDE0618298A9461C637E9129261588D0,/Users/arshnoorkaur/Downloads/road_salt_tracker/data/raw/MI/doc_2.pdf,2026-08-27,MI,260000000713,2026-10-01,2027-09-30
4224,2,MI,Mason,MASON COUNTY ROAD COMMISSION,Compass,Compass Minerals,,2027,early_fill,1000.0,85.07,85070.0,,36,deterministic_pdf,0.92,0.92,0.92,auto_accepted,,2026-08-27 20:03:55,https://www.michigan.gov/dtmb/-/media/Project/Websites/dtmb/Procurement/Contracts/022/260000000713.pdf?rev=044d384e33124f69856ff95f406d8b63&hash=EDE0618298A9461C637E9129261588D0,/Users/arshnoorkaur/Downloads/road_salt_tracker/data/raw/MI/doc_2.pdf,2026-08-27,MI,260000000713,2026-10-01,2027-09-30
4225,2,MI,Newaygo,NEWAYGO COUNTY ROAD COMMISSION,Compass,Compass Minerals,,2027,early_fill,400.0,76.16,30464.0,,36,deterministic_pdf,0.92,0.92,0.92,auto_accepted,,2026-08-27 20:03:55,https://www.michigan.gov/dtmb/-/media/Project/Websites/dtmb/Procurement/Contracts/022/260000000713.pdf?rev=044d384e33124f69856ff95f406d8b63&hash=EDE0618298A9461C637E9129261588D0,/Users/arshnoorkaur/Downloads/road_salt_tracker/data/raw/MI/doc_2.pdf,2026-08-27,MI,260000000713,2026-10-01,2027-09-30
4226,2,MI,Newaygo,NEWAYGO COUNTY ROAD COMMISSION,Compass,Compass Minerals,,2027,early_fill,600.0,76.16,45696.0,,36,deterministic_pdf,0.92,0.92,0.92,auto_accepted,,2026-08-27 20:03:55,https://www.michigan.gov/dtmb/-/media/Project/Websites/dtmb/Procurement/Contracts/022/260000000713.pdf?rev=044d384e33124f69856ff95f406d8b63&hash=EDE0618298A9461C637E9129261588D0,/Users/arshnoorkaur/Downloads/road_salt_tracker/data/raw/MI/doc_2.pdf,2026-08-27,MI,260000000713,2026-10-01,2027-09-30
4227,2,MI,Newaygo,"FREMONT, CITY OF",Compass,Compass Minerals,,2027,early_fill,400.0,76.16,30464.0,,36,deterministic_pdf,0.92,0.92,0.92,auto_accepted,,2026-08-27 20:03:55,https://www.michigan.gov/dtmb/-/media/Project/Websites/dtmb/Procurement/Contracts/022/260000000713.pdf?rev=044d384e33124f69856ff95f406d8b63&hash=EDE0618298A9461C637E9129261588D0,/Users/arshnoorkaur/Downloads/road_salt_tracker/data/raw/MI/doc_2.pdf,2026-08-27,MI,260000000713,2026-10-01,2027-09-30
4228,2,MI,Newaygo,NEWAYGO COUNTY RESA,Compass,Compass Minerals,,2027,early_fill,50.0,76.16,3808.0,,36,deterministic_pdf,0.92,0.92,0.92,auto_accepted,,2026-08-27 20:03:55,https://www.michigan.gov/dtmb/-/media/Project/Websites/dtmb/Procurement/Contracts/022/260000000713.pdf?rev=044d384e33124f69856ff95f406d8b63&hash=EDE0618298A9461C637E9129261588D0,/Users/arshnoorkaur/Downloads/road_salt_tracker/data/raw/MI/doc_2.pdf,2026-08-27,MI,260000000713,2026-10-01,2027-09-30
4229,2,MI,Newaygo,Fremont Public Schools,Compass,Compass Minerals,,2027,early_fill,100.0,76.16,7616.0,,36,deterministic_pdf,0.92,0.92,0.92,auto_accepted,,2026-08-27 20:03:55,https://www.michigan.gov/dtmb/-/media/Project/Websites/dtmb/Procurement/Contracts/022/260000000713.pdf?rev=044d384e33124f69856ff95f406d8b63&hash=EDE0618298A9461C637E9129261588D0,/Users/arshnoorkaur/Downloads/road_salt_tracker/data/raw/MI/doc_2.pdf,2026-08-27,MI,260000000713,2026-10-01,2027-09-30
4230,2,MI,Oceana,"SHELBY, VILLAGE OF",Compass,Compass Minerals,,2027,early_fill,250.0,76.53,19132.5,,36,deterministic_pdf,0.92,0.92,0.92,auto_accepted,,2026-08-27 20:03:55,https://www.michigan.gov/dtmb/-/media/Project/Websites/dtmb/Procurement/Contracts/022/260000000713.pdf?rev=044d384e33124f69856ff95f406d8b63&hash=EDE0618298A9461C637E9129261588D0,/Users/arshnoorkaur/Downloads/road_salt_tracker/data/raw/MI/doc_2.pdf,2026-08-27,MI,260000000713,2026-10-01,2027-09-30
4231,2,MI,Oceana,OCEANA COUNTY ROAD COMMISSION,Compass,Compass Minerals,,2027,early_fill,1200.0,76.53,91836.0,,36,deterministic_pdf,0.92,0.92,0.92,auto_accepted,,2026-08-27 20:03:55,https://www.michigan.gov/dtmb/-/media/Project/Websites/dtmb/Procurement/Contracts/022/260000000713.pdf?rev=044d384e33124f69856ff95f406d8b63&hash=EDE0618298A9461C637E9129261588D0,/Users/arshnoorkaur/Downloads/road_salt_tracker/data/raw/MI/doc_2.pdf,2026-08-27,MI,260000000713,2026-10-01,2027-09-30
4232,2,MI,Oceana,OCEANA COUNTY ROAD COMMISSION,Compass,Compass Minerals,,2027,early_fill,500.0,76.53,38265.0,,37,deterministic_pdf,0.92,0.92,0.92,auto_accepted,,2026-08-27 20:03:55,https://www.michigan.gov/dtmb/-/media/Project/Websites/dtmb/Procurement/Contracts/022/260000000713.pdf?rev=044d384e33124f69856ff95f406d8b63&hash=EDE0618298A9461C637E9129261588D0,/Users/arshnoorkaur/Downloads/road_salt_tracker/data/raw/MI/doc_2.pdf,2026-08-27,MI,260000000713,2026-10-01,2027-09-30
4233,2,MI,Ottawa,OTTAWA COUNTY,Compass,Compass Minerals,,2027,early_fill,50.0,76.24,3812.0,,37,deterministic_pdf,0.92,0.92,0.92,auto_accepted,,2026-08-27 20:03:55,https://www.michigan.gov/dtmb/-/media/Project/Websites/dtmb/Procurement/Contracts/022/260000000713.pdf?rev=044d384e33124f69856ff95f406d8b63&hash=EDE0618298A9461C637E9129261588D0,/Users/arshnoorkaur/Downloads/road_salt_tracker/data/raw/MI/doc_2.pdf,2026-08-27,MI,260000000713,2026-10-01,2027-09-30
4234,2,MI,Ottawa,"COOPERSVILLE, CITY OF",Compass,Compass Minerals,,2027,early_fill,400.0,76.24,30496.0,,37,deterministic_pdf,0.92,0.92,0.92,auto_accepted,,2026-08-27 20:03:55,https://www.michigan.gov/dtmb/-/media/Project/Websites/dtmb/Procurement/Contracts/022/260000000713.pdf?rev=044d384e33124f69856ff95f406d8b63&hash=EDE0618298A9461C637E9129261588D0,/Users/arshnoorkaur/Downloads/road_salt_tracker/data/raw/MI/doc_2.pdf,2026-08-27,MI,260000000713,2026-10-01,2027-09-30
4235,2,MI,Ottawa,"FERRYSBURG, CITY OF",Compass,Compass Minerals,,2027,early_fill,350.0,76.24,26684.0,,37,deterministic_pdf,0.92,0.92,0.92,auto_accepted,,2026-08-27 20:03:55,https://www.michigan.gov/dtmb/-/media/Project/Websites/dtmb/Procurement/Contracts/022/260000000713.pdf?rev=044d384e33124f69856ff95f406d8b63&hash=EDE0618298A9461C637E9129261588D0,/Users/arshnoorkaur/Downloads/road_salt_tracker/data/raw/MI/doc_2.pdf,2026-08-27,MI,260000000713,2026-10-01,2027-09-30
4236,2,MI,Livingston,"DOC-Woodland Center Correctional-
AGENCY",Compass,Compass Minerals,,2027,early_fill,150.0,78.2,11730.0,,37,deterministic_pdf,0.92,0.92,0.92,auto_accepted,,2026-08-27 20:03:55,https://www.michigan.gov/dtmb/-/media/Project/Websites/dtmb/Procurement/Contracts/022/260000000713.pdf?rev=044d384e33124f69856ff95f406d8b63&hash=EDE0618298A9461C637E9129261588D0,/Users/arshnoorkaur/Downloads/road_salt_tracker/data/raw/MI/doc_2.pdf,2026-08-27,MI,260000000713,2026-10-01,2027-09-30
4237,2,MI,Alger,ALGER COUNTY ROAD COMMISSION,Compass,Compass Minerals,,2027,seasonal_fill,350.0,88.68,31038.0,,38,deterministic_pdf,0.92,0.92,0.92,auto_accepted,,2026-08-27 20:03:55,https://www.michigan.gov/dtmb/-/media/Project/Websites/dtmb/Procurement/Contracts/022/260000000713.pdf?rev=044d384e33124f69856ff95f406d8b63&hash=EDE0618298A9461C637E9129261588D0,/Users/arshnoorkaur/Downloads/road_salt_tracker/data/raw/MI/doc_2.pdf,2026-08-27,MI,260000000713,2026-10-01,2027-09-30
4238,2,MI,Alger,ALGER COUNTY ROAD COMMISSION,Compass,Compass Minerals,,2027,seasonal_fill,250.0,88.68,22170.0,,38,deterministic_pdf,0.92,0.92,0.92,auto_accepted,,2026-08-27 20:03:55,https://www.michigan.gov/dtmb/-/media/Project/Websites/dtmb/Procurement/Contracts/022/260000000713.pdf?rev=044d384e33124f69856ff95f406d8b63&hash=EDE0618298A9461C637E9129261588D0,/Users/arshnoorkaur/Downloads/road_salt_tracker/data/raw/MI/doc_2.pdf,2026-08-27,MI,260000000713,2026-10-01,2027-09-30
4239,2,MI,Alger,ALGER COUNTY ROAD COMMISSION,Compass,Compass Minerals,,2027,seasonal_fill,50.0,88.68,4434.0,,38,deterministic_pdf,0.92,0.92,0.92,auto_accepted,,2026-08-27 20:03:55,https://www.michigan.gov/dtmb/-/media/Project/Websites/dtmb/Procurement/Contracts/022/260000000713.pdf?rev=044d384e33124f69856ff95f406d8b63&hash=EDE0618298A9461C637E9129261588D0,/Users/arshnoorkaur/Downloads/road_salt_tracker/data/raw/MI/doc_2.pdf,2026-08-27,MI,260000000713,2026-10-01,2027-09-30
4240,2,MI,Alger,"MUNISING, CITY OF",Compass,Compass Minerals,,2027,seasonal_fill,700.0,88.68,62076.0,,38,deterministic_pdf,0.92,0.92,0.92,auto_accepted,,2026-08-27 20:03:55,https://www.michigan.gov/dtmb/-/media/Project/Websites/dtmb/Procurement/Contracts/022/260000000713.pdf?rev=044d384e33124f69856ff95f406d8b63&hash=EDE0618298A9461C637E9129261588D0,/Users/arshnoorkaur/Downloads/road_salt_tracker/data/raw/MI/doc_2.pdf,2026-08-27,MI,260000000713,2026-10-01,2027-09-30
4241,2,MI,Delta,"GLADSTONE, CITY OF",Compass,Compass Minerals,,2027,seasonal_fill,150.0,80.95,12142.5,,38,deterministic_pdf,0.92,0.92,0.92,auto_accepted,,2026-08-27 20:03:55,https://www.michigan.gov/dtmb/-/media/Project/Websites/dtmb/Procurement/Contracts/022/260000000713.pdf?rev=044d384e33124f69856ff95f406d8b63&hash=EDE0618298A9461C637E9129261588D0,/Users/arshnoorkaur/Downloads/road_salt_tracker/data/raw/MI/doc_2.pdf,2026-08-27,MI,260000000713,2026-10-01,2027-09-30
4242,2,MI,Delta,"OSF HEALTHCARE ST. FRANCIS HOSP AND MED
GROUP",Compass,Compass Minerals,,2027,seasonal_fill,100.0,80.95,8095.0,,38,deterministic_pdf,0.92,0.92,0.92,auto_accepted,,2026-08-27 20:03:55,https://www.michigan.gov/dtmb/-/media/Project/Websites/dtmb/Procurement/Contracts/022/260000000713.pdf?rev=044d384e33124f69856ff95f406d8b63&hash=EDE0618298A9461C637E9129261588D0,/Users/arshnoorkaur/Downloads/road_salt_tracker/data/raw/MI/doc_2.pdf,2026-08-27,MI,260000000713,2026-10-01,2027-09-30
4243,2,MI,Delta,"ESCANABA, CITY OF",Compass,Compass Minerals,,2027,seasonal_fill,600.0,80.95,48570.0,,38,deterministic_pdf,0.92,0.92,0.92,auto_accepted,,2026-08-27 20:03:55,https://www.michigan.gov/dtmb/-/media/Project/Websites/dtmb/Procurement/Contracts/022/260000000713.pdf?rev=044d384e33124f69856ff95f406d8b63&hash=EDE0618298A9461C637E9129261588D0,/Users/arshnoorkaur/Downloads/road_salt_tracker/data/raw/MI/doc_2.pdf,2026-08-27,MI,260000000713,2026-10-01,2027-09-30
4244,2,MI,Delta,DELTA COUNTY ROAD COMMISSION,Compass,Compass Minerals,,2027,seasonal_fill,500.0,80.95,40475.0,,38,deterministic_pdf,0.92,0.92,0.92,auto_accepted,,2026-08-27 20:03:55,https://www.michigan.gov/dtmb/-/media/Project/Websites/dtmb/Procurement/Contracts/022/260000000713.pdf?rev=044d384e33124f69856ff95f406d8b63&hash=EDE0618298A9461C637E9129261588D0,/Users/arshnoorkaur/Downloads/road_salt_tracker/data/raw/MI/doc_2.pdf,2026-08-27,MI,260000000713,2026-10-01,2027-09-30
4245,2,MI,Delta,DELTA COUNTY ROAD COMMISSION,Compass,Compass Minerals,,2027,seasonal_fill,1500.0,80.95,121425.0,,38,deterministic_pdf,0.92,0.92,0.92,auto_accepted,,2026-08-27 20:03:55,https://www.michigan.gov/dtmb/-/media/Project/Websites/dtmb/Procurement/Contracts/022/260000000713.pdf?rev=044d384e33124f69856ff95f406d8b63&hash=EDE0618298A9461C637E9129261588D0,/Users/arshnoorkaur/Downloads/road_salt_tracker/data/raw/MI/doc_2.pdf,2026-08-27,MI,260000000713,2026-10-01,2027-09-30
4246,2,MI,Dickinson,"NORWAY, CITY OF",Compass,Compass Minerals,,2027,seasonal_fill,850.0,86.11,73193.5,,38,deterministic_pdf,0.92,0.92,0.92,auto_accepted,,2026-08-27 20:03:55,https://www.michigan.gov/dtmb/-/media/Project/Websites/dtmb/Procurement/Contracts/022/260000000713.pdf?rev=044d384e33124f69856ff95f406d8b63&hash=EDE0618298A9461C637E9129261588D0,/Users/arshnoorkaur/Downloads/road_salt_tracker/data/raw/MI/doc_2.pdf,2026-08-27,MI,260000000713,2026-10-01,2027-09-30
4247,2,MI,Dickinson,DICKINSON COUNTY ROAD COMMISSION,Compass,Compass Minerals,,2027,seasonal_fill,500.0,86.11,43055.0,,38,deterministic_pdf,0.92,0.92,0.92,auto_accepted,,2026-08-27 20:03:55,https://www.michigan.gov/dtmb/-/media/Project/Websites/dtmb/Procurement/Contracts/022/260000000713.pdf?rev=044d384e33124f69856ff95f406d8b63&hash=EDE0618298A9461C637E9129261588D0,/Users/arshnoorkaur/Downloads/road_salt_tracker/data/raw/MI/doc_2.pdf,2026-08-27,MI,260000000713,2026-10-01,2027-09-30
4248,2,MI,Dickinson,DICKINSON COUNTY ROAD COMMISSION,Compass,Compass Minerals,,2027,seasonal_fill,250.0,86.11,21527.5,,38,deterministic_pdf,0.92,0.92,0.92,auto_accepted,,2026-08-27 20:03:55,https://www.michigan.gov/dtmb/-/media/Project/Websites/dtmb/Procurement/Contracts/022/260000000713.pdf?rev=044d384e33124f69856ff95f406d8b63&hash=EDE0618298A9461C637E9129261588D0,/Users/arshnoorkaur/Downloads/road_salt_tracker/data/raw/MI/doc_2.pdf,2026-08-27,MI,260000000713,2026-10-01,2027-09-30
4249,2,MI,Dickinson,"IRON MOUNTAIN, CITY OF",Compass,Compass Minerals,,2027,seasonal_fill,1000.0,86.11,86110.0,,38,deterministic_pdf,0.92,0.92,0.92,auto_accepted,,2026-08-27 20:03:55,https://www.michigan.gov/dtmb/-/media/Project/Websites/dtmb/Procurement/Contracts/022/260000000713.pdf?rev=044d384e33124f69856ff95f406d8b63&hash=EDE0618298A9461C637E9129261588D0,/Users/arshnoorkaur/Downloads/road_salt_tracker/data/raw/MI/doc_2.pdf,2026-08-27,MI,260000000713,2026-10-01,2027-09-30
4250,2,MI,Dickinson,"KINGSFORD, CITY OF",Compass,Compass Minerals,,2027,seasonal_fill,700.0,86.11,60277.0,,38,deterministic_pdf,0.92,0.92,0.92,auto_accepted,,2026-08-27 20:03:55,https://www.michigan.gov/dtmb/-/media/Project/Websites/dtmb/Procurement/Contracts/022/260000000713.pdf?rev=044d384e33124f69856ff95f406d8b63&hash=EDE0618298A9461C637E9129261588D0,/Users/arshnoorkaur/Downloads/road_salt_tracker/data/raw/MI/doc_2.pdf,2026-08-27,MI,260000000713,2026-10-01,2027-09-30
4251,2,MI,Gogebic,"IRONWOOD, CITY OF",Compass,Compass Minerals,,2027,seasonal_fill,200.0,118.81,23762.0,,38,deterministic_pdf,0.92,0.92,0.77,auto_accepted,price outlier for state/FY,2026-08-27 20:03:55,https://www.michigan.gov/dtmb/-/media/Project/Websites/dtmb/Procurement/Contracts/022/260000000713.pdf?rev=044d384e33124f69856ff95f406d8b63&hash=EDE0618298A9461C637E9129261588D0,/Users/arshnoorkaur/Downloads/road_salt_tracker/data/raw/MI/doc_2.pdf,2026-08-27,MI,260000000713,2026-10-01,2027-09-30
4252,2,MI,Iron,CASPIAN CITY,Compass,Compass Minerals,,2027,seasonal_fill,50.0,97.19,4859.5,,38,deterministic_pdf,0.92,0.92,0.77,auto_accepted,price outlier for state/FY,2026-08-27 20:03:55,https://www.michigan.gov/dtmb/-/media/Project/Websites/dtmb/Procurement/Contracts/022/260000000713.pdf?rev=044d384e33124f69856ff95f406d8b63&hash=EDE0618298A9461C637E9129261588D0,/Users/arshnoorkaur/Downloads/road_salt_tracker/data/raw/MI/doc_2.pdf,2026-08-27,MI,260000000713,2026-10-01,2027-09-30
4253,2,MI,Iron,"IRON RIVER, CITY OF",Compass,Compass Minerals,,2027,seasonal_fill,50.0,97.19,4859.5,,38,deterministic_pdf,0.92,0.92,0.77,auto_accepted,price outlier for state/FY,2026-08-27 20:03:55,https://www.michigan.gov/dtmb/-/media/Project/Websites/dtmb/Procurement/Contracts/022/260000000713.pdf?rev=044d384e33124f69856ff95f406d8b63&hash=EDE0618298A9461C637E9129261588D0,/Users/arshnoorkaur/Downloads/road_salt_tracker/data/raw/MI/doc_2.pdf,2026-08-27,MI,260000000713,2026-10-01,2027-09-30
4254,2,MI,Iron,"GAASTRA, CITY OF",Compass,Compass Minerals,,2027,seasonal_fill,50.0,97.19,4859.5,,38,deterministic_pdf,0.92,0.92,0.77,auto_accepted,price outlier for state/FY,2026-08-27 20:03:55,https://www.michigan.gov/dtmb/-/media/Project/Websites/dtmb/Procurement/Contracts/022/260000000713.pdf?rev=044d384e33124f69856ff95f406d8b63&hash=EDE0618298A9461C637E9129261588D0,/Users/arshnoorkaur/Downloads/road_salt_tracker/data/raw/MI/doc_2.pdf,2026-08-27,MI,260000000713,2026-10-01,2027-09-30
4255,2,MI,Mackinac,"ST. IGNACE, CITY OF",Compass,Compass Minerals,,2027,seasonal_fill,200.0,106.71,21342.0,,38,deterministic_pdf,0.92,0.92,0.77,auto_accepted,price outlier for state/FY,2026-08-27 20:03:55,https://www.michigan.gov/dtmb/-/media/Project/Websites/dtmb/Procurement/Contracts/022/260000000713.pdf?rev=044d384e33124f69856ff95f406d8b63&hash=EDE0618298A9461C637E9129261588D0,/Users/arshnoorkaur/Downloads/road_salt_tracker/data/raw/MI/doc_2.pdf,2026-08-27,MI,260000000713,2026-10-01,2027-09-30
4256,2,MI,Marquette,"NEGAUNEE, CITY OF",Compass,Compass Minerals,,2027,seasonal_fill,300.0,106.75,32025.0,,38,deterministic_pdf,0.92,0.92,0.77,auto_accepted,price outlier for state/FY,2026-08-27 20:03:55,https://www.michigan.gov/dtmb/-/media/Project/Websites/dtmb/Procurement/Contracts/022/260000000713.pdf?rev=044d384e33124f69856ff95f406d8b63&hash=EDE0618298A9461C637E9129261588D0,/Users/arshnoorkaur/Downloads/road_salt_tracker/data/raw/MI/doc_2.pdf,2026-08-27,MI,260000000713,2026-10-01,2027-09-30
4257,2,MI,Marquette,"ISHPEMING, CITY OF",Compass,Compass Minerals,,2027,seasonal_fill,500.0,106.75,53375.0,,38,deterministic_pdf,0.92,0.92,0.77,auto_accepted,price outlier for state/FY,2026-08-27 20:03:55,https://www.michigan.gov/dtmb/-/media/Project/Websites/dtmb/Procurement/Contracts/022/260000000713.pdf?rev=044d384e33124f69856ff95f406d8b63&hash=EDE0618298A9461C637E9129261588D0,/Users/arshnoorkaur/Downloads/road_salt_tracker/data/raw/MI/doc_2.pdf,2026-08-27,MI,260000000713,2026-10-01,2027-09-30
4258,2,MI,Marquette,"MARQUETTE, CITY OF",Compass,Compass Minerals,,2027,seasonal_fill,600.0,106.75,64050.0,,38,deterministic_pdf,0.92,0.92,0.77,auto_accepted,price outlier for state/FY,2026-08-27 20:03:55,https://www.michigan.gov/dtmb/-/media/Project/Websites/dtmb/Procurement/Contracts/022/260000000713.pdf?rev=044d384e33124f69856ff95f406d8b63&hash=EDE0618298A9461C637E9129261588D0,/Users/arshnoorkaur/Downloads/road_salt_tracker/data/raw/MI/doc_2.pdf,2026-08-27,MI,260000000713,2026-10-01,2027-09-30
4259,2,MI,Marquette,MARQUETTE COUNTY ROAD COMMISSION,Compass,Compass Minerals,,2027,seasonal_fill,400.0,106.75,42700.0,,38,deterministic_pdf,0.92,0.92,0.77,auto_accepted,price outlier for state/FY,2026-08-27 20:03:55,https://www.michigan.gov/dtmb/-/media/Project/Websites/dtmb/Procurement/Contracts/022/260000000713.pdf?rev=044d384e33124f69856ff95f406d8b63&hash=EDE0618298A9461C637E9129261588D0,/Users/arshnoorkaur/Downloads/road_salt_tracker/data/raw/MI/doc_2.pdf,2026-08-27,MI,260000000713,2026-10-01,2027-09-30
4260,2,MI,Marquette,MARQUETTE COUNTY ROAD COMMISSION,Compass,Compass Minerals,,2027,seasonal_fill,650.0,106.75,69387.5,,38,deterministic_pdf,0.92,0.92,0.77,auto_accepted,price outlier for state/FY,2026-08-27 20:03:55,https://www.michigan.gov/dtmb/-/media/Project/Websites/dtmb/Procurement/Contracts/022/260000000713.pdf?rev=044d384e33124f69856ff95f406d8b63&hash=EDE0618298A9461C637E9129261588D0,/Users/arshnoorkaur/Downloads/road_salt_tracker/data/raw/MI/doc_2.pdf,2026-08-27,MI,260000000713,2026-10-01,2027-09-30
4261,2,MI,Marquette,MARQUETTE COUNTY ROAD COMMISSION,Compass,Compass Minerals,,2027,seasonal_fill,600.0,106.75,64050.0,,38,deterministic_pdf,0.92,0.92,0.77,auto_accepted,price outlier for state/FY,2026-08-27 20:03:55,https://www.michigan.gov/dtmb/-/media/Project/Websites/dtmb/Procurement/Contracts/022/260000000713.pdf?rev=044d384e33124f69856ff95f406d8b63&hash=EDE0618298A9461C637E9129261588D0,/Users/arshnoorkaur/Downloads/road_salt_tracker/data/raw/MI/doc_2.pdf,2026-08-27,MI,260000000713,2026-10-01,2027-09-30
4262,2,MI,Marquette,MARQUETTE COUNTY ROAD COMMISSION,Compass,Compass Minerals,,2027,seasonal_fill,50.0,106.75,5337.5,,38,deterministic_pdf,0.92,0.92,0.77,auto_accepted,price outlier for state/FY,2026-08-27 20:03:55,https://www.michigan.gov/dtmb/-/media/Project/Websites/dtmb/Procurement/Contracts/022/260000000713.pdf?rev=044d384e33124f69856ff95f406d8b63&hash=EDE0618298A9461C637E9129261588D0,/Users/arshnoorkaur/Downloads/road_salt_tracker/data/raw/MI/doc_2.pdf,2026-08-27,MI,260000000713,2026-10-01,2027-09-30
4263,2,MI,Marquette,NORTHERN MICHIGAN UNIVERSITY,Compass,Compass Minerals,,2027,seasonal_fill,50.0,106.75,5337.5,,38,deterministic_pdf,0.92,0.92,0.77,auto_accepted,price outlier for state/FY,2026-08-27 20:03:55,https://www.michigan.gov/dtmb/-/media/Project/Websites/dtmb/Procurement/Contracts/022/260000000713.pdf?rev=044d384e33124f69856ff95f406d8b63&hash=EDE0618298A9461C637E9129261588D0,/Users/arshnoorkaur/Downloads/road_salt_tracker/data/raw/MI/doc_2.pdf,2026-08-27,MI,260000000713,2026-10-01,2027-09-30
4264,2,MI,Menominee,MENOMINEE COUNTY ROAD COMMISSION,Compass,Compass Minerals,,2027,seasonal_fill,150.0,89.14,13371.0,,38,deterministic_pdf,0.92,0.92,0.92,auto_accepted,,2026-08-27 20:03:55,https://www.michigan.gov/dtmb/-/media/Project/Websites/dtmb/Procurement/Contracts/022/260000000713.pdf?rev=044d384e33124f69856ff95f406d8b63&hash=EDE0618298A9461C637E9129261588D0,/Users/arshnoorkaur/Downloads/road_salt_tracker/data/raw/MI/doc_2.pdf,2026-08-27,MI,260000000713,2026-10-01,2027-09-30
4265,2,MI,Menominee,HANNAHVILLE INDIAN COMMUNITY,Compass,Compass Minerals,,2027,seasonal_fill,200.0,89.14,17828.0,,38,deterministic_pdf,0.92,0.92,0.92,auto_accepted,,2026-08-27 20:03:55,https://www.michigan.gov/dtmb/-/media/Project/Websites/dtmb/Procurement/Contracts/022/260000000713.pdf?rev=044d384e33124f69856ff95f406d8b63&hash=EDE0618298A9461C637E9129261588D0,/Users/arshnoorkaur/Downloads/road_salt_tracker/data/raw/MI/doc_2.pdf,2026-08-27,MI,260000000713,2026-10-01,2027-09-30
4266,2,MI,Menominee,"MENOMINEE, CITY OF",Compass,Compass Minerals,,2027,seasonal_fill,1000.0,89.14,89140.0,,38,deterministic_pdf,0.92,0.92,0.92,auto_accepted,,2026-08-27 20:03:55,https://www.michigan.gov/dtmb/-/media/Project/Websites/dtmb/Procurement/Contracts/022/260000000713.pdf?rev=044d384e33124f69856ff95f406d8b63&hash=EDE0618298A9461C637E9129261588D0,/Users/arshnoorkaur/Downloads/road_salt_tracker/data/raw/MI/doc_2.pdf,2026-08-27,MI,260000000713,2026-10-01,2027-09-30
4267,2,MI,Ontonagon,Ontonagon County Road Commission,Compass,Compass Minerals,,2027,seasonal_fill,100.0,121.76,12176.0,,38,deterministic_pdf,0.92,0.92,0.77,auto_accepted,price outlier for state/FY,2026-08-27 20:03:55,https://www.michigan.gov/dtmb/-/media/Project/Websites/dtmb/Procurement/Contracts/022/260000000713.pdf?rev=044d384e33124f69856ff95f406d8b63&hash=EDE0618298A9461C637E9129261588D0,/Users/arshnoorkaur/Downloads/road_salt_tracker/data/raw/MI/doc_2.pdf,2026-08-27,MI,260000000713,2026-10-01,2027-09-30
4268,2,MI,Schoolcraft,SCHOOLCRAFT COUNTY ROAD COMMISSION,Compass,Compass Minerals,,2027,seasonal_fill,600.0,93.13,55878.0,,38,deterministic_pdf,0.92,0.92,0.92,auto_accepted,,2026-08-27 20:03:55,https://www.michigan.gov/dtmb/-/media/Project/Websites/dtmb/Procurement/Contracts/022/260000000713.pdf?rev=044d384e33124f69856ff95f406d8b63&hash=EDE0618298A9461C637E9129261588D0,/Users/arshnoorkaur/Downloads/road_salt_tracker/data/raw/MI/doc_2.pdf,2026-08-27,MI,260000000713,2026-10-01,2027-09-30
4269,2,MI,Schoolcraft,SCHOOLCRAFT COUNTY ROAD COMMISSION,Compass,Compass Minerals,,2027,seasonal_fill,250.0,93.13,23282.5,,38,deterministic_pdf,0.92,0.92,0.92,auto_accepted,,2026-08-27 20:03:55,https://www.michigan.gov/dtmb/-/media/Project/Websites/dtmb/Procurement/Contracts/022/260000000713.pdf?rev=044d384e33124f69856ff95f406d8b63&hash=EDE0618298A9461C637E9129261588D0,/Users/arshnoorkaur/Downloads/road_salt_tracker/data/raw/MI/doc_2.pdf,2026-08-27,MI,260000000713,2026-10-01,2027-09-30
4270,2,MI,Schoolcraft,"MANISTIQUE, CITY OF",Compass,Compass Minerals,,2027,seasonal_fill,200.0,93.13,18626.0,,38,deterministic_pdf,0.92,0.92,0.92,auto_accepted,,2026-08-27 20:03:55,https://www.michigan.gov/dtmb/-/media/Project/Websites/dtmb/Procurement/Contracts/022/260000000713.pdf?rev=044d384e33124f69856ff95f406d8b63&hash=EDE0618298A9461C637E9129261588D0,/Users/arshnoorkaur/Downloads/road_salt_tracker/data/raw/MI/doc_2.pdf,2026-08-27,MI,260000000713,2026-10-01,2027-09-30
4271,2,MI,Alpena,ALPENA COUNTY ROAD COMMISSION,Compass,Compass Minerals,,2027,seasonal_fill,1000.0,77.62,77620.0,,38,deterministic_pdf,0.92,0.92,0.92,auto_accepted,,2026-08-27 20:03:55,https://www.michigan.gov/dtmb/-/media/Project/Websites/dtmb/Procurement/Contracts/022/260000000713.pdf?rev=044d384e33124f69856ff95f406d8b63&hash=EDE0618298A9461C637E9129261588D0,/Users/arshnoorkaur/Downloads/road_salt_tracker/data/raw/MI/doc_2.pdf,2026-08-27,MI,260000000713,2026-10-01,2027-09-30
4272,2,MI,Alpena,ALPENA COMMUNITY COLLEGE,Compass,Compass Minerals,,2027,seasonal_fill,50.0,77.62,3881.0,,38,deterministic_pdf,0.92,0.92,0.92,auto_accepted,,2026-08-27 20:03:55,https://www.michigan.gov/dtmb/-/media/Project/Websites/dtmb/Procurement/Contracts/022/260000000713.pdf?rev=044d384e33124f69856ff95f406d8b63&hash=EDE0618298A9461C637E9129261588D0,/Users/arshnoorkaur/Downloads/road_salt_tracker/data/raw/MI/doc_2.pdf,2026-08-27,MI,260000000713,2026-10-01,2027-09-30
4273,2,MI,Alpena,"ALPENA, CITY OF",Compass,Compass Minerals,,2027,seasonal_fill,800.0,77.62,62096.0,,38,deterministic_pdf,0.92,0.92,0.92,auto_accepted,,2026-08-27 20:03:55,https://www.michigan.gov/dtmb/-/media/Project/Websites/dtmb/Procurement/Contracts/022/260000000713.pdf?rev=044d384e33124f69856ff95f406d8b63&hash=EDE0618298A9461C637E9129261588D0,/Users/arshnoorkaur/Downloads/road_salt_tracker/data/raw/MI/doc_2.pdf,2026-08-27,MI,260000000713,2026-10-01,2027-09-30
4274,2,MI,Alpena,DMVA-AGENCY,Compass,Compass Minerals,,2027,seasonal_fill,50.0,77.62,3881.0,,38,deterministic_pdf,0.92,0.92,0.92,auto_accepted,,2026-08-27 20:03:55,https://www.michigan.gov/dtmb/-/media/Project/Websites/dtmb/Procurement/Contracts/022/260000000713.pdf?rev=044d384e33124f69856ff95f406d8b63&hash=EDE0618298A9461C637E9129261588D0,/Users/arshnoorkaur/Downloads/road_salt_tracker/data/raw/MI/doc_2.pdf,2026-08-27,MI,260000000713,2026-10-01,2027-09-30
4275,2,MI,Antrim,ANTRIM COUNTY ROAD COMMISSION,Compass,Compass Minerals,,2027,seasonal_fill,200.0,85.96,17192.0,,38,deterministic_pdf,0.92,0.92,0.92,auto_accepted,,2026-08-27 20:03:55,https://www.michigan.gov/dtmb/-/media/Project/Websites/dtmb/Procurement/Contracts/022/260000000713.pdf?rev=044d384e33124f69856ff95f406d8b63&hash=EDE0618298A9461C637E9129261588D0,/Users/arshnoorkaur/Downloads/road_salt_tracker/data/raw/MI/doc_2.pdf,2026-08-27,MI,260000000713,2026-10-01,2027-09-30
4276,2,MI,Antrim,ANTRIM COUNTY ROAD COMMISSION,Compass,Compass Minerals,,2027,seasonal_fill,100.0,85.96,8596.0,,38,deterministic_pdf,0.92,0.92,0.92,auto_accepted,,2026-08-27 20:03:55,https://www.michigan.gov/dtmb/-/media/Project/Websites/dtmb/Procurement/Contracts/022/260000000713.pdf?rev=044d384e33124f69856ff95f406d8b63&hash=EDE0618298A9461C637E9129261588D0,/Users/arshnoorkaur/Downloads/road_salt_tracker/data/raw/MI/doc_2.pdf,2026-08-27,MI,260000000713,2026-10-01,2027-09-30
4277,2,MI,Benzie,BENZIE COUNTY ROAD COMMISSION,Compass,Compass Minerals,,2027,seasonal_fill,800.0,80.66,64528.0,,38,deterministic_pdf,0.92,0.92,0.92,auto_accepted,,2026-08-27 20:03:55,https://www.michigan.gov/dtmb/-/media/Project/Websites/dtmb/Procurement/Contracts/022/260000000713.pdf?rev=044d384e33124f69856ff95f406d8b63&hash=EDE0618298A9461C637E9129261588D0,/Users/arshnoorkaur/Downloads/road_salt_tracker/data/raw/MI/doc_2.pdf,2026-08-27,MI,260000000713,2026-10-01,2027-09-30
4278,2,MI,Charlevoix,CHARLEVOIX COUNTY ROAD COMMISSION,Compass,Compass Minerals,,2027,seasonal_fill,1500.0,85.39,128085.0,,38,deterministic_pdf,0.92,0.92,0.92,auto_accepted,,2026-08-27 20:03:55,https://www.michigan.gov/dtmb/-/media/Project/Websites/dtmb/Procurement/Contracts/022/260000000713.pdf?rev=044d384e33124f69856ff95f406d8b63&hash=EDE0618298A9461C637E9129261588D0,/Users/arshnoorkaur/Downloads/road_salt_tracker/data/raw/MI/doc_2.pdf,2026-08-27,MI,260000000713,2026-10-01,2027-09-30
4279,2,MI,Charlevoix,"CHARLEVOIX, CITY OF",Compass,Compass Minerals,,2027,seasonal_fill,150.0,85.39,12808.5,,38,deterministic_pdf,0.92,0.92,0.92,auto_accepted,,2026-08-27 20:03:55,https://www.michigan.gov/dtmb/-/media/Project/Websites/dtmb/Procurement/Contracts/022/260000000713.pdf?rev=044d384e33124f69856ff95f406d8b63&hash=EDE0618298A9461C637E9129261588D0,/Users/arshnoorkaur/Downloads/road_salt_tracker/data/raw/MI/doc_2.pdf,2026-08-27,MI,260000000713,2026-10-01,2027-09-30
4280,2,MI,Charlevoix,BOYNE CITY,Compass,Compass Minerals,,2027,seasonal_fill,200.0,85.39,17078.0,,38,deterministic_pdf,0.92,0.92,0.92,auto_accepted,,2026-08-27 20:03:55,https://www.michigan.gov/dtmb/-/media/Project/Websites/dtmb/Procurement/Contracts/022/260000000713.pdf?rev=044d384e33124f69856ff95f406d8b63&hash=EDE0618298A9461C637E9129261588D0,/Users/arshnoorkaur/Downloads/road_salt_tracker/data/raw/MI/doc_2.pdf,2026-08-27,MI,260000000713,2026-10-01,2027-09-30
4281,2,MI,Cheboygan,"CHEBOYGAN, CITY OF",Compass,Compass Minerals,,2027,seasonal_fill,350.0,88.44,30954.0,,38,deterministic_pdf,0.92,0.92,0.92,auto_accepted,,2026-08-27 20:03:55,https://www.michigan.gov/dtmb/-/media/Project/Websites/dtmb/Procurement/Contracts/022/260000000713.pdf?rev=044d384e33124f69856ff95f406d8b63&hash=EDE0618298A9461C637E9129261588D0,/Users/arshnoorkaur/Downloads/road_salt_tracker/data/raw/MI/doc_2.pdf,2026-08-27,MI,260000000713,2026-10-01,2027-09-30
4282,2,MI,Cheboygan,CHEBOYGAN COUNTY ROAD COMMISSION,Compass,Compass Minerals,,2027,seasonal_fill,2000.0,88.44,176880.0,,38,deterministic_pdf,0.92,0.92,0.92,auto_accepted,,2026-08-27 20:03:55,https://www.michigan.gov/dtmb/-/media/Project/Websites/dtmb/Procurement/Contracts/022/260000000713.pdf?rev=044d384e33124f69856ff95f406d8b63&hash=EDE0618298A9461C637E9129261588D0,/Users/arshnoorkaur/Downloads/road_salt_tracker/data/raw/MI/doc_2.pdf,2026-08-27,MI,260000000713,2026-10-01,2027-09-30
4283,2,MI,Cheboygan,CHEBOYGAN COUNTY ROAD COMMISSION,Compass,Compass Minerals,,2027,seasonal_fill,1200.0,88.44,106128.0,,38,deterministic_pdf,0.92,0.92,0.92,auto_accepted,,2026-08-27 20:03:55,https://www.michigan.gov/dtmb/-/media/Project/Websites/dtmb/Procurement/Contracts/022/260000000713.pdf?rev=044d384e33124f69856ff95f406d8b63&hash=EDE0618298A9461C637E9129261588D0,/Users/arshnoorkaur/Downloads/road_salt_tracker/data/raw/MI/doc_2.pdf,2026-08-27,MI,260000000713,2026-10-01,2027-09-30
4284,2,MI,Cheboygan,CHEBOYGAN COUNTY ROAD COMMISSION,Compass,Compass Minerals,,2027,seasonal_fill,550.0,88.44,48642.0,,38,deterministic_pdf,0.92,0.92,0.92,auto_accepted,,2026-08-27 20:03:55,https://www.michigan.gov/dtmb/-/media/Project/Websites/dtmb/Procurement/Contracts/022/260000000713.pdf?rev=044d384e33124f69856ff95f406d8b63&hash=EDE0618298A9461C637E9129261588D0,/Users/arshnoorkaur/Downloads/road_salt_tracker/data/raw/MI/doc_2.pdf,2026-08-27,MI,260000000713,2026-10-01,2027-09-30
4285,2,MI,Crawford,DMVA-AGENCY,Compass,Compass Minerals,,2027,seasonal_fill,100.0,78.66,7866.0,,38,deterministic_pdf,0.92,0.92,0.92,auto_accepted,,2026-08-27 20:03:55,https://www.michigan.gov/dtmb/-/media/Project/Websites/dtmb/Procurement/Contracts/022/260000000713.pdf?rev=044d384e33124f69856ff95f406d8b63&hash=EDE0618298A9461C637E9129261588D0,/Users/arshnoorkaur/Downloads/road_salt_tracker/data/raw/MI/doc_2.pdf,2026-08-27,MI,260000000713,2026-10-01,2027-09-30
4286,2,MI,Crawford,CRAWFORD COUNTY ROAD COMMISSION,Compass,Compass Minerals,,2027,seasonal_fill,1700.0,78.66,133722.0,,38,deterministic_pdf,0.92,0.92,0.92,auto_accepted,,2026-08-27 20:03:55,https://www.michigan.gov/dtmb/-/media/Project/Websites/dtmb/Procurement/Contracts/022/260000000713.pdf?rev=044d384e33124f69856ff95f406d8b63&hash=EDE0618298A9461C637E9129261588D0,/Users/arshnoorkaur/Downloads/road_salt_tracker/data/raw/MI/doc_2.pdf,2026-08-27,MI,260000000713,2026-10-01,2027-09-30
4287,2,MI,Emmet,EMMET COUNTY ROAD COMMISSION,Compass,Compass Minerals,,2027,seasonal_fill,2000.0,90.84,181680.0,,38,deterministic_pdf,0.92,0.92,0.92,auto_accepted,,2026-08-27 20:03:55,https://www.michigan.gov/dtmb/-/media/Project/Websites/dtmb/Procurement/Contracts/022/260000000713.pdf?rev=044d384e33124f69856ff95f406d8b63&hash=EDE0618298A9461C637E9129261588D0,/Users/arshnoorkaur/Downloads/road_salt_tracker/data/raw/MI/doc_2.pdf,2026-08-27,MI,260000000713,2026-10-01,2027-09-30
4288,2,MI,Emmet,EMMET COUNTY ROAD COMMISSION,Compass,Compass Minerals,,2027,seasonal_fill,1500.0,90.84,136260.0,,38,deterministic_pdf,0.92,0.92,0.92,auto_accepted,,2026-08-27 20:03:55,https://www.michigan.gov/dtmb/-/media/Project/Websites/dtmb/Procurement/Contracts/022/260000000713.pdf?rev=044d384e33124f69856ff95f406d8b63&hash=EDE0618298A9461C637E9129261588D0,/Users/arshnoorkaur/Downloads/road_salt_tracker/data/raw/MI/doc_2.pdf,2026-08-27,MI,260000000713,2026-10-01,2027-09-30
4289,2,MI,Emmet,"HARBOR SPRINGS, CITY OF",Compass,Compass Minerals,,2027,seasonal_fill,350.0,90.84,31794.0,,38,deterministic_pdf,0.92,0.92,0.92,auto_accepted,,2026-08-27 20:03:55,https://www.michigan.gov/dtmb/-/media/Project/Websites/dtmb/Procurement/Contracts/022/260000000713.pdf?rev=044d384e33124f69856ff95f406d8b63&hash=EDE0618298A9461C637E9129261588D0,/Users/arshnoorkaur/Downloads/road_salt_tracker/data/raw/MI/doc_2.pdf,2026-08-27,MI,260000000713,2026-10-01,2027-09-30
4290,2,MI,Emmet,NORTH CENTRAL MICHIGAN COLLEGE,Compass,Compass Minerals,,2027,seasonal_fill,50.0,90.84,4542.0,,38,deterministic_pdf,0.92,0.92,0.92,auto_accepted,,2026-08-27 20:03:55,https://www.michigan.gov/dtmb/-/media/Project/Websites/dtmb/Procurement/Contracts/022/260000000713.pdf?rev=044d384e33124f69856ff95f406d8b63&hash=EDE0618298A9461C637E9129261588D0,/Users/arshnoorkaur/Downloads/road_salt_tracker/data/raw/MI/doc_2.pdf,2026-08-27,MI,260000000713,2026-10-01,2027-09-30
4291,2,MI,Emmet,MACKINAW CITY,Compass,Compass Minerals,,2027,seasonal_fill,200.0,90.84,18168.0,,39,deterministic_pdf,0.92,0.92,0.92,auto_accepted,,2026-08-27 20:03:55,https://www.michigan.gov/dtmb/-/media/Project/Websites/dtmb/Procurement/Contracts/022/260000000713.pdf?rev=044d384e33124f69856ff95f406d8b63&hash=EDE0618298A9461C637E9129261588D0,/Users/arshnoorkaur/Downloads/road_salt_tracker/data/raw/MI/doc_2.pdf,2026-08-27,MI,260000000713,2026-10-01,2027-09-30
4292,2,MI,Emmet,PETOSKEY PUBLIC SCHOOLS,Compass,Compass Minerals,,2027,seasonal_fill,150.0,90.84,13626.0,,39,deterministic_pdf,0.92,0.92,0.92,auto_accepted,,2026-08-27 20:03:55,https://www.michigan.gov/dtmb/-/media/Project/Websites/dtmb/Procurement/Contracts/022/260000000713.pdf?rev=044d384e33124f69856ff95f406d8b63&hash=EDE0618298A9461C637E9129261588D0,/Users/arshnoorkaur/Downloads/road_salt_tracker/data/raw/MI/doc_2.pdf,2026-08-27,MI,260000000713,2026-10-01,2027-09-30
4293,2,MI,Emmet,"PETOSKEY, CITY OF",Compass,Compass Minerals,,2027,seasonal_fill,2500.0,90.84,227100.0,,39,deterministic_pdf,0.92,0.92,0.92,auto_accepted,,2026-08-27 20:03:55,https://www.michigan.gov/dtmb/-/media/Project/Websites/dtmb/Procurement/Contracts/022/260000000713.pdf?rev=044d384e33124f69856ff95f406d8b63&hash=EDE0618298A9461C637E9129261588D0,/Users/arshnoorkaur/Downloads/road_salt_tracker/data/raw/MI/doc_2.pdf,2026-08-27,MI,260000000713,2026-10-01,2027-09-30
4294,2,MI,Grand Traverse,NORTHWESTERN MICHIGAN COLLEGE,Compass,Compass Minerals,,2027,seasonal_fill,50.0,82.1,4105.0,,39,deterministic_pdf,0.92,0.92,0.92,auto_accepted,,2026-08-27 20:03:55,https://www.michigan.gov/dtmb/-/media/Project/Websites/dtmb/Procurement/Contracts/022/260000000713.pdf?rev=044d384e33124f69856ff95f406d8b63&hash=EDE0618298A9461C637E9129261588D0,/Users/arshnoorkaur/Downloads/road_salt_tracker/data/raw/MI/doc_2.pdf,2026-08-27,MI,260000000713,2026-10-01,2027-09-30
4295,2,MI,Grand Traverse,"TRAVERSE CITY, CITY OF",Compass,Compass Minerals,,2027,seasonal_fill,600.0,82.1,49260.0,,39,deterministic_pdf,0.92,0.92,0.92,auto_accepted,,2026-08-27 20:03:55,https://www.michigan.gov/dtmb/-/media/Project/Websites/dtmb/Procurement/Contracts/022/260000000713.pdf?rev=044d384e33124f69856ff95f406d8b63&hash=EDE0618298A9461C637E9129261588D0,/Users/arshnoorkaur/Downloads/road_salt_tracker/data/raw/MI/doc_2.pdf,2026-08-27,MI,260000000713,2026-10-01,2027-09-30
4296,2,MI,Grand Traverse,GRAND TRAVERSE COUNTY ROAD COMMISSION,Compass,Compass Minerals,,2027,seasonal_fill,1500.0,82.1,123150.0,,39,deterministic_pdf,0.92,0.92,0.92,auto_accepted,,2026-08-27 20:03:55,https://www.michigan.gov/dtmb/-/media/Project/Websites/dtmb/Procurement/Contracts/022/260000000713.pdf?rev=044d384e33124f69856ff95f406d8b63&hash=EDE0618298A9461C637E9129261588D0,/Users/arshnoorkaur/Downloads/road_salt_tracker/data/raw/MI/doc_2.pdf,2026-08-27,MI,260000000713,2026-10-01,2027-09-30
4297,2,MI,Grand Traverse,GRAND TRAVERSE COUNTY ROAD COMMISSION,Compass,Compass Minerals,,2027,seasonal_fill,2500.0,82.1,205250.0,,39,deterministic_pdf,0.92,0.92,0.92,auto_accepted,,2026-08-27 20:03:55,https://www.michigan.gov/dtmb/-/media/Project/Websites/dtmb/Procurement/Contracts/022/260000000713.pdf?rev=044d384e33124f69856ff95f406d8b63&hash=EDE0618298A9461C637E9129261588D0,/Users/arshnoorkaur/Downloads/road_salt_tracker/data/raw/MI/doc_2.pdf,2026-08-27,MI,260000000713,2026-10-01,2027-09-30
4298,2,MI,Iosco,"EAST TAWAS, CITY OF",Compass,Compass Minerals,,2027,seasonal_fill,200.0,84.51,16902.0,,39,deterministic_pdf,0.92,0.92,0.92,auto_accepted,,2026-08-27 20:03:55,https://www.michigan.gov/dtmb/-/media/Project/Websites/dtmb/Procurement/Contracts/022/260000000713.pdf?rev=044d384e33124f69856ff95f406d8b63&hash=EDE0618298A9461C637E9129261588D0,/Users/arshnoorkaur/Downloads/road_salt_tracker/data/raw/MI/doc_2.pdf,2026-08-27,MI,260000000713,2026-10-01,2027-09-30
4299,2,MI,Iosco,IOSCO COUNTY ROAD COMMISSION,Compass,Compass Minerals,,2027,seasonal_fill,450.0,84.51,38029.5,,39,deterministic_pdf,0.92,0.92,0.92,auto_accepted,,2026-08-27 20:03:55,https://www.michigan.gov/dtmb/-/media/Project/Websites/dtmb/Procurement/Contracts/022/260000000713.pdf?rev=044d384e33124f69856ff95f406d8b63&hash=EDE0618298A9461C637E9129261588D0,/Users/arshnoorkaur/Downloads/road_salt_tracker/data/raw/MI/doc_2.pdf,2026-08-27,MI,260000000713,2026-10-01,2027-09-30
4300,2,MI,Iosco,IOSCO COUNTY ROAD COMMISSION,Compass,Compass Minerals,,2027,seasonal_fill,350.0,84.51,29578.5,,39,deterministic_pdf,0.92,0.92,0.92,auto_accepted,,2026-08-27 20:03:55,https://www.michigan.gov/dtmb/-/media/Project/Websites/dtmb/Procurement/Contracts/022/260000000713.pdf?rev=044d384e33124f69856ff95f406d8b63&hash=EDE0618298A9461C637E9129261588D0,/Users/arshnoorkaur/Downloads/road_salt_tracker/data/raw/MI/doc_2.pdf,2026-08-27,MI,260000000713,2026-10-01,2027-09-30
4301,2,MI,Leelanau,LEELANAU COUNTY ROAD COMMISSION,Compass,Compass Minerals,,2027,seasonal_fill,200.0,83.61,16722.0,,39,deterministic_pdf,0.92,0.92,0.92,auto_accepted,,2026-08-27 20:03:55,https://www.michigan.gov/dtmb/-/media/Project/Websites/dtmb/Procurement/Contracts/022/260000000713.pdf?rev=044d384e33124f69856ff95f406d8b63&hash=EDE0618298A9461C637E9129261588D0,/Users/arshnoorkaur/Downloads/road_salt_tracker/data/raw/MI/doc_2.pdf,2026-08-27,MI,260000000713,2026-10-01,2027-09-30
4302,2,MI,Manistee,"MANISTEE, CITY OF",Compass,Compass Minerals,,2027,seasonal_fill,500.0,72.89,36445.0,,39,deterministic_pdf,0.92,0.92,0.92,auto_accepted,,2026-08-27 20:03:55,https://www.michigan.gov/dtmb/-/media/Project/Websites/dtmb/Procurement/Contracts/022/260000000713.pdf?rev=044d384e33124f69856ff95f406d8b63&hash=EDE0618298A9461C637E9129261588D0,/Users/arshnoorkaur/Downloads/road_salt_tracker/data/raw/MI/doc_2.pdf,2026-08-27,MI,260000000713,2026-10-01,2027-09-30
4303,2,MI,Manistee,MANISTEE COUNTY ROAD COMMISSION,Compass,Compass Minerals,,2027,seasonal_fill,1000.0,72.89,72890.0,,39,deterministic_pdf,0.92,0.92,0.92,auto_accepted,,2026-08-27 20:03:55,https://www.michigan.gov/dtmb/-/media/Project/Websites/dtmb/Procurement/Contracts/022/260000000713.pdf?rev=044d384e33124f69856ff95f406d8b63&hash=EDE0618298A9461C637E9129261588D0,/Users/arshnoorkaur/Downloads/road_salt_tracker/data/raw/MI/doc_2.pdf,2026-08-27,MI,260000000713,2026-10-01,2027-09-30
4304,2,MI,Missaukee,MISSAUKEE COUNTY ROAD COMMISSION,Compass,Compass Minerals,,2027,seasonal_fill,1400.0,89.33,125062.0,,39,deterministic_pdf,0.92,0.92,0.92,auto_accepted,,2026-08-27 20:03:55,https://www.michigan.gov/dtmb/-/media/Project/Websites/dtmb/Procurement/Contracts/022/260000000713.pdf?rev=044d384e33124f69856ff95f406d8b63&hash=EDE0618298A9461C637E9129261588D0,/Users/arshnoorkaur/Downloads/road_salt_tracker/data/raw/MI/doc_2.pdf,2026-08-27,MI,260000000713,2026-10-01,2027-09-30
4305,2,MI,Montmorency,MONTMORENCY COUNTY ROAD COMMISSION,Compass,Compass Minerals,,2027,seasonal_fill,700.0,80.16,56112.0,,39,deterministic_pdf,0.92,0.92,0.92,auto_accepted,,2026-08-27 20:03:55,https://www.michigan.gov/dtmb/-/media/Project/Websites/dtmb/Procurement/Contracts/022/260000000713.pdf?rev=044d384e33124f69856ff95f406d8b63&hash=EDE0618298A9461C637E9129261588D0,/Users/arshnoorkaur/Downloads/road_salt_tracker/data/raw/MI/doc_2.pdf,2026-08-27,MI,260000000713,2026-10-01,2027-09-30
4306,2,MI,Ogemaw,"WEST BRANCH, CITY OF",Compass,Compass Minerals,,2027,seasonal_fill,200.0,84.37,16874.0,,39,deterministic_pdf,0.92,0.92,0.92,auto_accepted,,2026-08-27 20:03:55,https://www.michigan.gov/dtmb/-/media/Project/Websites/dtmb/Procurement/Contracts/022/260000000713.pdf?rev=044d384e33124f69856ff95f406d8b63&hash=EDE0618298A9461C637E9129261588D0,/Users/arshnoorkaur/Downloads/road_salt_tracker/data/raw/MI/doc_2.pdf,2026-08-27,MI,260000000713,2026-10-01,2027-09-30
4307,2,MI,Ogemaw,ROSE CITY POLICE DEPARTMENT,Compass,Compass Minerals,,2027,seasonal_fill,100.0,84.37,8437.0,,39,deterministic_pdf,0.92,0.92,0.92,auto_accepted,,2026-08-27 20:03:55,https://www.michigan.gov/dtmb/-/media/Project/Websites/dtmb/Procurement/Contracts/022/260000000713.pdf?rev=044d384e33124f69856ff95f406d8b63&hash=EDE0618298A9461C637E9129261588D0,/Users/arshnoorkaur/Downloads/road_salt_tracker/data/raw/MI/doc_2.pdf,2026-08-27,MI,260000000713,2026-10-01,2027-09-30
4308,2,MI,Ogemaw,OGEMAW COUNTY ROAD COMMISSION,Compass,Compass Minerals,,2027,seasonal_fill,1050.0,84.37,88588.5,,39,deterministic_pdf,0.92,0.92,0.92,auto_accepted,,2026-08-27 20:03:55,https://www.michigan.gov/dtmb/-/media/Project/Websites/dtmb/Procurement/Contracts/022/260000000713.pdf?rev=044d384e33124f69856ff95f406d8b63&hash=EDE0618298A9461C637E9129261588D0,/Users/arshnoorkaur/Downloads/road_salt_tracker/data/raw/MI/doc_2.pdf,2026-08-27,MI,260000000713,2026-10-01,2027-09-30
4309,2,MI,Oscoda,OSCODA COUNTY ROAD COMMISSION,Compass,Compass Minerals,,2027,seasonal_fill,250.0,79.05,19762.5,,39,deterministic_pdf,0.92,0.92,0.92,auto_accepted,,2026-08-27 20:03:55,https://www.michigan.gov/dtmb/-/media/Project/Websites/dtmb/Procurement/Contracts/022/260000000713.pdf?rev=044d384e33124f69856ff95f406d8b63&hash=EDE0618298A9461C637E9129261588D0,/Users/arshnoorkaur/Downloads/road_salt_tracker/data/raw/MI/doc_2.pdf,2026-08-27,MI,260000000713,2026-10-01,2027-09-30
4310,2,MI,Otsego,"GAYLORD, CITY OF",Compass,Compass Minerals,,2027,seasonal_fill,1000.0,80.93,80930.0,,39,deterministic_pdf,0.92,0.92,0.92,auto_accepted,,2026-08-27 20:03:55,https://www.michigan.gov/dtmb/-/media/Project/Websites/dtmb/Procurement/Contracts/022/260000000713.pdf?rev=044d384e33124f69856ff95f406d8b63&hash=EDE0618298A9461C637E9129261588D0,/Users/arshnoorkaur/Downloads/road_salt_tracker/data/raw/MI/doc_2.pdf,2026-08-27,MI,260000000713,2026-10-01,2027-09-30
4311,2,MI,Otsego,OTSEGO COUNTY ROAD COMMISSION,Compass,Compass Minerals,,2027,seasonal_fill,500.0,80.93,40465.0,,39,deterministic_pdf,0.92,0.92,0.92,auto_accepted,,2026-08-27 20:03:55,https://www.michigan.gov/dtmb/-/media/Project/Websites/dtmb/Procurement/Contracts/022/260000000713.pdf?rev=044d384e33124f69856ff95f406d8b63&hash=EDE0618298A9461C637E9129261588D0,/Users/arshnoorkaur/Downloads/road_salt_tracker/data/raw/MI/doc_2.pdf,2026-08-27,MI,260000000713,2026-10-01,2027-09-30
4312,2,MI,Presque Isle,"ROGERS CITY, CITY OF",Compass,Compass Minerals,,2027,seasonal_fill,100.0,80.37,8037.0,,39,deterministic_pdf,0.92,0.92,0.92,auto_accepted,,2026-08-27 20:03:55,https://www.michigan.gov/dtmb/-/media/Project/Websites/dtmb/Procurement/Contracts/022/260000000713.pdf?rev=044d384e33124f69856ff95f406d8b63&hash=EDE0618298A9461C637E9129261588D0,/Users/arshnoorkaur/Downloads/road_salt_tracker/data/raw/MI/doc_2.pdf,2026-08-27,MI,260000000713,2026-10-01,2027-09-30
4313,2,MI,Presque Isle,PRESQUE ISLE COUNTY ROAD COMMISSION,Compass,Compass Minerals,,2027,seasonal_fill,700.0,80.37,56259.0,,39,deterministic_pdf,0.92,0.92,0.92,auto_accepted,,2026-08-27 20:03:55,https://www.michigan.gov/dtmb/-/media/Project/Websites/dtmb/Procurement/Contracts/022/260000000713.pdf?rev=044d384e33124f69856ff95f406d8b63&hash=EDE0618298A9461C637E9129261588D0,/Users/arshnoorkaur/Downloads/road_salt_tracker/data/raw/MI/doc_2.pdf,2026-08-27,MI,260000000713,2026-10-01,2027-09-30
4314,2,MI,Presque Isle,PRESQUE ISLE COUNTY ROAD COMMISSION,Compass,Compass Minerals,,2027,seasonal_fill,500.0,80.37,40185.0,,39,deterministic_pdf,0.92,0.92,0.92,auto_accepted,,2026-08-27 20:03:55,https://www.michigan.gov/dtmb/-/media/Project/Websites/dtmb/Procurement/Contracts/022/260000000713.pdf?rev=044d384e33124f69856ff95f406d8b63&hash=EDE0618298A9461C637E9129261588D0,/Users/arshnoorkaur/Downloads/road_salt_tracker/data/raw/MI/doc_2.pdf,2026-08-27,MI,260000000713,2026-10-01,2027-09-30
4315,2,MI,Presque Isle,PRESQUE ISLE COUNTY ROAD COMMISSION,Compass,Compass Minerals,,2027,seasonal_fill,800.0,80.37,64296.0,,39,deterministic_pdf,0.92,0.92,0.92,auto_accepted,,2026-08-27 20:03:55,https://www.michigan.gov/dtmb/-/media/Project/Websites/dtmb/Procurement/Contracts/022/260000000713.pdf?rev=044d384e33124f69856ff95f406d8b63&hash=EDE0618298A9461C637E9129261588D0,/Users/arshnoorkaur/Downloads/road_salt_tracker/data/raw/MI/doc_2.pdf,2026-08-27,MI,260000000713,2026-10-01,2027-09-30
4316,2,MI,Roscommon,ROSCOMMON COUNTY ROAD COMMISSION,Compass,Compass Minerals,,2027,seasonal_fill,150.0,79.68,11952.0,,39,deterministic_pdf,0.92,0.92,0.92,auto_accepted,,2026-08-27 20:03:55,https://www.michigan.gov/dtmb/-/media/Project/Websites/dtmb/Procurement/Contracts/022/260000000713.pdf?rev=044d384e33124f69856ff95f406d8b63&hash=EDE0618298A9461C637E9129261588D0,/Users/arshnoorkaur/Downloads/road_salt_tracker/data/raw/MI/doc_2.pdf,2026-08-27,MI,260000000713,2026-10-01,2027-09-30
4317,2,MI,Roscommon,ROSCOMMON COUNTY ROAD COMMISSION,Compass,Compass Minerals,,2027,seasonal_fill,3100.0,79.68,247008.0,,39,deterministic_pdf,0.92,0.92,0.92,auto_accepted,,2026-08-27 20:03:55,https://www.michigan.gov/dtmb/-/media/Project/Websites/dtmb/Procurement/Contracts/022/260000000713.pdf?rev=044d384e33124f69856ff95f406d8b63&hash=EDE0618298A9461C637E9129261588D0,/Users/arshnoorkaur/Downloads/road_salt_tracker/data/raw/MI/doc_2.pdf,2026-08-27,MI,260000000713,2026-10-01,2027-09-30
4318,2,MI,Roscommon,ROSCOMMON COUNTY ROAD COMMISSION,Compass,Compass Minerals,,2027,seasonal_fill,100.0,79.68,7968.0,,39,deterministic_pdf,0.92,0.92,0.92,auto_accepted,,2026-08-27 20:03:55,https://www.michigan.gov/dtmb/-/media/Project/Websites/dtmb/Procurement/Contracts/022/260000000713.pdf?rev=044d384e33124f69856ff95f406d8b63&hash=EDE0618298A9461C637E9129261588D0,/Users/arshnoorkaur/Downloads/road_salt_tracker/data/raw/MI/doc_2.pdf,2026-08-27,MI,260000000713,2026-10-01,2027-09-30
4319,2,MI,Wexford,WEXFORD COUNTY ROAD COMMISSION,Compass,Compass Minerals,,2027,seasonal_fill,1000.0,83.18,83180.0,,39,deterministic_pdf,0.92,0.92,0.92,auto_accepted,,2026-08-27 20:03:55,https://www.michigan.gov/dtmb/-/media/Project/Websites/dtmb/Procurement/Contracts/022/260000000713.pdf?rev=044d384e33124f69856ff95f406d8b63&hash=EDE0618298A9461C637E9129261588D0,/Users/arshnoorkaur/Downloads/road_salt_tracker/data/raw/MI/doc_2.pdf,2026-08-27,MI,260000000713,2026-10-01,2027-09-30
4320,2,MI,Wexford,WEXFORD COUNTY ROAD COMMISSION,Compass,Compass Minerals,,2027,seasonal_fill,200.0,83.18,16636.0,,39,deterministic_pdf,0.92,0.92,0.92,auto_accepted,,2026-08-27 20:03:55,https://www.michigan.gov/dtmb/-/media/Project/Websites/dtmb/Procurement/Contracts/022/260000000713.pdf?rev=044d384e33124f69856ff95f406d8b63&hash=EDE0618298A9461C637E9129261588D0,/Users/arshnoorkaur/Downloads/road_salt_tracker/data/raw/MI/doc_2.pdf,2026-08-27,MI,260000000713,2026-10-01,2027-09-30
4321,2,MI,Allegan,"Douglas, City of",Compass,Compass Minerals,,2027,seasonal_fill,300.0,75.26,22578.0,,39,deterministic_pdf,0.92,0.92,0.92,auto_accepted,,2026-08-27 20:03:55,https://www.michigan.gov/dtmb/-/media/Project/Websites/dtmb/Procurement/Contracts/022/260000000713.pdf?rev=044d384e33124f69856ff95f406d8b63&hash=EDE0618298A9461C637E9129261588D0,/Users/arshnoorkaur/Downloads/road_salt_tracker/data/raw/MI/doc_2.pdf,2026-08-27,MI,260000000713,2026-10-01,2027-09-30
4322,2,MI,Allegan,"SAUGATUCK, CITY OF",Compass,Compass Minerals,,2027,seasonal_fill,200.0,75.26,15052.0,,39,deterministic_pdf,0.92,0.92,0.92,auto_accepted,,2026-08-27 20:03:55,https://www.michigan.gov/dtmb/-/media/Project/Websites/dtmb/Procurement/Contracts/022/260000000713.pdf?rev=044d384e33124f69856ff95f406d8b63&hash=EDE0618298A9461C637E9129261588D0,/Users/arshnoorkaur/Downloads/road_salt_tracker/data/raw/MI/doc_2.pdf,2026-08-27,MI,260000000713,2026-10-01,2027-09-30
4323,2,MI,Allegan,"PLAINWELL, CITY OF",Compass,Compass Minerals,,2027,seasonal_fill,100.0,75.26,7526.0,,39,deterministic_pdf,0.92,0.92,0.92,auto_accepted,,2026-08-27 20:03:55,https://www.michigan.gov/dtmb/-/media/Project/Websites/dtmb/Procurement/Contracts/022/260000000713.pdf?rev=044d384e33124f69856ff95f406d8b63&hash=EDE0618298A9461C637E9129261588D0,/Users/arshnoorkaur/Downloads/road_salt_tracker/data/raw/MI/doc_2.pdf,2026-08-27,MI,260000000713,2026-10-01,2027-09-30
4324,2,MI,Allegan,PLAINWELL COMMUNITY SCHOOLS,Compass,Compass Minerals,,2027,seasonal_fill,50.0,75.26,3763.0,,39,deterministic_pdf,0.92,0.92,0.92,auto_accepted,,2026-08-27 20:03:55,https://www.michigan.gov/dtmb/-/media/Project/Websites/dtmb/Procurement/Contracts/022/260000000713.pdf?rev=044d384e33124f69856ff95f406d8b63&hash=EDE0618298A9461C637E9129261588D0,/Users/arshnoorkaur/Downloads/road_salt_tracker/data/raw/MI/doc_2.pdf,2026-08-27,MI,260000000713,2026-10-01,2027-09-30
4325,2,MI,Allegan,"ALLEGAN, CITY OF",Compass,Compass Minerals,,2027,seasonal_fill,200.0,75.26,15052.0,,39,deterministic_pdf,0.92,0.92,0.92,auto_accepted,,2026-08-27 20:03:55,https://www.michigan.gov/dtmb/-/media/Project/Websites/dtmb/Procurement/Contracts/022/260000000713.pdf?rev=044d384e33124f69856ff95f406d8b63&hash=EDE0618298A9461C637E9129261588D0,/Users/arshnoorkaur/Downloads/road_salt_tracker/data/raw/MI/doc_2.pdf,2026-08-27,MI,260000000713,2026-10-01,2027-09-30
4326,2,MI,Allegan,"OTSEGO, CITY OF",Compass,Compass Minerals,,2027,seasonal_fill,200.0,75.26,15052.0,,39,deterministic_pdf,0.92,0.92,0.92,auto_accepted,,2026-08-27 20:03:55,https://www.michigan.gov/dtmb/-/media/Project/Websites/dtmb/Procurement/Contracts/022/260000000713.pdf?rev=044d384e33124f69856ff95f406d8b63&hash=EDE0618298A9461C637E9129261588D0,/Users/arshnoorkaur/Downloads/road_salt_tracker/data/raw/MI/doc_2.pdf,2026-08-27,MI,260000000713,2026-10-01,2027-09-30
4327,2,MI,Allegan,WAYLAND UNION SCHOOLS,Compass,Compass Minerals,,2027,seasonal_fill,50.0,75.26,3763.0,,39,deterministic_pdf,0.92,0.92,0.92,auto_accepted,,2026-08-27 20:03:55,https://www.michigan.gov/dtmb/-/media/Project/Websites/dtmb/Procurement/Contracts/022/260000000713.pdf?rev=044d384e33124f69856ff95f406d8b63&hash=EDE0618298A9461C637E9129261588D0,/Users/arshnoorkaur/Downloads/road_salt_tracker/data/raw/MI/doc_2.pdf,2026-08-27,MI,260000000713,2026-10-01,2027-09-30
4328,2,MI,Allegan,"FENNVILLE, CITY OF",Compass,Compass Minerals,,2027,seasonal_fill,50.0,75.26,3763.0,,39,deterministic_pdf,0.92,0.92,0.92,auto_accepted,,2026-08-27 20:03:55,https://www.michigan.gov/dtmb/-/media/Project/Websites/dtmb/Procurement/Contracts/022/260000000713.pdf?rev=044d384e33124f69856ff95f406d8b63&hash=EDE0618298A9461C637E9129261588D0,/Users/arshnoorkaur/Downloads/road_salt_tracker/data/raw/MI/doc_2.pdf,2026-08-27,MI,260000000713,2026-10-01,2027-09-30
4329,2,MI,Allegan,"WAYLAND, CITY OF",Compass,Compass Minerals,,2027,seasonal_fill,600.0,75.26,45156.0,,39,deterministic_pdf,0.92,0.92,0.92,auto_accepted,,2026-08-27 20:03:55,https://www.michigan.gov/dtmb/-/media/Project/Websites/dtmb/Procurement/Contracts/022/260000000713.pdf?rev=044d384e33124f69856ff95f406d8b63&hash=EDE0618298A9461C637E9129261588D0,/Users/arshnoorkaur/Downloads/road_salt_tracker/data/raw/MI/doc_2.pdf,2026-08-27,MI,260000000713,2026-10-01,2027-09-30
4330,2,MI,Allegan,ALLEGAN COUNTY ROAD COMMISSION,Compass,Compass Minerals,,2027,seasonal_fill,750.0,75.26,56445.0,,39,deterministic_pdf,0.92,0.92,0.92,auto_accepted,,2026-08-27 20:03:55,https://www.michigan.gov/dtmb/-/media/Project/Websites/dtmb/Procurement/Contracts/022/260000000713.pdf?rev=044d384e33124f69856ff95f406d8b63&hash=EDE0618298A9461C637E9129261588D0,/Users/arshnoorkaur/Downloads/road_salt_tracker/data/raw/MI/doc_2.pdf,2026-08-27,MI,260000000713,2026-10-01,2027-09-30
4331,2,MI,Allegan,"HOLLAND, CITY OF",Compass,Compass Minerals,,2027,seasonal_fill,2500.0,75.26,188150.0,,39,deterministic_pdf,0.92,0.92,0.92,auto_accepted,,2026-08-27 20:03:55,https://www.michigan.gov/dtmb/-/media/Project/Websites/dtmb/Procurement/Contracts/022/260000000713.pdf?rev=044d384e33124f69856ff95f406d8b63&hash=EDE0618298A9461C637E9129261588D0,/Users/arshnoorkaur/Downloads/road_salt_tracker/data/raw/MI/doc_2.pdf,2026-08-27,MI,260000000713,2026-10-01,2027-09-30
4332,2,MI,Kent,Caledonia Community Schools,Compass,Compass Minerals,,2027,seasonal_fill,150.0,104.23,15634.5,,39,deterministic_pdf,0.92,0.92,0.77,auto_accepted,price outlier for state/FY,2026-08-27 20:03:55,https://www.michigan.gov/dtmb/-/media/Project/Websites/dtmb/Procurement/Contracts/022/260000000713.pdf?rev=044d384e33124f69856ff95f406d8b63&hash=EDE0618298A9461C637E9129261588D0,/Users/arshnoorkaur/Downloads/road_salt_tracker/data/raw/MI/doc_2.pdf,2026-08-27,MI,260000000713,2026-10-01,2027-09-30
4333,2,MI,Kent,"KENT CITY, VILLAGE OF",Compass,Compass Minerals,,2027,seasonal_fill,50.0,104.23,5211.5,,39,deterministic_pdf,0.92,0.92,0.77,auto_accepted,price outlier for state/FY,2026-08-27 20:03:55,https://www.michigan.gov/dtmb/-/media/Project/Websites/dtmb/Procurement/Contracts/022/260000000713.pdf?rev=044d384e33124f69856ff95f406d8b63&hash=EDE0618298A9461C637E9129261588D0,/Users/arshnoorkaur/Downloads/road_salt_tracker/data/raw/MI/doc_2.pdf,2026-08-27,MI,260000000713,2026-10-01,2027-09-30
4334,2,MI,Lake,LAKE COUNTY ROAD COMMISSION,Compass,Compass Minerals,,2027,seasonal_fill,500.0,87.66,43830.0,,39,deterministic_pdf,0.92,0.92,0.92,auto_accepted,,2026-08-27 20:03:55,https://www.michigan.gov/dtmb/-/media/Project/Websites/dtmb/Procurement/Contracts/022/260000000713.pdf?rev=044d384e33124f69856ff95f406d8b63&hash=EDE0618298A9461C637E9129261588D0,/Users/arshnoorkaur/Downloads/road_salt_tracker/data/raw/MI/doc_2.pdf,2026-08-27,MI,260000000713,2026-10-01,2027-09-30
4335,2,MI,Mason,"LUDINGTON, CITY OF",Compass,Compass Minerals,,2027,seasonal_fill,800.0,77.58,62064.0,,39,deterministic_pdf,0.92,0.92,0.92,auto_accepted,,2026-08-27 20:03:55,https://www.michigan.gov/dtmb/-/media/Project/Websites/dtmb/Procurement/Contracts/022/260000000713.pdf?rev=044d384e33124f69856ff95f406d8b63&hash=EDE0618298A9461C637E9129261588D0,/Users/arshnoorkaur/Downloads/road_salt_tracker/data/raw/MI/doc_2.pdf,2026-08-27,MI,260000000713,2026-10-01,2027-09-30
4336,2,MI,Mason,MASON COUNTY ROAD COMMISSION,Compass,Compass Minerals,,2027,seasonal_fill,1000.0,77.58,77580.0,,39,deterministic_pdf,0.92,0.92,0.92,auto_accepted,,2026-08-27 20:03:55,https://www.michigan.gov/dtmb/-/media/Project/Websites/dtmb/Procurement/Contracts/022/260000000713.pdf?rev=044d384e33124f69856ff95f406d8b63&hash=EDE0618298A9461C637E9129261588D0,/Users/arshnoorkaur/Downloads/road_salt_tracker/data/raw/MI/doc_2.pdf,2026-08-27,MI,260000000713,2026-10-01,2027-09-30
4337,2,MI,Mecosta,FERRIS STATE UNIVERSITY,Compass,Compass Minerals,,2027,seasonal_fill,750.0,83.57,62677.5,,39,deterministic_pdf,0.92,0.92,0.92,auto_accepted,,2026-08-27 20:03:55,https://www.michigan.gov/dtmb/-/media/Project/Websites/dtmb/Procurement/Contracts/022/260000000713.pdf?rev=044d384e33124f69856ff95f406d8b63&hash=EDE0618298A9461C637E9129261588D0,/Users/arshnoorkaur/Downloads/road_salt_tracker/data/raw/MI/doc_2.pdf,2026-08-27,MI,260000000713,2026-10-01,2027-09-30
4338,2,MI,Mecosta,"BIG RAPIDS, CITY OF",Compass,Compass Minerals,,2027,seasonal_fill,100.0,83.57,8357.0,,39,deterministic_pdf,0.92,0.92,0.92,auto_accepted,,2026-08-27 20:03:55,https://www.michigan.gov/dtmb/-/media/Project/Websites/dtmb/Procurement/Contracts/022/260000000713.pdf?rev=044d384e33124f69856ff95f406d8b63&hash=EDE0618298A9461C637E9129261588D0,/Users/arshnoorkaur/Downloads/road_salt_tracker/data/raw/MI/doc_2.pdf,2026-08-27,MI,260000000713,2026-10-01,2027-09-30
4339,2,MI,Mecosta,MECOSTA COUNTY ROAD COMMISSION,Compass,Compass Minerals,,2027,seasonal_fill,550.0,83.57,45963.5,,39,deterministic_pdf,0.92,0.92,0.92,auto_accepted,,2026-08-27 20:03:55,https://www.michigan.gov/dtmb/-/media/Project/Websites/dtmb/Procurement/Contracts/022/260000000713.pdf?rev=044d384e33124f69856ff95f406d8b63&hash=EDE0618298A9461C637E9129261588D0,/Users/arshnoorkaur/Downloads/road_salt_tracker/data/raw/MI/doc_2.pdf,2026-08-27,MI,260000000713,2026-10-01,2027-09-30
4340,2,MI,Mecosta,MECOSTA COUNTY ROAD COMMISSION,Compass,Compass Minerals,,2027,seasonal_fill,500.0,83.57,41785.0,,39,deterministic_pdf,0.92,0.92,0.92,auto_accepted,,2026-08-27 20:03:55,https://www.michigan.gov/dtmb/-/media/Project/Websites/dtmb/Procurement/Contracts/022/260000000713.pdf?rev=044d384e33124f69856ff95f406d8b63&hash=EDE0618298A9461C637E9129261588D0,/Users/arshnoorkaur/Downloads/road_salt_tracker/data/raw/MI/doc_2.pdf,2026-08-27,MI,260000000713,2026-10-01,2027-09-30
4341,2,MI,Montcalm,"LAKEVIEW, VILLAGE OF",Compass,Compass Minerals,,2027,seasonal_fill,100.0,86.15,8615.0,,39,deterministic_pdf,0.92,0.92,0.92,auto_accepted,,2026-08-27 20:03:55,https://www.michigan.gov/dtmb/-/media/Project/Websites/dtmb/Procurement/Contracts/022/260000000713.pdf?rev=044d384e33124f69856ff95f406d8b63&hash=EDE0618298A9461C637E9129261588D0,/Users/arshnoorkaur/Downloads/road_salt_tracker/data/raw/MI/doc_2.pdf,2026-08-27,MI,260000000713,2026-10-01,2027-09-30
4342,2,MI,Montcalm,"GREENVILLE, CITY OF",Compass,Compass Minerals,,2027,seasonal_fill,1000.0,86.15,86150.0,,39,deterministic_pdf,0.92,0.92,0.92,auto_accepted,,2026-08-27 20:03:55,https://www.michigan.gov/dtmb/-/media/Project/Websites/dtmb/Procurement/Contracts/022/260000000713.pdf?rev=044d384e33124f69856ff95f406d8b63&hash=EDE0618298A9461C637E9129261588D0,/Users/arshnoorkaur/Downloads/road_salt_tracker/data/raw/MI/doc_2.pdf,2026-08-27,MI,260000000713,2026-10-01,2027-09-30
4343,2,MI,Montcalm,"GREENVILLE, CITY OF",Compass,Compass Minerals,,2027,seasonal_fill,100.0,86.15,8615.0,,39,deterministic_pdf,0.92,0.92,0.92,auto_accepted,,2026-08-27 20:03:55,https://www.michigan.gov/dtmb/-/media/Project/Websites/dtmb/Procurement/Contracts/022/260000000713.pdf?rev=044d384e33124f69856ff95f406d8b63&hash=EDE0618298A9461C637E9129261588D0,/Users/arshnoorkaur/Downloads/road_salt_tracker/data/raw/MI/doc_2.pdf,2026-08-27,MI,260000000713,2026-10-01,2027-09-30
4344,2,MI,Montcalm,"HOWARD CITY, VILLAGE OF",Compass,Compass Minerals,,2027,seasonal_fill,100.0,86.15,8615.0,,39,deterministic_pdf,0.92,0.92,0.92,auto_accepted,,2026-08-27 20:03:55,https://www.michigan.gov/dtmb/-/media/Project/Websites/dtmb/Procurement/Contracts/022/260000000713.pdf?rev=044d384e33124f69856ff95f406d8b63&hash=EDE0618298A9461C637E9129261588D0,/Users/arshnoorkaur/Downloads/road_salt_tracker/data/raw/MI/doc_2.pdf,2026-08-27,MI,260000000713,2026-10-01,2027-09-30
4345,2,MI,Muskegon,"ROOSEVELT PARK, CITY OF",Compass,Compass Minerals,,2027,seasonal_fill,150.0,67.56,10134.0,,39,deterministic_pdf,0.92,0.92,0.92,auto_accepted,,2026-08-27 20:03:55,https://www.michigan.gov/dtmb/-/media/Project/Websites/dtmb/Procurement/Contracts/022/260000000713.pdf?rev=044d384e33124f69856ff95f406d8b63&hash=EDE0618298A9461C637E9129261588D0,/Users/arshnoorkaur/Downloads/road_salt_tracker/data/raw/MI/doc_2.pdf,2026-08-27,MI,260000000713,2026-10-01,2027-09-30
4346,2,MI,Muskegon,MUSKEGON COUNTY ROAD COMMISSION,Compass,Compass Minerals,,2027,seasonal_fill,8500.0,67.56,574260.0,,39,deterministic_pdf,0.92,0.92,0.92,auto_accepted,,2026-08-27 20:03:55,https://www.michigan.gov/dtmb/-/media/Project/Websites/dtmb/Procurement/Contracts/022/260000000713.pdf?rev=044d384e33124f69856ff95f406d8b63&hash=EDE0618298A9461C637E9129261588D0,/Users/arshnoorkaur/Downloads/road_salt_tracker/data/raw/MI/doc_2.pdf,2026-08-27,MI,260000000713,2026-10-01,2027-09-30
4347,2,MI,Muskegon,MUSKEGON COUNTY ROAD COMMISSION,Compass,Compass Minerals,,2027,seasonal_fill,9000.0,67.56,608040.0,,39,deterministic_pdf,0.92,0.92,0.92,auto_accepted,,2026-08-27 20:03:55,https://www.michigan.gov/dtmb/-/media/Project/Websites/dtmb/Procurement/Contracts/022/260000000713.pdf?rev=044d384e33124f69856ff95f406d8b63&hash=EDE0618298A9461C637E9129261588D0,/Users/arshnoorkaur/Downloads/road_salt_tracker/data/raw/MI/doc_2.pdf,2026-08-27,MI,260000000713,2026-10-01,2027-09-30
4348,2,MI,Muskegon,"NORTH MUSKEGON, CITY OF",Compass,Compass Minerals,,2027,seasonal_fill,350.0,67.56,23646.0,,39,deterministic_pdf,0.92,0.92,0.92,auto_accepted,,2026-08-27 20:03:55,https://www.michigan.gov/dtmb/-/media/Project/Websites/dtmb/Procurement/Contracts/022/260000000713.pdf?rev=044d384e33124f69856ff95f406d8b63&hash=EDE0618298A9461C637E9129261588D0,/Users/arshnoorkaur/Downloads/road_salt_tracker/data/raw/MI/doc_2.pdf,2026-08-27,MI,260000000713,2026-10-01,2027-09-30
4349,2,MI,Muskegon,"FRUITPORT, VILLAGE OF",Compass,Compass Minerals,,2027,seasonal_fill,50.0,67.56,3378.0,,39,deterministic_pdf,0.92,0.92,0.92,auto_accepted,,2026-08-27 20:03:55,https://www.michigan.gov/dtmb/-/media/Project/Websites/dtmb/Procurement/Contracts/022/260000000713.pdf?rev=044d384e33124f69856ff95f406d8b63&hash=EDE0618298A9461C637E9129261588D0,/Users/arshnoorkaur/Downloads/road_salt_tracker/data/raw/MI/doc_2.pdf,2026-08-27,MI,260000000713,2026-10-01,2027-09-30
4350,2,MI,Muskegon,"NORTON SHORES, CITY OF",Compass,Compass Minerals,,2027,seasonal_fill,2100.0,67.56,141876.0,,39,deterministic_pdf,0.92,0.92,0.92,auto_accepted,,2026-08-27 20:03:55,https://www.michigan.gov/dtmb/-/media/Project/Websites/dtmb/Procurement/Contracts/022/260000000713.pdf?rev=044d384e33124f69856ff95f406d8b63&hash=EDE0618298A9461C637E9129261588D0,/Users/arshnoorkaur/Downloads/road_salt_tracker/data/raw/MI/doc_2.pdf,2026-08-27,MI,260000000713,2026-10-01,2027-09-30
4351,2,MI,Muskegon,"MDOC-E C BROOKS CORRECTIONAL FACILITY-
AGENCY",Compass,Compass Minerals,,2027,seasonal_fill,50.0,67.56,3378.0,,39,deterministic_pdf,0.92,0.92,0.92,auto_accepted,,2026-08-27 20:03:55,https://www.michigan.gov/dtmb/-/media/Project/Websites/dtmb/Procurement/Contracts/022/260000000713.pdf?rev=044d384e33124f69856ff95f406d8b63&hash=EDE0618298A9461C637E9129261588D0,/Users/arshnoorkaur/Downloads/road_salt_tracker/data/raw/MI/doc_2.pdf,2026-08-27,MI,260000000713,2026-10-01,2027-09-30
4352,2,MI,Muskegon,"MUSKEGON, CITY OF",Compass,Compass Minerals,,2027,seasonal_fill,3000.0,67.56,202680.0,,39,deterministic_pdf,0.92,0.92,0.92,auto_accepted,,2026-08-27 20:03:55,https://www.michigan.gov/dtmb/-/media/Project/Websites/dtmb/Procurement/Contracts/022/260000000713.pdf?rev=044d384e33124f69856ff95f406d8b63&hash=EDE0618298A9461C637E9129261588D0,/Users/arshnoorkaur/Downloads/road_salt_tracker/data/raw/MI/doc_2.pdf,2026-08-27,MI,260000000713,2026-10-01,2027-09-30
4353,2,MI,Muskegon,"RAVENNA, VILLAGE OF",Compass,Compass Minerals,,2027,seasonal_fill,100.0,67.56,6756.0,,39,deterministic_pdf,0.92,0.92,0.92,auto_accepted,,2026-08-27 20:03:55,https://www.michigan.gov/dtmb/-/media/Project/Websites/dtmb/Procurement/Contracts/022/260000000713.pdf?rev=044d384e33124f69856ff95f406d8b63&hash=EDE0618298A9461C637E9129261588D0,/Users/arshnoorkaur/Downloads/road_salt_tracker/data/raw/MI/doc_2.pdf,2026-08-27,MI,260000000713,2026-10-01,2027-09-30
4354,2,MI,Newaygo,NEWAYGO COUNTY ROAD COMMISSION,Compass,Compass Minerals,,2027,seasonal_fill,1500.0,83.85,125775.0,,40,deterministic_pdf,0.92,0.92,0.92,auto_accepted,,2026-08-27 20:03:55,https://www.michigan.gov/dtmb/-/media/Project/Websites/dtmb/Procurement/Contracts/022/260000000713.pdf?rev=044d384e33124f69856ff95f406d8b63&hash=EDE0618298A9461C637E9129261588D0,/Users/arshnoorkaur/Downloads/road_salt_tracker/data/raw/MI/doc_2.pdf,2026-08-27,MI,260000000713,2026-10-01,2027-09-30
4355,2,MI,Newaygo,NEWAYGO COUNTY ROAD COMMISSION,Compass,Compass Minerals,,2027,seasonal_fill,6500.0,83.85,545025.0,,40,deterministic_pdf,0.92,0.92,0.92,auto_accepted,,2026-08-27 20:03:55,https://www.michigan.gov/dtmb/-/media/Project/Websites/dtmb/Procurement/Contracts/022/260000000713.pdf?rev=044d384e33124f69856ff95f406d8b63&hash=EDE0618298A9461C637E9129261588D0,/Users/arshnoorkaur/Downloads/road_salt_tracker/data/raw/MI/doc_2.pdf,2026-08-27,MI,260000000713,2026-10-01,2027-09-30
4356,2,MI,Newaygo,"FREMONT, CITY OF",Compass,Compass Minerals,,2027,seasonal_fill,50.0,83.85,4192.5,,40,deterministic_pdf,0.92,0.92,0.92,auto_accepted,,2026-08-27 20:03:55,https://www.michigan.gov/dtmb/-/media/Project/Websites/dtmb/Procurement/Contracts/022/260000000713.pdf?rev=044d384e33124f69856ff95f406d8b63&hash=EDE0618298A9461C637E9129261588D0,/Users/arshnoorkaur/Downloads/road_salt_tracker/data/raw/MI/doc_2.pdf,2026-08-27,MI,260000000713,2026-10-01,2027-09-30
4357,2,MI,Oceana,OCEANA COUNTY ROAD COMMISSION,Compass,Compass Minerals,,2027,seasonal_fill,4300.0,77.16,331788.0,,40,deterministic_pdf,0.92,0.92,0.92,auto_accepted,,2026-08-27 20:03:55,https://www.michigan.gov/dtmb/-/media/Project/Websites/dtmb/Procurement/Contracts/022/260000000713.pdf?rev=044d384e33124f69856ff95f406d8b63&hash=EDE0618298A9461C637E9129261588D0,/Users/arshnoorkaur/Downloads/road_salt_tracker/data/raw/MI/doc_2.pdf,2026-08-27,MI,260000000713,2026-10-01,2027-09-30
4358,2,MI,Oceana,OCEANA COUNTY ROAD COMMISSION,Compass,Compass Minerals,,2027,seasonal_fill,3500.0,77.16,270060.0,,40,deterministic_pdf,0.92,0.92,0.92,auto_accepted,,2026-08-27 20:03:55,https://www.michigan.gov/dtmb/-/media/Project/Websites/dtmb/Procurement/Contracts/022/260000000713.pdf?rev=044d384e33124f69856ff95f406d8b63&hash=EDE0618298A9461C637E9129261588D0,/Users/arshnoorkaur/Downloads/road_salt_tracker/data/raw/MI/doc_2.pdf,2026-08-27,MI,260000000713,2026-10-01,2027-09-30
4359,2,MI,Osceola,"EVART, CITY OF",Compass,Compass Minerals,,2027,seasonal_fill,150.0,88.82,13323.0,,40,deterministic_pdf,0.92,0.92,0.92,auto_accepted,,2026-08-27 20:03:55,https://www.michigan.gov/dtmb/-/media/Project/Websites/dtmb/Procurement/Contracts/022/260000000713.pdf?rev=044d384e33124f69856ff95f406d8b63&hash=EDE0618298A9461C637E9129261588D0,/Users/arshnoorkaur/Downloads/road_salt_tracker/data/raw/MI/doc_2.pdf,2026-08-27,MI,260000000713,2026-10-01,2027-09-30
4360,2,MI,Osceola,OSCEOLA COUNTY ROAD COMMISSION,Compass,Compass Minerals,,2027,seasonal_fill,1500.0,88.82,133230.0,,40,deterministic_pdf,0.92,0.92,0.92,auto_accepted,,2026-08-27 20:03:55,https://www.michigan.gov/dtmb/-/media/Project/Websites/dtmb/Procurement/Contracts/022/260000000713.pdf?rev=044d384e33124f69856ff95f406d8b63&hash=EDE0618298A9461C637E9129261588D0,/Users/arshnoorkaur/Downloads/road_salt_tracker/data/raw/MI/doc_2.pdf,2026-08-27,MI,260000000713,2026-10-01,2027-09-30
4361,2,MI,Osceola,REED CITY AREA PUBLIC SCHOOLS,Compass,Compass Minerals,,2027,seasonal_fill,50.0,88.82,4441.0,,40,deterministic_pdf,0.92,0.92,0.92,auto_accepted,,2026-08-27 20:03:55,https://www.michigan.gov/dtmb/-/media/Project/Websites/dtmb/Procurement/Contracts/022/260000000713.pdf?rev=044d384e33124f69856ff95f406d8b63&hash=EDE0618298A9461C637E9129261588D0,/Users/arshnoorkaur/Downloads/road_salt_tracker/data/raw/MI/doc_2.pdf,2026-08-27,MI,260000000713,2026-10-01,2027-09-30
4362,2,MI,Osceola,"REED CITY, CITY OF",Compass,Compass Minerals,,2027,seasonal_fill,100.0,88.82,8882.0,,40,deterministic_pdf,0.92,0.92,0.92,auto_accepted,,2026-08-27 20:03:55,https://www.michigan.gov/dtmb/-/media/Project/Websites/dtmb/Procurement/Contracts/022/260000000713.pdf?rev=044d384e33124f69856ff95f406d8b63&hash=EDE0618298A9461C637E9129261588D0,/Users/arshnoorkaur/Downloads/road_salt_tracker/data/raw/MI/doc_2.pdf,2026-08-27,MI,260000000713,2026-10-01,2027-09-30
4363,2,MI,Ottawa,"FERRYSBURG, CITY OF",Compass,Compass Minerals,,2027,seasonal_fill,50.0,72.03,3601.5,,40,deterministic_pdf,0.92,0.92,0.92,auto_accepted,,2026-08-27 20:03:55,https://www.michigan.gov/dtmb/-/media/Project/Websites/dtmb/Procurement/Contracts/022/260000000713.pdf?rev=044d384e33124f69856ff95f406d8b63&hash=EDE0618298A9461C637E9129261588D0,/Users/arshnoorkaur/Downloads/road_salt_tracker/data/raw/MI/doc_2.pdf,2026-08-27,MI,260000000713,2026-10-01,2027-09-30
4364,2,MI,Ottawa,OTTAWA COUNTY ROAD COMMISSION,Compass,Compass Minerals,,2027,seasonal_fill,5000.0,72.03,360150.0,,40,deterministic_pdf,0.92,0.92,0.92,auto_accepted,,2026-08-27 20:03:55,https://www.michigan.gov/dtmb/-/media/Project/Websites/dtmb/Procurement/Contracts/022/260000000713.pdf?rev=044d384e33124f69856ff95f406d8b63&hash=EDE0618298A9461C637E9129261588D0,/Users/arshnoorkaur/Downloads/road_salt_tracker/data/raw/MI/doc_2.pdf,2026-08-27,MI,260000000713,2026-10-01,2027-09-30
4365,2,MI,Ottawa,OTTAWA COUNTY ROAD COMMISSION,Compass,Compass Minerals,,2027,seasonal_fill,3000.0,72.03,216090.0,,40,deterministic_pdf,0.92,0.92,0.92,auto_accepted,,2026-08-27 20:03:55,https://www.michigan.gov/dtmb/-/media/Project/Websites/dtmb/Procurement/Contracts/022/260000000713.pdf?rev=044d384e33124f69856ff95f406d8b63&hash=EDE0618298A9461C637E9129261588D0,/Users/arshnoorkaur/Downloads/road_salt_tracker/data/raw/MI/doc_2.pdf,2026-08-27,MI,260000000713,2026-10-01,2027-09-30
4366,2,MI,Ottawa,OTTAWA COUNTY ROAD COMMISSION,Compass,Compass Minerals,,2027,seasonal_fill,8000.0,72.03,576240.0,,40,deterministic_pdf,0.92,0.92,0.92,auto_accepted,,2026-08-27 20:03:55,https://www.michigan.gov/dtmb/-/media/Project/Websites/dtmb/Procurement/Contracts/022/260000000713.pdf?rev=044d384e33124f69856ff95f406d8b63&hash=EDE0618298A9461C637E9129261588D0,/Users/arshnoorkaur/Downloads/road_salt_tracker/data/raw/MI/doc_2.pdf,2026-08-27,MI,260000000713,2026-10-01,2027-09-30
4367,2,MI,Ottawa,"SPRING LAKE, VILLAGE OF",Compass,Compass Minerals,,2027,seasonal_fill,250.0,72.03,18007.5,,40,deterministic_pdf,0.92,0.92,0.92,auto_accepted,,2026-08-27 20:03:55,https://www.michigan.gov/dtmb/-/media/Project/Websites/dtmb/Procurement/Contracts/022/260000000713.pdf?rev=044d384e33124f69856ff95f406d8b63&hash=EDE0618298A9461C637E9129261588D0,/Users/arshnoorkaur/Downloads/road_salt_tracker/data/raw/MI/doc_2.pdf,2026-08-27,MI,260000000713,2026-10-01,2027-09-30
4368,2,MI,Ottawa,"HUDSONVILLE, CITY OF",Compass,Compass Minerals,,2027,seasonal_fill,800.0,72.03,57624.0,,40,deterministic_pdf,0.92,0.92,0.92,auto_accepted,,2026-08-27 20:03:55,https://www.michigan.gov/dtmb/-/media/Project/Websites/dtmb/Procurement/Contracts/022/260000000713.pdf?rev=044d384e33124f69856ff95f406d8b63&hash=EDE0618298A9461C637E9129261588D0,/Users/arshnoorkaur/Downloads/road_salt_tracker/data/raw/MI/doc_2.pdf,2026-08-27,MI,260000000713,2026-10-01,2027-09-30
4369,2,MI,Ottawa,OTTAWA COUNTY,Compass,Compass Minerals,,2027,seasonal_fill,100.0,72.03,7203.0,,40,deterministic_pdf,0.92,0.92,0.92,auto_accepted,,2026-08-27 20:03:55,https://www.michigan.gov/dtmb/-/media/Project/Websites/dtmb/Procurement/Contracts/022/260000000713.pdf?rev=044d384e33124f69856ff95f406d8b63&hash=EDE0618298A9461C637E9129261588D0,/Users/arshnoorkaur/Downloads/road_salt_tracker/data/raw/MI/doc_2.pdf,2026-08-27,MI,260000000713,2026-10-01,2027-09-30
4370,2,MI,Ottawa,"COOPERSVILLE, CITY OF",Compass,Compass Minerals,,2027,seasonal_fill,200.0,72.03,14406.0,,40,deterministic_pdf,0.92,0.92,0.92,auto_accepted,,2026-08-27 20:03:55,https://www.michigan.gov/dtmb/-/media/Project/Websites/dtmb/Procurement/Contracts/022/260000000713.pdf?rev=044d384e33124f69856ff95f406d8b63&hash=EDE0618298A9461C637E9129261588D0,/Users/arshnoorkaur/Downloads/road_salt_tracker/data/raw/MI/doc_2.pdf,2026-08-27,MI,260000000713,2026-10-01,2027-09-30
4371,2,MI,Ottawa,"GRAND HAVEN, CITY OF",Compass,Compass Minerals,,2027,seasonal_fill,750.0,72.03,54022.5,,40,deterministic_pdf,0.92,0.92,0.92,auto_accepted,,2026-08-27 20:03:55,https://www.michigan.gov/dtmb/-/media/Project/Websites/dtmb/Procurement/Contracts/022/260000000713.pdf?rev=044d384e33124f69856ff95f406d8b63&hash=EDE0618298A9461C637E9129261588D0,/Users/arshnoorkaur/Downloads/road_salt_tracker/data/raw/MI/doc_2.pdf,2026-08-27,MI,260000000713,2026-10-01,2027-09-30
4372,2,MI,Ottawa,"ZEELAND, CITY OF",Compass,Compass Minerals,,2027,seasonal_fill,800.0,72.03,57624.0,,40,deterministic_pdf,0.92,0.92,0.92,auto_accepted,,2026-08-27 20:03:55,https://www.michigan.gov/dtmb/-/media/Project/Websites/dtmb/Procurement/Contracts/022/260000000713.pdf?rev=044d384e33124f69856ff95f406d8b63&hash=EDE0618298A9461C637E9129261588D0,/Users/arshnoorkaur/Downloads/road_salt_tracker/data/raw/MI/doc_2.pdf,2026-08-27,MI,260000000713,2026-10-01,2027-09-30
4373,2,MI,Genesee,MOTT COMMUNITY COLLEGE,Compass,Compass Minerals,,2027,seasonal_fill,300.0,75.85,22755.0,,40,deterministic_pdf,0.92,0.92,0.92,auto_accepted,,2026-08-27 20:03:55,https://www.michigan.gov/dtmb/-/media/Project/Websites/dtmb/Procurement/Contracts/022/260000000713.pdf?rev=044d384e33124f69856ff95f406d8b63&hash=EDE0618298A9461C637E9129261588D0,/Users/arshnoorkaur/Downloads/road_salt_tracker/data/raw/MI/doc_2.pdf,2026-08-27,MI,260000000713,2026-10-01,2027-09-30
4374,2,MI,Genesee,MT MORRIS CONSOLIDATED SCHOOLS,Compass,Compass Minerals,,2027,seasonal_fill,50.0,75.85,3792.5,,40,deterministic_pdf,0.92,0.92,0.92,auto_accepted,,2026-08-27 20:03:55,https://www.michigan.gov/dtmb/-/media/Project/Websites/dtmb/Procurement/Contracts/022/260000000713.pdf?rev=044d384e33124f69856ff95f406d8b63&hash=EDE0618298A9461C637E9129261588D0,/Users/arshnoorkaur/Downloads/road_salt_tracker/data/raw/MI/doc_2.pdf,2026-08-27,MI,260000000713,2026-10-01,2027-09-30
4375,2,MI,Genesee,"DAVISON, CITY OF",Compass,Compass Minerals,,2027,seasonal_fill,250.0,75.85,18962.5,,40,deterministic_pdf,0.92,0.92,0.92,auto_accepted,,2026-08-27 20:03:55,https://www.michigan.gov/dtmb/-/media/Project/Websites/dtmb/Procurement/Contracts/022/260000000713.pdf?rev=044d384e33124f69856ff95f406d8b63&hash=EDE0618298A9461C637E9129261588D0,/Users/arshnoorkaur/Downloads/road_salt_tracker/data/raw/MI/doc_2.pdf,2026-08-27,MI,260000000713,2026-10-01,2027-09-30
4376,2,MI,Genesee,"MICHIGAN, UNIVERSITY OF",Compass,Compass Minerals,,2027,seasonal_fill,150.0,75.85,11377.5,,40,deterministic_pdf,0.92,0.92,0.92,auto_accepted,,2026-08-27 20:03:55,https://www.michigan.gov/dtmb/-/media/Project/Websites/dtmb/Procurement/Contracts/022/260000000713.pdf?rev=044d384e33124f69856ff95f406d8b63&hash=EDE0618298A9461C637E9129261588D0,/Users/arshnoorkaur/Downloads/road_salt_tracker/data/raw/MI/doc_2.pdf,2026-08-27,MI,260000000713,2026-10-01,2027-09-30
4377,2,MI,Genesee,"CLIO, CITY OF",Compass,Compass Minerals,,2027,seasonal_fill,250.0,75.85,18962.5,,40,deterministic_pdf,0.92,0.92,0.92,auto_accepted,,2026-08-27 20:03:55,https://www.michigan.gov/dtmb/-/media/Project/Websites/dtmb/Procurement/Contracts/022/260000000713.pdf?rev=044d384e33124f69856ff95f406d8b63&hash=EDE0618298A9461C637E9129261588D0,/Users/arshnoorkaur/Downloads/road_salt_tracker/data/raw/MI/doc_2.pdf,2026-08-27,MI,260000000713,2026-10-01,2027-09-30
4378,2,MI,Genesee,CARMAN-AINSWORTH COMM SCHOOLS,Compass,Compass Minerals,,2027,seasonal_fill,250.0,75.85,18962.5,,40,deterministic_pdf,0.92,0.92,0.92,auto_accepted,,2026-08-27 20:03:55,https://www.michigan.gov/dtmb/-/media/Project/Websites/dtmb/Procurement/Contracts/022/260000000713.pdf?rev=044d384e33124f69856ff95f406d8b63&hash=EDE0618298A9461C637E9129261588D0,/Users/arshnoorkaur/Downloads/road_salt_tracker/data/raw/MI/doc_2.pdf,2026-08-27,MI,260000000713,2026-10-01,2027-09-30
4379,2,MI,Genesee,"MT. MORRIS, CITY OF",Compass,Compass Minerals,,2027,seasonal_fill,50.0,75.85,3792.5,,40,deterministic_pdf,0.92,0.92,0.92,auto_accepted,,2026-08-27 20:03:55,https://www.michigan.gov/dtmb/-/media/Project/Websites/dtmb/Procurement/Contracts/022/260000000713.pdf?rev=044d384e33124f69856ff95f406d8b63&hash=EDE0618298A9461C637E9129261588D0,/Users/arshnoorkaur/Downloads/road_salt_tracker/data/raw/MI/doc_2.pdf,2026-08-27,MI,260000000713,2026-10-01,2027-09-30
4380,2,MI,Isabella,CENTRAL MICHIGAN UNIVERSITY,Compass,Compass Minerals,,2027,seasonal_fill,400.0,75.32,30128.0,,40,deterministic_pdf,0.92,0.92,0.92,auto_accepted,,2026-08-27 20:03:55,https://www.michigan.gov/dtmb/-/media/Project/Websites/dtmb/Procurement/Contracts/022/260000000713.pdf?rev=044d384e33124f69856ff95f406d8b63&hash=EDE0618298A9461C637E9129261588D0,/Users/arshnoorkaur/Downloads/road_salt_tracker/data/raw/MI/doc_2.pdf,2026-08-27,MI,260000000713,2026-10-01,2027-09-30
4381,2,MI,Isabella,"MT. PLEASANT, CITY OF",Compass,Compass Minerals,,2027,seasonal_fill,500.0,75.32,37660.0,,40,deterministic_pdf,0.92,0.92,0.92,auto_accepted,,2026-08-27 20:03:55,https://www.michigan.gov/dtmb/-/media/Project/Websites/dtmb/Procurement/Contracts/022/260000000713.pdf?rev=044d384e33124f69856ff95f406d8b63&hash=EDE0618298A9461C637E9129261588D0,/Users/arshnoorkaur/Downloads/road_salt_tracker/data/raw/MI/doc_2.pdf,2026-08-27,MI,260000000713,2026-10-01,2027-09-30
4382,2,MI,Isabella,ISABELLA COUNTY ROAD COMMISSION,Compass,Compass Minerals,,2027,seasonal_fill,800.0,75.32,60256.0,,40,deterministic_pdf,0.92,0.92,0.92,auto_accepted,,2026-08-27 20:03:55,https://www.michigan.gov/dtmb/-/media/Project/Websites/dtmb/Procurement/Contracts/022/260000000713.pdf?rev=044d384e33124f69856ff95f406d8b63&hash=EDE0618298A9461C637E9129261588D0,/Users/arshnoorkaur/Downloads/road_salt_tracker/data/raw/MI/doc_2.pdf,2026-08-27,MI,260000000713,2026-10-01,2027-09-30
4383,2,MI,Isabella,ISABELLA COUNTY ROAD COMMISSION,Compass,Compass Minerals,,2027,seasonal_fill,100.0,75.32,7532.0,,40,deterministic_pdf,0.92,0.92,0.92,auto_accepted,,2026-08-27 20:03:55,https://www.michigan.gov/dtmb/-/media/Project/Websites/dtmb/Procurement/Contracts/022/260000000713.pdf?rev=044d384e33124f69856ff95f406d8b63&hash=EDE0618298A9461C637E9129261588D0,/Users/arshnoorkaur/Downloads/road_salt_tracker/data/raw/MI/doc_2.pdf,2026-08-27,MI,260000000713,2026-10-01,2027-09-30
4384,2,MI,Isabella,"SHEPHERD, VILLAGE OF",Compass,Compass Minerals,,2027,seasonal_fill,200.0,75.32,15064.0,,40,deterministic_pdf,0.92,0.92,0.92,auto_accepted,,2026-08-27 20:03:55,https://www.michigan.gov/dtmb/-/media/Project/Websites/dtmb/Procurement/Contracts/022/260000000713.pdf?rev=044d384e33124f69856ff95f406d8b63&hash=EDE0618298A9461C637E9129261588D0,/Users/arshnoorkaur/Downloads/road_salt_tracker/data/raw/MI/doc_2.pdf,2026-08-27,MI,260000000713,2026-10-01,2027-09-30
4385,2,MI,Isabella,MID MICHIGAN COMMUNITY COLLEGE,Compass,Compass Minerals,,2027,seasonal_fill,50.0,75.32,3766.0,,40,deterministic_pdf,0.92,0.92,0.92,auto_accepted,,2026-08-27 20:03:55,https://www.michigan.gov/dtmb/-/media/Project/Websites/dtmb/Procurement/Contracts/022/260000000713.pdf?rev=044d384e33124f69856ff95f406d8b63&hash=EDE0618298A9461C637E9129261588D0,/Users/arshnoorkaur/Downloads/road_salt_tracker/data/raw/MI/doc_2.pdf,2026-08-27,MI,260000000713,2026-10-01,2027-09-30
4386,2,MI,Isabella,SAGINAW CHIPPEWA INDIAN TRIBE,Compass,Compass Minerals,,2027,seasonal_fill,150.0,75.32,11298.0,,40,deterministic_pdf,0.92,0.92,0.92,auto_accepted,,2026-08-27 20:03:55,https://www.michigan.gov/dtmb/-/media/Project/Websites/dtmb/Procurement/Contracts/022/260000000713.pdf?rev=044d384e33124f69856ff95f406d8b63&hash=EDE0618298A9461C637E9129261588D0,/Users/arshnoorkaur/Downloads/road_salt_tracker/data/raw/MI/doc_2.pdf,2026-08-27,MI,260000000713,2026-10-01,2027-09-30
4387,2,MI,Isabella,SAGINAW CHIPPEWA INDIAN TRIBE,Compass,Compass Minerals,,2027,seasonal_fill,850.0,75.32,64022.0,,40,deterministic_pdf,0.92,0.92,0.92,auto_accepted,,2026-08-27 20:03:55,https://www.michigan.gov/dtmb/-/media/Project/Websites/dtmb/Procurement/Contracts/022/260000000713.pdf?rev=044d384e33124f69856ff95f406d8b63&hash=EDE0618298A9461C637E9129261588D0,/Users/arshnoorkaur/Downloads/road_salt_tracker/data/raw/MI/doc_2.pdf,2026-08-27,MI,260000000713,2026-10-01,2027-09-30
4388,2,MI,Isabella,"LAKE ISABELLA, VILLAGE OF",Compass,Compass Minerals,,2027,seasonal_fill,150.0,75.32,11298.0,,40,deterministic_pdf,0.92,0.92,0.92,auto_accepted,,2026-08-27 20:03:55,https://www.michigan.gov/dtmb/-/media/Project/Websites/dtmb/Procurement/Contracts/022/260000000713.pdf?rev=044d384e33124f69856ff95f406d8b63&hash=EDE0618298A9461C637E9129261588D0,/Users/arshnoorkaur/Downloads/road_salt_tracker/data/raw/MI/doc_2.pdf,2026-08-27,MI,260000000713,2026-10-01,2027-09-30
4389,2,MI,Midland,"MIDLAND, CITY OF",Compass,Compass Minerals,,2027,seasonal_fill,2500.0,71.1,177750.0,,40,deterministic_pdf,0.92,0.92,0.92,auto_accepted,,2026-08-27 20:03:55,https://www.michigan.gov/dtmb/-/media/Project/Websites/dtmb/Procurement/Contracts/022/260000000713.pdf?rev=044d384e33124f69856ff95f406d8b63&hash=EDE0618298A9461C637E9129261588D0,/Users/arshnoorkaur/Downloads/road_salt_tracker/data/raw/MI/doc_2.pdf,2026-08-27,MI,260000000713,2026-10-01,2027-09-30
4390,2,MI,Midland,"COLEMAN, CITY OF",Compass,Compass Minerals,,2027,seasonal_fill,150.0,71.1,10665.0,,40,deterministic_pdf,0.92,0.92,0.92,auto_accepted,,2026-08-27 20:03:55,https://www.michigan.gov/dtmb/-/media/Project/Websites/dtmb/Procurement/Contracts/022/260000000713.pdf?rev=044d384e33124f69856ff95f406d8b63&hash=EDE0618298A9461C637E9129261588D0,/Users/arshnoorkaur/Downloads/road_salt_tracker/data/raw/MI/doc_2.pdf,2026-08-27,MI,260000000713,2026-10-01,2027-09-30
4391,2,MI,Midland,MIDLAND COUNTY ROAD COMMISSION,Compass,Compass Minerals,,2027,seasonal_fill,2500.0,71.1,177750.0,,40,deterministic_pdf,0.92,0.92,0.92,auto_accepted,,2026-08-27 20:03:55,https://www.michigan.gov/dtmb/-/media/Project/Websites/dtmb/Procurement/Contracts/022/260000000713.pdf?rev=044d384e33124f69856ff95f406d8b63&hash=EDE0618298A9461C637E9129261588D0,/Users/arshnoorkaur/Downloads/road_salt_tracker/data/raw/MI/doc_2.pdf,2026-08-27,MI,260000000713,2026-10-01,2027-09-30
4392,2,MI,Saginaw,SAGINAW COUNTY,Compass,Compass Minerals,,2027,seasonal_fill,50.0,56.99,2849.5,,40,deterministic_pdf,0.92,0.92,0.92,auto_accepted,,2026-08-27 20:03:55,https://www.michigan.gov/dtmb/-/media/Project/Websites/dtmb/Procurement/Contracts/022/260000000713.pdf?rev=044d384e33124f69856ff95f406d8b63&hash=EDE0618298A9461C637E9129261588D0,/Users/arshnoorkaur/Downloads/road_salt_tracker/data/raw/MI/doc_2.pdf,2026-08-27,MI,260000000713,2026-10-01,2027-09-30
4393,2,MI,Saginaw,"SAGINAW, CITY OF",Compass,Compass Minerals,,2027,seasonal_fill,2500.0,56.99,142475.0,,40,deterministic_pdf,0.92,0.92,0.92,auto_accepted,,2026-08-27 20:03:55,https://www.michigan.gov/dtmb/-/media/Project/Websites/dtmb/Procurement/Contracts/022/260000000713.pdf?rev=044d384e33124f69856ff95f406d8b63&hash=EDE0618298A9461C637E9129261588D0,/Users/arshnoorkaur/Downloads/road_salt_tracker/data/raw/MI/doc_2.pdf,2026-08-27,MI,260000000713,2026-10-01,2027-09-30
4394,2,MI,Saginaw,"BIRCH RUN, VILLAGE OF",Compass,Compass Minerals,,2027,seasonal_fill,150.0,56.99,8548.5,,40,deterministic_pdf,0.92,0.92,0.92,auto_accepted,,2026-08-27 20:03:55,https://www.michigan.gov/dtmb/-/media/Project/Websites/dtmb/Procurement/Contracts/022/260000000713.pdf?rev=044d384e33124f69856ff95f406d8b63&hash=EDE0618298A9461C637E9129261588D0,/Users/arshnoorkaur/Downloads/road_salt_tracker/data/raw/MI/doc_2.pdf,2026-08-27,MI,260000000713,2026-10-01,2027-09-30
4395,2,MI,Saginaw,City of Zilwaukee,Compass,Compass Minerals,,2027,seasonal_fill,50.0,56.99,2849.5,,40,deterministic_pdf,0.92,0.92,0.92,auto_accepted,,2026-08-27 20:03:55,https://www.michigan.gov/dtmb/-/media/Project/Websites/dtmb/Procurement/Contracts/022/260000000713.pdf?rev=044d384e33124f69856ff95f406d8b63&hash=EDE0618298A9461C637E9129261588D0,/Users/arshnoorkaur/Downloads/road_salt_tracker/data/raw/MI/doc_2.pdf,2026-08-27,MI,260000000713,2026-10-01,2027-09-30
4396,2,MI,Saginaw,SAGINAW VALLEY STATE UNIVERSITY,Compass,Compass Minerals,,2027,seasonal_fill,100.0,56.99,5699.0,,40,deterministic_pdf,0.92,0.92,0.92,auto_accepted,,2026-08-27 20:03:55,https://www.michigan.gov/dtmb/-/media/Project/Websites/dtmb/Procurement/Contracts/022/260000000713.pdf?rev=044d384e33124f69856ff95f406d8b63&hash=EDE0618298A9461C637E9129261588D0,/Users/arshnoorkaur/Downloads/road_salt_tracker/data/raw/MI/doc_2.pdf,2026-08-27,MI,260000000713,2026-10-01,2027-09-30
4397,2,MI,Saginaw,SAGINAW COUNTY ROAD COMMISSION,Compass,Compass Minerals,,2027,seasonal_fill,5000.0,56.99,284950.0,,40,deterministic_pdf,0.92,0.92,0.92,auto_accepted,,2026-08-27 20:03:55,https://www.michigan.gov/dtmb/-/media/Project/Websites/dtmb/Procurement/Contracts/022/260000000713.pdf?rev=044d384e33124f69856ff95f406d8b63&hash=EDE0618298A9461C637E9129261588D0,/Users/arshnoorkaur/Downloads/road_salt_tracker/data/raw/MI/doc_2.pdf,2026-08-27,MI,260000000713,2026-10-01,2027-09-30
4398,2,MI,Saginaw,SAGINAW COUNTY ROAD COMMISSION,Compass,Compass Minerals,,2027,seasonal_fill,2000.0,56.99,113980.0,,40,deterministic_pdf,0.92,0.92,0.92,auto_accepted,,2026-08-27 20:03:55,https://www.michigan.gov/dtmb/-/media/Project/Websites/dtmb/Procurement/Contracts/022/260000000713.pdf?rev=044d384e33124f69856ff95f406d8b63&hash=EDE0618298A9461C637E9129261588D0,/Users/arshnoorkaur/Downloads/road_salt_tracker/data/raw/MI/doc_2.pdf,2026-08-27,MI,260000000713,2026-10-01,2027-09-30
4399,2,MI,Saginaw,SAGINAW COUNTY ROAD COMMISSION,Compass,Compass Minerals,,2027,seasonal_fill,2500.0,56.99,142475.0,,40,deterministic_pdf,0.92,0.92,0.92,auto_accepted,,2026-08-27 20:03:55,https://www.michigan.gov/dtmb/-/media/Project/Websites/dtmb/Procurement/Contracts/022/260000000713.pdf?rev=044d384e33124f69856ff95f406d8b63&hash=EDE0618298A9461C637E9129261588D0,/Users/arshnoorkaur/Downloads/road_salt_tracker/data/raw/MI/doc_2.pdf,2026-08-27,MI,260000000713,2026-10-01,2027-09-30
4400,2,MI,Saginaw,"FRANKENMUTH, CITY OF",Compass,Compass Minerals,,2027,seasonal_fill,450.0,56.99,25645.5,,40,deterministic_pdf,0.92,0.92,0.92,auto_accepted,,2026-08-27 20:03:55,https://www.michigan.gov/dtmb/-/media/Project/Websites/dtmb/Procurement/Contracts/022/260000000713.pdf?rev=044d384e33124f69856ff95f406d8b63&hash=EDE0618298A9461C637E9129261588D0,/Users/arshnoorkaur/Downloads/road_salt_tracker/data/raw/MI/doc_2.pdf,2026-08-27,MI,260000000713,2026-10-01,2027-09-30
4401,2,MI,Saginaw,"ST. CHARLES, VILLAGE OF",Compass,Compass Minerals,,2027,seasonal_fill,50.0,56.99,2849.5,,40,deterministic_pdf,0.92,0.92,0.92,auto_accepted,,2026-08-27 20:03:55,https://www.michigan.gov/dtmb/-/media/Project/Websites/dtmb/Procurement/Contracts/022/260000000713.pdf?rev=044d384e33124f69856ff95f406d8b63&hash=EDE0618298A9461C637E9129261588D0,/Users/arshnoorkaur/Downloads/road_salt_tracker/data/raw/MI/doc_2.pdf,2026-08-27,MI,260000000713,2026-10-01,2027-09-30
4402,2,MI,Saginaw,"CHESANING, VILLAGE OF",Compass,Compass Minerals,,2027,seasonal_fill,50.0,56.99,2849.5,,40,deterministic_pdf,0.92,0.92,0.92,auto_accepted,,2026-08-27 20:03:55,https://www.michigan.gov/dtmb/-/media/Project/Websites/dtmb/Procurement/Contracts/022/260000000713.pdf?rev=044d384e33124f69856ff95f406d8b63&hash=EDE0618298A9461C637E9129261588D0,/Users/arshnoorkaur/Downloads/road_salt_tracker/data/raw/MI/doc_2.pdf,2026-08-27,MI,260000000713,2026-10-01,2027-09-30
4403,2,MI,Kalkaska,KALKASKA COUNTY ROAD COMMISSION,Detroit Salt,Detroit Salt,,2027,seasonal_fill,1500.0,80.11,120165.0,,41,deterministic_pdf,0.92,0.92,0.92,auto_accepted,,2026-08-27 20:03:55,https://www.michigan.gov/dtmb/-/media/Project/Websites/dtmb/Procurement/Contracts/022/260000000713.pdf?rev=044d384e33124f69856ff95f406d8b63&hash=EDE0618298A9461C637E9129261588D0,/Users/arshnoorkaur/Downloads/road_salt_tracker/data/raw/MI/doc_2.pdf,2026-08-27,MI,260000000713,2026-10-01,2027-09-30
4404,2,MI,Barry,"MIDDLEVILLE, VILLAGE OF",Detroit Salt,Detroit Salt,,2027,seasonal_fill,300.0,73.26,21978.0,,41,deterministic_pdf,0.92,0.92,0.92,auto_accepted,,2026-08-27 20:03:55,https://www.michigan.gov/dtmb/-/media/Project/Websites/dtmb/Procurement/Contracts/022/260000000713.pdf?rev=044d384e33124f69856ff95f406d8b63&hash=EDE0618298A9461C637E9129261588D0,/Users/arshnoorkaur/Downloads/road_salt_tracker/data/raw/MI/doc_2.pdf,2026-08-27,MI,260000000713,2026-10-01,2027-09-30
4405,2,MI,Barry,BARRY COUNTY ROAD COMMISSION,Detroit Salt,Detroit Salt,,2027,seasonal_fill,5000.0,73.26,366300.0,,41,deterministic_pdf,0.92,0.92,0.92,auto_accepted,,2026-08-27 20:03:55,https://www.michigan.gov/dtmb/-/media/Project/Websites/dtmb/Procurement/Contracts/022/260000000713.pdf?rev=044d384e33124f69856ff95f406d8b63&hash=EDE0618298A9461C637E9129261588D0,/Users/arshnoorkaur/Downloads/road_salt_tracker/data/raw/MI/doc_2.pdf,2026-08-27,MI,260000000713,2026-10-01,2027-09-30
4406,2,MI,Barry,HASTINGS CITY OF,Detroit Salt,Detroit Salt,,2027,seasonal_fill,700.0,73.26,51282.0,,41,deterministic_pdf,0.92,0.92,0.92,auto_accepted,,2026-08-27 20:03:55,https://www.michigan.gov/dtmb/-/media/Project/Websites/dtmb/Procurement/Contracts/022/260000000713.pdf?rev=044d384e33124f69856ff95f406d8b63&hash=EDE0618298A9461C637E9129261588D0,/Users/arshnoorkaur/Downloads/road_salt_tracker/data/raw/MI/doc_2.pdf,2026-08-27,MI,260000000713,2026-10-01,2027-09-30
4407,2,MI,Barry,THORNAPPLE KELLOGG SCHOOLS,Detroit Salt,Detroit Salt,,2027,seasonal_fill,100.0,73.26,7326.0,,41,deterministic_pdf,0.92,0.92,0.92,auto_accepted,,2026-08-27 20:03:55,https://www.michigan.gov/dtmb/-/media/Project/Websites/dtmb/Procurement/Contracts/022/260000000713.pdf?rev=044d384e33124f69856ff95f406d8b63&hash=EDE0618298A9461C637E9129261588D0,/Users/arshnoorkaur/Downloads/road_salt_tracker/data/raw/MI/doc_2.pdf,2026-08-27,MI,260000000713,2026-10-01,2027-09-30
4408,2,MI,Barry,"NASHVILLE, VILLAGE OF",Detroit Salt,Detroit Salt,,2027,seasonal_fill,150.0,73.26,10989.0,,41,deterministic_pdf,0.92,0.92,0.92,auto_accepted,,2026-08-27 20:03:55,https://www.michigan.gov/dtmb/-/media/Project/Websites/dtmb/Procurement/Contracts/022/260000000713.pdf?rev=044d384e33124f69856ff95f406d8b63&hash=EDE0618298A9461C637E9129261588D0,/Users/arshnoorkaur/Downloads/road_salt_tracker/data/raw/MI/doc_2.pdf,2026-08-27,MI,260000000713,2026-10-01,2027-09-30
4409,2,MI,Ionia,"IONIA, CITY OF",Detroit Salt,Detroit Salt,,2027,seasonal_fill,600.0,73.24,43944.0,,41,deterministic_pdf,0.92,0.92,0.92,auto_accepted,,2026-08-27 20:03:55,https://www.michigan.gov/dtmb/-/media/Project/Websites/dtmb/Procurement/Contracts/022/260000000713.pdf?rev=044d384e33124f69856ff95f406d8b63&hash=EDE0618298A9461C637E9129261588D0,/Users/arshnoorkaur/Downloads/road_salt_tracker/data/raw/MI/doc_2.pdf,2026-08-27,MI,260000000713,2026-10-01,2027-09-30
4410,2,MI,Ionia,LAKE ODESSA VILLAGE OF,Detroit Salt,Detroit Salt,,2027,seasonal_fill,100.0,73.24,7324.0,,41,deterministic_pdf,0.92,0.92,0.92,auto_accepted,,2026-08-27 20:03:55,https://www.michigan.gov/dtmb/-/media/Project/Websites/dtmb/Procurement/Contracts/022/260000000713.pdf?rev=044d384e33124f69856ff95f406d8b63&hash=EDE0618298A9461C637E9129261588D0,/Users/arshnoorkaur/Downloads/road_salt_tracker/data/raw/MI/doc_2.pdf,2026-08-27,MI,260000000713,2026-10-01,2027-09-30
4411,2,MI,Ionia,"SARANAC, VILLAGE OF",Detroit Salt,Detroit Salt,,2027,seasonal_fill,50.0,73.24,3662.0,,41,deterministic_pdf,0.92,0.92,0.92,auto_accepted,,2026-08-27 20:03:55,https://www.michigan.gov/dtmb/-/media/Project/Websites/dtmb/Procurement/Contracts/022/260000000713.pdf?rev=044d384e33124f69856ff95f406d8b63&hash=EDE0618298A9461C637E9129261588D0,/Users/arshnoorkaur/Downloads/road_salt_tracker/data/raw/MI/doc_2.pdf,2026-08-27,MI,260000000713,2026-10-01,2027-09-30
4412,2,MI,Ionia,"PORTLAND, CITY OF",Detroit Salt,Detroit Salt,,2027,seasonal_fill,250.0,73.24,18310.0,,41,deterministic_pdf,0.92,0.92,0.92,auto_accepted,,2026-08-27 20:03:55,https://www.michigan.gov/dtmb/-/media/Project/Websites/dtmb/Procurement/Contracts/022/260000000713.pdf?rev=044d384e33124f69856ff95f406d8b63&hash=EDE0618298A9461C637E9129261588D0,/Users/arshnoorkaur/Downloads/road_salt_tracker/data/raw/MI/doc_2.pdf,2026-08-27,MI,260000000713,2026-10-01,2027-09-30
4413,2,MI,Ionia,"BELDING, CITY OF",Detroit Salt,Detroit Salt,,2027,seasonal_fill,800.0,73.24,58592.0,,41,deterministic_pdf,0.92,0.92,0.92,auto_accepted,,2026-08-27 20:03:55,https://www.michigan.gov/dtmb/-/media/Project/Websites/dtmb/Procurement/Contracts/022/260000000713.pdf?rev=044d384e33124f69856ff95f406d8b63&hash=EDE0618298A9461C637E9129261588D0,/Users/arshnoorkaur/Downloads/road_salt_tracker/data/raw/MI/doc_2.pdf,2026-08-27,MI,260000000713,2026-10-01,2027-09-30
4414,2,MI,Ionia,IONIA COUNTY ROAD COMMISSION,Detroit Salt,Detroit Salt,,2027,seasonal_fill,1200.0,73.24,87888.0,,41,deterministic_pdf,0.92,0.92,0.92,auto_accepted,,2026-08-27 20:03:55,https://www.michigan.gov/dtmb/-/media/Project/Websites/dtmb/Procurement/Contracts/022/260000000713.pdf?rev=044d384e33124f69856ff95f406d8b63&hash=EDE0618298A9461C637E9129261588D0,/Users/arshnoorkaur/Downloads/road_salt_tracker/data/raw/MI/doc_2.pdf,2026-08-27,MI,260000000713,2026-10-01,2027-09-30
4415,2,MI,Ionia,IONIA COUNTY ROAD COMMISSION,Detroit Salt,Detroit Salt,,2027,seasonal_fill,600.0,73.24,43944.0,,41,deterministic_pdf,0.92,0.92,0.92,auto_accepted,,2026-08-27 20:03:55,https://www.michigan.gov/dtmb/-/media/Project/Websites/dtmb/Procurement/Contracts/022/260000000713.pdf?rev=044d384e33124f69856ff95f406d8b63&hash=EDE0618298A9461C637E9129261588D0,/Users/arshnoorkaur/Downloads/road_salt_tracker/data/raw/MI/doc_2.pdf,2026-08-27,MI,260000000713,2026-10-01,2027-09-30
4416,2,MI,Arenac,ARENAC COUNTY ROAD COMMISSION,Detroit Salt,Detroit Salt,,2027,seasonal_fill,500.0,67.55,33775.0,,41,deterministic_pdf,0.92,0.92,0.92,auto_accepted,,2026-08-27 20:03:55,https://www.michigan.gov/dtmb/-/media/Project/Websites/dtmb/Procurement/Contracts/022/260000000713.pdf?rev=044d384e33124f69856ff95f406d8b63&hash=EDE0618298A9461C637E9129261588D0,/Users/arshnoorkaur/Downloads/road_salt_tracker/data/raw/MI/doc_2.pdf,2026-08-27,MI,260000000713,2026-10-01,2027-09-30
4417,2,MI,Arenac,SAGINAW CHIPPEWA INDIAN TRIBE,Detroit Salt,Detroit Salt,,2027,seasonal_fill,200.0,67.55,13510.0,,41,deterministic_pdf,0.92,0.92,0.92,auto_accepted,,2026-08-27 20:03:55,https://www.michigan.gov/dtmb/-/media/Project/Websites/dtmb/Procurement/Contracts/022/260000000713.pdf?rev=044d384e33124f69856ff95f406d8b63&hash=EDE0618298A9461C637E9129261588D0,/Users/arshnoorkaur/Downloads/road_salt_tracker/data/raw/MI/doc_2.pdf,2026-08-27,MI,260000000713,2026-10-01,2027-09-30
4418,2,MI,Arenac,"STANDISH, CITY OF",Detroit Salt,Detroit Salt,,2027,seasonal_fill,200.0,67.55,13510.0,,41,deterministic_pdf,0.92,0.92,0.92,auto_accepted,,2026-08-27 20:03:55,https://www.michigan.gov/dtmb/-/media/Project/Websites/dtmb/Procurement/Contracts/022/260000000713.pdf?rev=044d384e33124f69856ff95f406d8b63&hash=EDE0618298A9461C637E9129261588D0,/Users/arshnoorkaur/Downloads/road_salt_tracker/data/raw/MI/doc_2.pdf,2026-08-27,MI,260000000713,2026-10-01,2027-09-30
4419,2,MI,Bay,"AUBURN, CITY OF",Detroit Salt,Detroit Salt,,2027,seasonal_fill,100.0,62.68,6268.0,,41,deterministic_pdf,0.92,0.92,0.92,auto_accepted,,2026-08-27 20:03:55,https://www.michigan.gov/dtmb/-/media/Project/Websites/dtmb/Procurement/Contracts/022/260000000713.pdf?rev=044d384e33124f69856ff95f406d8b63&hash=EDE0618298A9461C637E9129261588D0,/Users/arshnoorkaur/Downloads/road_salt_tracker/data/raw/MI/doc_2.pdf,2026-08-27,MI,260000000713,2026-10-01,2027-09-30
4420,2,MI,Bay,BAY COUNTY ROAD COMMISSION,Detroit Salt,Detroit Salt,,2027,seasonal_fill,2000.0,62.68,125360.0,,41,deterministic_pdf,0.92,0.92,0.92,auto_accepted,,2026-08-27 20:03:55,https://www.michigan.gov/dtmb/-/media/Project/Websites/dtmb/Procurement/Contracts/022/260000000713.pdf?rev=044d384e33124f69856ff95f406d8b63&hash=EDE0618298A9461C637E9129261588D0,/Users/arshnoorkaur/Downloads/road_salt_tracker/data/raw/MI/doc_2.pdf,2026-08-27,MI,260000000713,2026-10-01,2027-09-30
4421,2,MI,Bay,BAY COUNTY ROAD COMMISSION,Detroit Salt,Detroit Salt,,2027,seasonal_fill,1000.0,62.68,62680.0,,41,deterministic_pdf,0.92,0.92,0.92,auto_accepted,,2026-08-27 20:03:55,https://www.michigan.gov/dtmb/-/media/Project/Websites/dtmb/Procurement/Contracts/022/260000000713.pdf?rev=044d384e33124f69856ff95f406d8b63&hash=EDE0618298A9461C637E9129261588D0,/Users/arshnoorkaur/Downloads/road_salt_tracker/data/raw/MI/doc_2.pdf,2026-08-27,MI,260000000713,2026-10-01,2027-09-30
4422,2,MI,Bay,DELTA COLLEGE,Detroit Salt,Detroit Salt,,2027,seasonal_fill,50.0,62.68,3134.0,,41,deterministic_pdf,0.92,0.92,0.92,auto_accepted,,2026-08-27 20:03:55,https://www.michigan.gov/dtmb/-/media/Project/Websites/dtmb/Procurement/Contracts/022/260000000713.pdf?rev=044d384e33124f69856ff95f406d8b63&hash=EDE0618298A9461C637E9129261588D0,/Users/arshnoorkaur/Downloads/road_salt_tracker/data/raw/MI/doc_2.pdf,2026-08-27,MI,260000000713,2026-10-01,2027-09-30
4423,2,MI,Bay,"ESSEXVILLE, CITY OF",Detroit Salt,Detroit Salt,,2027,seasonal_fill,50.0,62.68,3134.0,,41,deterministic_pdf,0.92,0.92,0.92,auto_accepted,,2026-08-27 20:03:55,https://www.michigan.gov/dtmb/-/media/Project/Websites/dtmb/Procurement/Contracts/022/260000000713.pdf?rev=044d384e33124f69856ff95f406d8b63&hash=EDE0618298A9461C637E9129261588D0,/Users/arshnoorkaur/Downloads/road_salt_tracker/data/raw/MI/doc_2.pdf,2026-08-27,MI,260000000713,2026-10-01,2027-09-30
4424,2,MI,Bay,"BAY CITY, CITY OF",Detroit Salt,Detroit Salt,,2027,seasonal_fill,100.0,62.68,6268.0,,41,deterministic_pdf,0.92,0.92,0.92,auto_accepted,,2026-08-27 20:03:55,https://www.michigan.gov/dtmb/-/media/Project/Websites/dtmb/Procurement/Contracts/022/260000000713.pdf?rev=044d384e33124f69856ff95f406d8b63&hash=EDE0618298A9461C637E9129261588D0,/Users/arshnoorkaur/Downloads/road_salt_tracker/data/raw/MI/doc_2.pdf,2026-08-27,MI,260000000713,2026-10-01,2027-09-30
4425,2,MI,Clare,MID MICHIGAN COMMUNITY COLLEGE,Detroit Salt,Detroit Salt,,2027,seasonal_fill,50.0,68.51,3425.5,,41,deterministic_pdf,0.92,0.92,0.92,auto_accepted,,2026-08-27 20:03:55,https://www.michigan.gov/dtmb/-/media/Project/Websites/dtmb/Procurement/Contracts/022/260000000713.pdf?rev=044d384e33124f69856ff95f406d8b63&hash=EDE0618298A9461C637E9129261588D0,/Users/arshnoorkaur/Downloads/road_salt_tracker/data/raw/MI/doc_2.pdf,2026-08-27,MI,260000000713,2026-10-01,2027-09-30
4426,2,MI,Clare,"FARWELL, VILLAGE OF",Detroit Salt,Detroit Salt,,2027,seasonal_fill,50.0,68.51,3425.5,,41,deterministic_pdf,0.92,0.92,0.92,auto_accepted,,2026-08-27 20:03:55,https://www.michigan.gov/dtmb/-/media/Project/Websites/dtmb/Procurement/Contracts/022/260000000713.pdf?rev=044d384e33124f69856ff95f406d8b63&hash=EDE0618298A9461C637E9129261588D0,/Users/arshnoorkaur/Downloads/road_salt_tracker/data/raw/MI/doc_2.pdf,2026-08-27,MI,260000000713,2026-10-01,2027-09-30
4427,2,MI,Clare,CLARE COUNTY ROAD COMMISSION,Detroit Salt,Detroit Salt,,2027,seasonal_fill,1000.0,68.51,68510.0,,41,deterministic_pdf,0.92,0.92,0.92,auto_accepted,,2026-08-27 20:03:55,https://www.michigan.gov/dtmb/-/media/Project/Websites/dtmb/Procurement/Contracts/022/260000000713.pdf?rev=044d384e33124f69856ff95f406d8b63&hash=EDE0618298A9461C637E9129261588D0,/Users/arshnoorkaur/Downloads/road_salt_tracker/data/raw/MI/doc_2.pdf,2026-08-27,MI,260000000713,2026-10-01,2027-09-30
4428,2,MI,Clare,"CLARE, CITY OF",Detroit Salt,Detroit Salt,,2027,seasonal_fill,150.0,68.51,10276.5,,41,deterministic_pdf,0.92,0.92,0.92,auto_accepted,,2026-08-27 20:03:55,https://www.michigan.gov/dtmb/-/media/Project/Websites/dtmb/Procurement/Contracts/022/260000000713.pdf?rev=044d384e33124f69856ff95f406d8b63&hash=EDE0618298A9461C637E9129261588D0,/Users/arshnoorkaur/Downloads/road_salt_tracker/data/raw/MI/doc_2.pdf,2026-08-27,MI,260000000713,2026-10-01,2027-09-30
4429,2,MI,Gladwin,"Beaverton, City of",Detroit Salt,Detroit Salt,,2027,seasonal_fill,100.0,69.98,6998.0,,41,deterministic_pdf,0.92,0.92,0.92,auto_accepted,,2026-08-27 20:03:55,https://www.michigan.gov/dtmb/-/media/Project/Websites/dtmb/Procurement/Contracts/022/260000000713.pdf?rev=044d384e33124f69856ff95f406d8b63&hash=EDE0618298A9461C637E9129261588D0,/Users/arshnoorkaur/Downloads/road_salt_tracker/data/raw/MI/doc_2.pdf,2026-08-27,MI,260000000713,2026-10-01,2027-09-30
4430,2,MI,Gladwin,GLADWIN COUNTY ROAD COMMISSION,Detroit Salt,Detroit Salt,,2027,seasonal_fill,1200.0,69.98,83976.0,,41,deterministic_pdf,0.92,0.92,0.92,auto_accepted,,2026-08-27 20:03:55,https://www.michigan.gov/dtmb/-/media/Project/Websites/dtmb/Procurement/Contracts/022/260000000713.pdf?rev=044d384e33124f69856ff95f406d8b63&hash=EDE0618298A9461C637E9129261588D0,/Users/arshnoorkaur/Downloads/road_salt_tracker/data/raw/MI/doc_2.pdf,2026-08-27,MI,260000000713,2026-10-01,2027-09-30
4431,2,MI,Gladwin,"GLADWIN, CITY OF",Detroit Salt,Detroit Salt,,2027,seasonal_fill,300.0,69.98,20994.0,,41,deterministic_pdf,0.92,0.92,0.92,auto_accepted,,2026-08-27 20:03:55,https://www.michigan.gov/dtmb/-/media/Project/Websites/dtmb/Procurement/Contracts/022/260000000713.pdf?rev=044d384e33124f69856ff95f406d8b63&hash=EDE0618298A9461C637E9129261588D0,/Users/arshnoorkaur/Downloads/road_salt_tracker/data/raw/MI/doc_2.pdf,2026-08-27,MI,260000000713,2026-10-01,2027-09-30
4432,2,MI,Gratiot,"DOC-Central Michigan Correctional Facility -
AGENCY",Detroit Salt,Detroit Salt,,2027,seasonal_fill,100.0,66.55,6655.0,,41,deterministic_pdf,0.92,0.92,0.92,auto_accepted,,2026-08-27 20:03:55,https://www.michigan.gov/dtmb/-/media/Project/Websites/dtmb/Procurement/Contracts/022/260000000713.pdf?rev=044d384e33124f69856ff95f406d8b63&hash=EDE0618298A9461C637E9129261588D0,/Users/arshnoorkaur/Downloads/road_salt_tracker/data/raw/MI/doc_2.pdf,2026-08-27,MI,260000000713,2026-10-01,2027-09-30
4433,2,MI,Gratiot,"ST. LOUIS, CITY OF",Detroit Salt,Detroit Salt,,2027,seasonal_fill,50.0,66.55,3327.5,,41,deterministic_pdf,0.92,0.92,0.92,auto_accepted,,2026-08-27 20:03:55,https://www.michigan.gov/dtmb/-/media/Project/Websites/dtmb/Procurement/Contracts/022/260000000713.pdf?rev=044d384e33124f69856ff95f406d8b63&hash=EDE0618298A9461C637E9129261588D0,/Users/arshnoorkaur/Downloads/road_salt_tracker/data/raw/MI/doc_2.pdf,2026-08-27,MI,260000000713,2026-10-01,2027-09-30
4434,2,MI,Gratiot,"ITHACA, CITY OF",Detroit Salt,Detroit Salt,,2027,seasonal_fill,200.0,66.55,13310.0,,41,deterministic_pdf,0.92,0.92,0.92,auto_accepted,,2026-08-27 20:03:55,https://www.michigan.gov/dtmb/-/media/Project/Websites/dtmb/Procurement/Contracts/022/260000000713.pdf?rev=044d384e33124f69856ff95f406d8b63&hash=EDE0618298A9461C637E9129261588D0,/Users/arshnoorkaur/Downloads/road_salt_tracker/data/raw/MI/doc_2.pdf,2026-08-27,MI,260000000713,2026-10-01,2027-09-30
4435,2,MI,Gratiot,"ALMA, CITY OF",Detroit Salt,Detroit Salt,,2027,seasonal_fill,100.0,66.55,6655.0,,41,deterministic_pdf,0.92,0.92,0.92,auto_accepted,,2026-08-27 20:03:55,https://www.michigan.gov/dtmb/-/media/Project/Websites/dtmb/Procurement/Contracts/022/260000000713.pdf?rev=044d384e33124f69856ff95f406d8b63&hash=EDE0618298A9461C637E9129261588D0,/Users/arshnoorkaur/Downloads/road_salt_tracker/data/raw/MI/doc_2.pdf,2026-08-27,MI,260000000713,2026-10-01,2027-09-30
4436,2,MI,Gratiot,GRATIOT COUNTY ROAD COMMISSION,Detroit Salt,Detroit Salt,,2027,seasonal_fill,700.0,66.55,46585.0,,41,deterministic_pdf,0.92,0.92,0.92,auto_accepted,,2026-08-27 20:03:55,https://www.michigan.gov/dtmb/-/media/Project/Websites/dtmb/Procurement/Contracts/022/260000000713.pdf?rev=044d384e33124f69856ff95f406d8b63&hash=EDE0618298A9461C637E9129261588D0,/Users/arshnoorkaur/Downloads/road_salt_tracker/data/raw/MI/doc_2.pdf,2026-08-27,MI,260000000713,2026-10-01,2027-09-30
4437,2,MI,Huron,SEBEWAING VILLAGE OF,Detroit Salt,Detroit Salt,,2027,seasonal_fill,50.0,64.89,3244.5,,41,deterministic_pdf,0.92,0.92,0.92,auto_accepted,,2026-08-27 20:03:55,https://www.michigan.gov/dtmb/-/media/Project/Websites/dtmb/Procurement/Contracts/022/260000000713.pdf?rev=044d384e33124f69856ff95f406d8b63&hash=EDE0618298A9461C637E9129261588D0,/Users/arshnoorkaur/Downloads/road_salt_tracker/data/raw/MI/doc_2.pdf,2026-08-27,MI,260000000713,2026-10-01,2027-09-30
4438,2,MI,Huron,HURON COUNTY ROAD COMMISSION,Detroit Salt,Detroit Salt,,2027,seasonal_fill,600.0,64.89,38934.0,,41,deterministic_pdf,0.92,0.92,0.92,auto_accepted,,2026-08-27 20:03:55,https://www.michigan.gov/dtmb/-/media/Project/Websites/dtmb/Procurement/Contracts/022/260000000713.pdf?rev=044d384e33124f69856ff95f406d8b63&hash=EDE0618298A9461C637E9129261588D0,/Users/arshnoorkaur/Downloads/road_salt_tracker/data/raw/MI/doc_2.pdf,2026-08-27,MI,260000000713,2026-10-01,2027-09-30
4439,2,MI,Huron,HURON COUNTY ROAD COMMISSION,Detroit Salt,Detroit Salt,,2027,seasonal_fill,500.0,64.89,32445.0,,41,deterministic_pdf,0.92,0.92,0.92,auto_accepted,,2026-08-27 20:03:55,https://www.michigan.gov/dtmb/-/media/Project/Websites/dtmb/Procurement/Contracts/022/260000000713.pdf?rev=044d384e33124f69856ff95f406d8b63&hash=EDE0618298A9461C637E9129261588D0,/Users/arshnoorkaur/Downloads/road_salt_tracker/data/raw/MI/doc_2.pdf,2026-08-27,MI,260000000713,2026-10-01,2027-09-30
4440,2,MI,Huron,HURON COUNTY ROAD COMMISSION,Detroit Salt,Detroit Salt,,2027,seasonal_fill,350.0,64.89,22711.5,,41,deterministic_pdf,0.92,0.92,0.92,auto_accepted,,2026-08-27 20:03:55,https://www.michigan.gov/dtmb/-/media/Project/Websites/dtmb/Procurement/Contracts/022/260000000713.pdf?rev=044d384e33124f69856ff95f406d8b63&hash=EDE0618298A9461C637E9129261588D0,/Users/arshnoorkaur/Downloads/road_salt_tracker/data/raw/MI/doc_2.pdf,2026-08-27,MI,260000000713,2026-10-01,2027-09-30
4441,2,MI,Huron,HURON COUNTY ROAD COMMISSION,Detroit Salt,Detroit Salt,,2027,seasonal_fill,800.0,64.89,51912.0,,41,deterministic_pdf,0.92,0.92,0.92,auto_accepted,,2026-08-27 20:03:55,https://www.michigan.gov/dtmb/-/media/Project/Websites/dtmb/Procurement/Contracts/022/260000000713.pdf?rev=044d384e33124f69856ff95f406d8b63&hash=EDE0618298A9461C637E9129261588D0,/Users/arshnoorkaur/Downloads/road_salt_tracker/data/raw/MI/doc_2.pdf,2026-08-27,MI,260000000713,2026-10-01,2027-09-30
4442,2,MI,Huron,HURON COUNTY ROAD COMMISSION,Detroit Salt,Detroit Salt,,2027,seasonal_fill,250.0,64.89,16222.5,,41,deterministic_pdf,0.92,0.92,0.92,auto_accepted,,2026-08-27 20:03:55,https://www.michigan.gov/dtmb/-/media/Project/Websites/dtmb/Procurement/Contracts/022/260000000713.pdf?rev=044d384e33124f69856ff95f406d8b63&hash=EDE0618298A9461C637E9129261588D0,/Users/arshnoorkaur/Downloads/road_salt_tracker/data/raw/MI/doc_2.pdf,2026-08-27,MI,260000000713,2026-10-01,2027-09-30
4443,2,MI,Lapeer,NORTH BRANCH AREA SCHOOLS,Detroit Salt,Detroit Salt,,2027,seasonal_fill,50.0,68.79,3439.5,,41,deterministic_pdf,0.92,0.92,0.92,auto_accepted,,2026-08-27 20:03:55,https://www.michigan.gov/dtmb/-/media/Project/Websites/dtmb/Procurement/Contracts/022/260000000713.pdf?rev=044d384e33124f69856ff95f406d8b63&hash=EDE0618298A9461C637E9129261588D0,/Users/arshnoorkaur/Downloads/road_salt_tracker/data/raw/MI/doc_2.pdf,2026-08-27,MI,260000000713,2026-10-01,2027-09-30
4444,2,MI,Lapeer,LAPEER COUNTY ROAD COMMISSION,Detroit Salt,Detroit Salt,,2027,seasonal_fill,2000.0,68.79,137580.0,,41,deterministic_pdf,0.92,0.92,0.92,auto_accepted,,2026-08-27 20:03:55,https://www.michigan.gov/dtmb/-/media/Project/Websites/dtmb/Procurement/Contracts/022/260000000713.pdf?rev=044d384e33124f69856ff95f406d8b63&hash=EDE0618298A9461C637E9129261588D0,/Users/arshnoorkaur/Downloads/road_salt_tracker/data/raw/MI/doc_2.pdf,2026-08-27,MI,260000000713,2026-10-01,2027-09-30
4445,2,MI,Lapeer,LAPEER COUNTY ROAD COMMISSION,Detroit Salt,Detroit Salt,,2027,seasonal_fill,1500.0,68.79,103185.0,,41,deterministic_pdf,0.92,0.92,0.92,auto_accepted,,2026-08-27 20:03:55,https://www.michigan.gov/dtmb/-/media/Project/Websites/dtmb/Procurement/Contracts/022/260000000713.pdf?rev=044d384e33124f69856ff95f406d8b63&hash=EDE0618298A9461C637E9129261588D0,/Users/arshnoorkaur/Downloads/road_salt_tracker/data/raw/MI/doc_2.pdf,2026-08-27,MI,260000000713,2026-10-01,2027-09-30
4446,2,MI,Lapeer,"DRYDEN, VILLAGE OF",Detroit Salt,Detroit Salt,,2027,seasonal_fill,100.0,68.79,6879.0,,41,deterministic_pdf,0.92,0.92,0.92,auto_accepted,,2026-08-27 20:03:55,https://www.michigan.gov/dtmb/-/media/Project/Websites/dtmb/Procurement/Contracts/022/260000000713.pdf?rev=044d384e33124f69856ff95f406d8b63&hash=EDE0618298A9461C637E9129261588D0,/Users/arshnoorkaur/Downloads/road_salt_tracker/data/raw/MI/doc_2.pdf,2026-08-27,MI,260000000713,2026-10-01,2027-09-30
4447,2,MI,Lapeer,Dryden Public Schools,Detroit Salt,Detroit Salt,,2027,seasonal_fill,50.0,68.79,3439.5,,41,deterministic_pdf,0.92,0.92,0.92,auto_accepted,,2026-08-27 20:03:55,https://www.michigan.gov/dtmb/-/media/Project/Websites/dtmb/Procurement/Contracts/022/260000000713.pdf?rev=044d384e33124f69856ff95f406d8b63&hash=EDE0618298A9461C637E9129261588D0,/Users/arshnoorkaur/Downloads/road_salt_tracker/data/raw/MI/doc_2.pdf,2026-08-27,MI,260000000713,2026-10-01,2027-09-30
4448,2,MI,Lapeer,"IMLAY, CITY OF",Detroit Salt,Detroit Salt,,2027,seasonal_fill,150.0,68.79,10318.5,,41,deterministic_pdf,0.92,0.92,0.92,auto_accepted,,2026-08-27 20:03:55,https://www.michigan.gov/dtmb/-/media/Project/Websites/dtmb/Procurement/Contracts/022/260000000713.pdf?rev=044d384e33124f69856ff95f406d8b63&hash=EDE0618298A9461C637E9129261588D0,/Users/arshnoorkaur/Downloads/road_salt_tracker/data/raw/MI/doc_2.pdf,2026-08-27,MI,260000000713,2026-10-01,2027-09-30
4449,2,MI,Lapeer,"NORTH BRANCH, VILLAGE OF",Detroit Salt,Detroit Salt,,2027,seasonal_fill,100.0,68.79,6879.0,,41,deterministic_pdf,0.92,0.92,0.92,auto_accepted,,2026-08-27 20:03:55,https://www.michigan.gov/dtmb/-/media/Project/Websites/dtmb/Procurement/Contracts/022/260000000713.pdf?rev=044d384e33124f69856ff95f406d8b63&hash=EDE0618298A9461C637E9129261588D0,/Users/arshnoorkaur/Downloads/road_salt_tracker/data/raw/MI/doc_2.pdf,2026-08-27,MI,260000000713,2026-10-01,2027-09-30
4450,2,MI,Lapeer,"CLIFFORD, VILLAGE OF",Detroit Salt,Detroit Salt,,2027,seasonal_fill,100.0,68.79,6879.0,,41,deterministic_pdf,0.92,0.92,0.92,auto_accepted,,2026-08-27 20:03:55,https://www.michigan.gov/dtmb/-/media/Project/Websites/dtmb/Procurement/Contracts/022/260000000713.pdf?rev=044d384e33124f69856ff95f406d8b63&hash=EDE0618298A9461C637E9129261588D0,/Users/arshnoorkaur/Downloads/road_salt_tracker/data/raw/MI/doc_2.pdf,2026-08-27,MI,260000000713,2026-10-01,2027-09-30
4451,2,MI,Lapeer,"LAPEER, CITY OF",Detroit Salt,Detroit Salt,,2027,seasonal_fill,700.0,68.79,48153.0,,41,deterministic_pdf,0.92,0.92,0.92,auto_accepted,,2026-08-27 20:03:55,https://www.michigan.gov/dtmb/-/media/Project/Websites/dtmb/Procurement/Contracts/022/260000000713.pdf?rev=044d384e33124f69856ff95f406d8b63&hash=EDE0618298A9461C637E9129261588D0,/Users/arshnoorkaur/Downloads/road_salt_tracker/data/raw/MI/doc_2.pdf,2026-08-27,MI,260000000713,2026-10-01,2027-09-30
4452,2,MI,Lapeer,"ALMONT, VILLAGE OF",Detroit Salt,Detroit Salt,,2027,seasonal_fill,100.0,68.79,6879.0,,41,deterministic_pdf,0.92,0.92,0.92,auto_accepted,,2026-08-27 20:03:55,https://www.michigan.gov/dtmb/-/media/Project/Websites/dtmb/Procurement/Contracts/022/260000000713.pdf?rev=044d384e33124f69856ff95f406d8b63&hash=EDE0618298A9461C637E9129261588D0,/Users/arshnoorkaur/Downloads/road_salt_tracker/data/raw/MI/doc_2.pdf,2026-08-27,MI,260000000713,2026-10-01,2027-09-30
4453,2,MI,Sanilac,"LEXINGTON, VILLAGE OF",Detroit Salt,Detroit Salt,,2027,seasonal_fill,50.0,65.21,3260.5,,41,deterministic_pdf,0.92,0.92,0.92,auto_accepted,,2026-08-27 20:03:55,https://www.michigan.gov/dtmb/-/media/Project/Websites/dtmb/Procurement/Contracts/022/260000000713.pdf?rev=044d384e33124f69856ff95f406d8b63&hash=EDE0618298A9461C637E9129261588D0,/Users/arshnoorkaur/Downloads/road_salt_tracker/data/raw/MI/doc_2.pdf,2026-08-27,MI,260000000713,2026-10-01,2027-09-30
4454,2,MI,Sanilac,BROWN CITY,Detroit Salt,Detroit Salt,,2027,seasonal_fill,150.0,65.21,9781.5,,41,deterministic_pdf,0.92,0.92,0.92,auto_accepted,,2026-08-27 20:03:55,https://www.michigan.gov/dtmb/-/media/Project/Websites/dtmb/Procurement/Contracts/022/260000000713.pdf?rev=044d384e33124f69856ff95f406d8b63&hash=EDE0618298A9461C637E9129261588D0,/Users/arshnoorkaur/Downloads/road_salt_tracker/data/raw/MI/doc_2.pdf,2026-08-27,MI,260000000713,2026-10-01,2027-09-30
4455,2,MI,Sanilac,SANILAC COUNTY ROAD COMMISSION,Detroit Salt,Detroit Salt,,2027,seasonal_fill,450.0,65.21,29344.5,,41,deterministic_pdf,0.92,0.92,0.92,auto_accepted,,2026-08-27 20:03:55,https://www.michigan.gov/dtmb/-/media/Project/Websites/dtmb/Procurement/Contracts/022/260000000713.pdf?rev=044d384e33124f69856ff95f406d8b63&hash=EDE0618298A9461C637E9129261588D0,/Users/arshnoorkaur/Downloads/road_salt_tracker/data/raw/MI/doc_2.pdf,2026-08-27,MI,260000000713,2026-10-01,2027-09-30
4456,2,MI,Sanilac,SANILAC COUNTY ROAD COMMISSION,Detroit Salt,Detroit Salt,,2027,seasonal_fill,400.0,65.21,26084.0,,41,deterministic_pdf,0.92,0.92,0.92,auto_accepted,,2026-08-27 20:03:55,https://www.michigan.gov/dtmb/-/media/Project/Websites/dtmb/Procurement/Contracts/022/260000000713.pdf?rev=044d384e33124f69856ff95f406d8b63&hash=EDE0618298A9461C637E9129261588D0,/Users/arshnoorkaur/Downloads/road_salt_tracker/data/raw/MI/doc_2.pdf,2026-08-27,MI,260000000713,2026-10-01,2027-09-30
4457,2,MI,Sanilac,SANILAC COUNTY ROAD COMMISSION,Detroit Salt,Detroit Salt,,2027,seasonal_fill,500.0,65.21,32605.0,,41,deterministic_pdf,0.92,0.92,0.92,auto_accepted,,2026-08-27 20:03:55,https://www.michigan.gov/dtmb/-/media/Project/Websites/dtmb/Procurement/Contracts/022/260000000713.pdf?rev=044d384e33124f69856ff95f406d8b63&hash=EDE0618298A9461C637E9129261588D0,/Users/arshnoorkaur/Downloads/road_salt_tracker/data/raw/MI/doc_2.pdf,2026-08-27,MI,260000000713,2026-10-01,2027-09-30
4458,2,MI,Sanilac,SANILAC COUNTY ROAD COMMISSION,Detroit Salt,Detroit Salt,,2027,seasonal_fill,300.0,65.21,19563.0,,41,deterministic_pdf,0.92,0.92,0.92,auto_accepted,,2026-08-27 20:03:55,https://www.michigan.gov/dtmb/-/media/Project/Websites/dtmb/Procurement/Contracts/022/260000000713.pdf?rev=044d384e33124f69856ff95f406d8b63&hash=EDE0618298A9461C637E9129261588D0,/Users/arshnoorkaur/Downloads/road_salt_tracker/data/raw/MI/doc_2.pdf,2026-08-27,MI,260000000713,2026-10-01,2027-09-30
4459,2,MI,Sanilac,Sandusky Community Schools,Detroit Salt,Detroit Salt,,2027,seasonal_fill,50.0,65.21,3260.5,,41,deterministic_pdf,0.92,0.92,0.92,auto_accepted,,2026-08-27 20:03:55,https://www.michigan.gov/dtmb/-/media/Project/Websites/dtmb/Procurement/Contracts/022/260000000713.pdf?rev=044d384e33124f69856ff95f406d8b63&hash=EDE0618298A9461C637E9129261588D0,/Users/arshnoorkaur/Downloads/road_salt_tracker/data/raw/MI/doc_2.pdf,2026-08-27,MI,260000000713,2026-10-01,2027-09-30
4460,2,MI,Sanilac,"CROSWELL, CITY OF",Detroit Salt,Detroit Salt,,2027,seasonal_fill,100.0,65.21,6521.0,,41,deterministic_pdf,0.92,0.92,0.92,auto_accepted,,2026-08-27 20:03:55,https://www.michigan.gov/dtmb/-/media/Project/Websites/dtmb/Procurement/Contracts/022/260000000713.pdf?rev=044d384e33124f69856ff95f406d8b63&hash=EDE0618298A9461C637E9129261588D0,/Users/arshnoorkaur/Downloads/road_salt_tracker/data/raw/MI/doc_2.pdf,2026-08-27,MI,260000000713,2026-10-01,2027-09-30
4461,2,MI,Sanilac,"DECKERVILLE, VILLAGE OF",Detroit Salt,Detroit Salt,,2027,seasonal_fill,100.0,65.21,6521.0,,41,deterministic_pdf,0.92,0.92,0.92,auto_accepted,,2026-08-27 20:03:55,https://www.michigan.gov/dtmb/-/media/Project/Websites/dtmb/Procurement/Contracts/022/260000000713.pdf?rev=044d384e33124f69856ff95f406d8b63&hash=EDE0618298A9461C637E9129261588D0,/Users/arshnoorkaur/Downloads/road_salt_tracker/data/raw/MI/doc_2.pdf,2026-08-27,MI,260000000713,2026-10-01,2027-09-30
4462,2,MI,Sanilac,Sandusky,Detroit Salt,Detroit Salt,,2027,seasonal_fill,300.0,65.21,19563.0,,41,deterministic_pdf,0.92,0.92,0.92,auto_accepted,,2026-08-27 20:03:55,https://www.michigan.gov/dtmb/-/media/Project/Websites/dtmb/Procurement/Contracts/022/260000000713.pdf?rev=044d384e33124f69856ff95f406d8b63&hash=EDE0618298A9461C637E9129261588D0,/Users/arshnoorkaur/Downloads/road_salt_tracker/data/raw/MI/doc_2.pdf,2026-08-27,MI,260000000713,2026-10-01,2027-09-30
4463,2,MI,Shiawassee,"PERRY, CITY OF",Detroit Salt,Detroit Salt,,2027,seasonal_fill,50.0,63.7,3185.0,,41,deterministic_pdf,0.92,0.92,0.92,auto_accepted,,2026-08-27 20:03:55,https://www.michigan.gov/dtmb/-/media/Project/Websites/dtmb/Procurement/Contracts/022/260000000713.pdf?rev=044d384e33124f69856ff95f406d8b63&hash=EDE0618298A9461C637E9129261588D0,/Users/arshnoorkaur/Downloads/road_salt_tracker/data/raw/MI/doc_2.pdf,2026-08-27,MI,260000000713,2026-10-01,2027-09-30
4464,2,MI,Shiawassee,SHIAWASSEE COUNTY ROAD COMMISSION,Detroit Salt,Detroit Salt,,2027,seasonal_fill,1500.0,63.7,95550.0,,41,deterministic_pdf,0.92,0.92,0.92,auto_accepted,,2026-08-27 20:03:55,https://www.michigan.gov/dtmb/-/media/Project/Websites/dtmb/Procurement/Contracts/022/260000000713.pdf?rev=044d384e33124f69856ff95f406d8b63&hash=EDE0618298A9461C637E9129261588D0,/Users/arshnoorkaur/Downloads/road_salt_tracker/data/raw/MI/doc_2.pdf,2026-08-27,MI,260000000713,2026-10-01,2027-09-30
4465,2,MI,Shiawassee,SHIAWASSEE COUNTY ROAD COMMISSION,Detroit Salt,Detroit Salt,,2027,seasonal_fill,250.0,63.7,15925.0,,41,deterministic_pdf,0.92,0.92,0.92,auto_accepted,,2026-08-27 20:03:55,https://www.michigan.gov/dtmb/-/media/Project/Websites/dtmb/Procurement/Contracts/022/260000000713.pdf?rev=044d384e33124f69856ff95f406d8b63&hash=EDE0618298A9461C637E9129261588D0,/Users/arshnoorkaur/Downloads/road_salt_tracker/data/raw/MI/doc_2.pdf,2026-08-27,MI,260000000713,2026-10-01,2027-09-30
4466,2,MI,Shiawassee,DURAND AREA SCHOOLS,Detroit Salt,Detroit Salt,,2027,seasonal_fill,50.0,63.7,3185.0,,41,deterministic_pdf,0.92,0.92,0.92,auto_accepted,,2026-08-27 20:03:55,https://www.michigan.gov/dtmb/-/media/Project/Websites/dtmb/Procurement/Contracts/022/260000000713.pdf?rev=044d384e33124f69856ff95f406d8b63&hash=EDE0618298A9461C637E9129261588D0,/Users/arshnoorkaur/Downloads/road_salt_tracker/data/raw/MI/doc_2.pdf,2026-08-27,MI,260000000713,2026-10-01,2027-09-30
4467,2,MI,Shiawassee,"OWOSSO, CITY OF",Detroit Salt,Detroit Salt,,2027,seasonal_fill,1400.0,63.7,89180.0,,41,deterministic_pdf,0.92,0.92,0.92,auto_accepted,,2026-08-27 20:03:55,https://www.michigan.gov/dtmb/-/media/Project/Websites/dtmb/Procurement/Contracts/022/260000000713.pdf?rev=044d384e33124f69856ff95f406d8b63&hash=EDE0618298A9461C637E9129261588D0,/Users/arshnoorkaur/Downloads/road_salt_tracker/data/raw/MI/doc_2.pdf,2026-08-27,MI,260000000713,2026-10-01,2027-09-30
4468,2,MI,Shiawassee,"DURAND, CITY OF",Detroit Salt,Detroit Salt,,2027,seasonal_fill,100.0,63.7,6370.0,,41,deterministic_pdf,0.92,0.92,0.92,auto_accepted,,2026-08-27 20:03:55,https://www.michigan.gov/dtmb/-/media/Project/Websites/dtmb/Procurement/Contracts/022/260000000713.pdf?rev=044d384e33124f69856ff95f406d8b63&hash=EDE0618298A9461C637E9129261588D0,/Users/arshnoorkaur/Downloads/road_salt_tracker/data/raw/MI/doc_2.pdf,2026-08-27,MI,260000000713,2026-10-01,2027-09-30
4469,2,MI,Shiawassee,"BYRON, VILLAGE OF",Detroit Salt,Detroit Salt,,2027,seasonal_fill,50.0,63.7,3185.0,,41,deterministic_pdf,0.92,0.92,0.92,auto_accepted,,2026-08-27 20:03:55,https://www.michigan.gov/dtmb/-/media/Project/Websites/dtmb/Procurement/Contracts/022/260000000713.pdf?rev=044d384e33124f69856ff95f406d8b63&hash=EDE0618298A9461C637E9129261588D0,/Users/arshnoorkaur/Downloads/road_salt_tracker/data/raw/MI/doc_2.pdf,2026-08-27,MI,260000000713,2026-10-01,2027-09-30
4470,2,MI,Shiawassee,Shiawassee RESD,Detroit Salt,Detroit Salt,,2027,seasonal_fill,50.0,63.7,3185.0,,41,deterministic_pdf,0.92,0.92,0.92,auto_accepted,,2026-08-27 20:03:55,https://www.michigan.gov/dtmb/-/media/Project/Websites/dtmb/Procurement/Contracts/022/260000000713.pdf?rev=044d384e33124f69856ff95f406d8b63&hash=EDE0618298A9461C637E9129261588D0,/Users/arshnoorkaur/Downloads/road_salt_tracker/data/raw/MI/doc_2.pdf,2026-08-27,MI,260000000713,2026-10-01,2027-09-30
4471,2,MI,Shiawassee,City of Laingsburg,Detroit Salt,Detroit Salt,,2027,seasonal_fill,50.0,63.7,3185.0,,42,deterministic_pdf,0.92,0.92,0.92,auto_accepted,,2026-08-27 20:03:55,https://www.michigan.gov/dtmb/-/media/Project/Websites/dtmb/Procurement/Contracts/022/260000000713.pdf?rev=044d384e33124f69856ff95f406d8b63&hash=EDE0618298A9461C637E9129261588D0,/Users/arshnoorkaur/Downloads/road_salt_tracker/data/raw/MI/doc_2.pdf,2026-08-27,MI,260000000713,2026-10-01,2027-09-30
4472,2,MI,St. Clair,"ST. CLAIR, CITY OF",Detroit Salt,Detroit Salt,,2027,seasonal_fill,400.0,58.97,23588.0,,42,deterministic_pdf,0.92,0.92,0.92,auto_accepted,,2026-08-27 20:03:55,https://www.michigan.gov/dtmb/-/media/Project/Websites/dtmb/Procurement/Contracts/022/260000000713.pdf?rev=044d384e33124f69856ff95f406d8b63&hash=EDE0618298A9461C637E9129261588D0,/Users/arshnoorkaur/Downloads/road_salt_tracker/data/raw/MI/doc_2.pdf,2026-08-27,MI,260000000713,2026-10-01,2027-09-30
4473,2,MI,St. Clair,PORT HURON AREA SCHOOL DISTRICT,Detroit Salt,Detroit Salt,,2027,seasonal_fill,600.0,58.97,35382.0,,42,deterministic_pdf,0.92,0.92,0.92,auto_accepted,,2026-08-27 20:03:55,https://www.michigan.gov/dtmb/-/media/Project/Websites/dtmb/Procurement/Contracts/022/260000000713.pdf?rev=044d384e33124f69856ff95f406d8b63&hash=EDE0618298A9461C637E9129261588D0,/Users/arshnoorkaur/Downloads/road_salt_tracker/data/raw/MI/doc_2.pdf,2026-08-27,MI,260000000713,2026-10-01,2027-09-30
4474,2,MI,St. Clair,"CAPAC, VILLAGE OF",Detroit Salt,Detroit Salt,,2027,seasonal_fill,50.0,58.97,2948.5,,42,deterministic_pdf,0.92,0.92,0.92,auto_accepted,,2026-08-27 20:03:55,https://www.michigan.gov/dtmb/-/media/Project/Websites/dtmb/Procurement/Contracts/022/260000000713.pdf?rev=044d384e33124f69856ff95f406d8b63&hash=EDE0618298A9461C637E9129261588D0,/Users/arshnoorkaur/Downloads/road_salt_tracker/data/raw/MI/doc_2.pdf,2026-08-27,MI,260000000713,2026-10-01,2027-09-30
4475,2,MI,St. Clair,"ALGONAC, CITY OF",Detroit Salt,Detroit Salt,,2027,seasonal_fill,50.0,58.97,2948.5,,42,deterministic_pdf,0.92,0.92,0.92,auto_accepted,,2026-08-27 20:03:55,https://www.michigan.gov/dtmb/-/media/Project/Websites/dtmb/Procurement/Contracts/022/260000000713.pdf?rev=044d384e33124f69856ff95f406d8b63&hash=EDE0618298A9461C637E9129261588D0,/Users/arshnoorkaur/Downloads/road_salt_tracker/data/raw/MI/doc_2.pdf,2026-08-27,MI,260000000713,2026-10-01,2027-09-30
4476,2,MI,St. Clair,MARYSVILLE POLICE DEPT,Detroit Salt,Detroit Salt,,2027,seasonal_fill,1800.0,58.97,106146.0,,42,deterministic_pdf,0.92,0.92,0.92,auto_accepted,,2026-08-27 20:03:55,https://www.michigan.gov/dtmb/-/media/Project/Websites/dtmb/Procurement/Contracts/022/260000000713.pdf?rev=044d384e33124f69856ff95f406d8b63&hash=EDE0618298A9461C637E9129261588D0,/Users/arshnoorkaur/Downloads/road_salt_tracker/data/raw/MI/doc_2.pdf,2026-08-27,MI,260000000713,2026-10-01,2027-09-30
4477,2,MI,St. Clair,YALE PUBLIC SCHOOLS,Detroit Salt,Detroit Salt,,2027,seasonal_fill,50.0,58.97,2948.5,,42,deterministic_pdf,0.92,0.92,0.92,auto_accepted,,2026-08-27 20:03:55,https://www.michigan.gov/dtmb/-/media/Project/Websites/dtmb/Procurement/Contracts/022/260000000713.pdf?rev=044d384e33124f69856ff95f406d8b63&hash=EDE0618298A9461C637E9129261588D0,/Users/arshnoorkaur/Downloads/road_salt_tracker/data/raw/MI/doc_2.pdf,2026-08-27,MI,260000000713,2026-10-01,2027-09-30
4478,2,MI,St. Clair,"PORT HURON, CITY OF",Detroit Salt,Detroit Salt,,2027,seasonal_fill,2000.0,58.97,117940.0,,42,deterministic_pdf,0.92,0.92,0.92,auto_accepted,,2026-08-27 20:03:55,https://www.michigan.gov/dtmb/-/media/Project/Websites/dtmb/Procurement/Contracts/022/260000000713.pdf?rev=044d384e33124f69856ff95f406d8b63&hash=EDE0618298A9461C637E9129261588D0,/Users/arshnoorkaur/Downloads/road_salt_tracker/data/raw/MI/doc_2.pdf,2026-08-27,MI,260000000713,2026-10-01,2027-09-30
4479,2,MI,St. Clair,ST. CLAIR COUNTY ROAD COMMISSION,Detroit Salt,Detroit Salt,,2027,seasonal_fill,3000.0,58.97,176910.0,,42,deterministic_pdf,0.92,0.92,0.92,auto_accepted,,2026-08-27 20:03:55,https://www.michigan.gov/dtmb/-/media/Project/Websites/dtmb/Procurement/Contracts/022/260000000713.pdf?rev=044d384e33124f69856ff95f406d8b63&hash=EDE0618298A9461C637E9129261588D0,/Users/arshnoorkaur/Downloads/road_salt_tracker/data/raw/MI/doc_2.pdf,2026-08-27,MI,260000000713,2026-10-01,2027-09-30
4480,2,MI,St. Clair,ST. CLAIR COUNTY ROAD COMMISSION,Detroit Salt,Detroit Salt,,2027,seasonal_fill,2600.0,58.97,153322.0,,42,deterministic_pdf,0.92,0.92,0.92,auto_accepted,,2026-08-27 20:03:55,https://www.michigan.gov/dtmb/-/media/Project/Websites/dtmb/Procurement/Contracts/022/260000000713.pdf?rev=044d384e33124f69856ff95f406d8b63&hash=EDE0618298A9461C637E9129261588D0,/Users/arshnoorkaur/Downloads/road_salt_tracker/data/raw/MI/doc_2.pdf,2026-08-27,MI,260000000713,2026-10-01,2027-09-30
4481,2,MI,St. Clair,ST. CLAIR COUNTY ROAD COMMISSION,Detroit Salt,Detroit Salt,,2027,seasonal_fill,8200.0,58.97,483554.0,,42,deterministic_pdf,0.92,0.92,0.92,auto_accepted,,2026-08-27 20:03:55,https://www.michigan.gov/dtmb/-/media/Project/Websites/dtmb/Procurement/Contracts/022/260000000713.pdf?rev=044d384e33124f69856ff95f406d8b63&hash=EDE0618298A9461C637E9129261588D0,/Users/arshnoorkaur/Downloads/road_salt_tracker/data/raw/MI/doc_2.pdf,2026-08-27,MI,260000000713,2026-10-01,2027-09-30
4482,2,MI,St. Clair,City of Yale,Detroit Salt,Detroit Salt,,2027,seasonal_fill,50.0,58.97,2948.5,,42,deterministic_pdf,0.92,0.92,0.92,auto_accepted,,2026-08-27 20:03:55,https://www.michigan.gov/dtmb/-/media/Project/Websites/dtmb/Procurement/Contracts/022/260000000713.pdf?rev=044d384e33124f69856ff95f406d8b63&hash=EDE0618298A9461C637E9129261588D0,/Users/arshnoorkaur/Downloads/road_salt_tracker/data/raw/MI/doc_2.pdf,2026-08-27,MI,260000000713,2026-10-01,2027-09-30
4483,2,MI,St. Clair,PORT HURON HOUSING COMMISSION,Detroit Salt,Detroit Salt,,2027,seasonal_fill,50.0,58.97,2948.5,,42,deterministic_pdf,0.92,0.92,0.92,auto_accepted,,2026-08-27 20:03:55,https://www.michigan.gov/dtmb/-/media/Project/Websites/dtmb/Procurement/Contracts/022/260000000713.pdf?rev=044d384e33124f69856ff95f406d8b63&hash=EDE0618298A9461C637E9129261588D0,/Users/arshnoorkaur/Downloads/road_salt_tracker/data/raw/MI/doc_2.pdf,2026-08-27,MI,260000000713,2026-10-01,2027-09-30
4484,2,MI,Tuscola,TUSCOLA COUNTY ROAD COMMISSION,Detroit Salt,Detroit Salt,,2027,seasonal_fill,400.0,61.17,24468.0,,42,deterministic_pdf,0.92,0.92,0.92,auto_accepted,,2026-08-27 20:03:55,https://www.michigan.gov/dtmb/-/media/Project/Websites/dtmb/Procurement/Contracts/022/260000000713.pdf?rev=044d384e33124f69856ff95f406d8b63&hash=EDE0618298A9461C637E9129261588D0,/Users/arshnoorkaur/Downloads/road_salt_tracker/data/raw/MI/doc_2.pdf,2026-08-27,MI,260000000713,2026-10-01,2027-09-30
4485,2,MI,Tuscola,TUSCOLA COUNTY ROAD COMMISSION,Detroit Salt,Detroit Salt,,2027,seasonal_fill,600.0,61.17,36702.0,,42,deterministic_pdf,0.92,0.92,0.92,auto_accepted,,2026-08-27 20:03:55,https://www.michigan.gov/dtmb/-/media/Project/Websites/dtmb/Procurement/Contracts/022/260000000713.pdf?rev=044d384e33124f69856ff95f406d8b63&hash=EDE0618298A9461C637E9129261588D0,/Users/arshnoorkaur/Downloads/road_salt_tracker/data/raw/MI/doc_2.pdf,2026-08-27,MI,260000000713,2026-10-01,2027-09-30
4486,2,MI,Tuscola,CARO COMMUNITY SCHOOLS,Detroit Salt,Detroit Salt,,2027,seasonal_fill,50.0,61.17,3058.5,,42,deterministic_pdf,0.92,0.92,0.92,auto_accepted,,2026-08-27 20:03:55,https://www.michigan.gov/dtmb/-/media/Project/Websites/dtmb/Procurement/Contracts/022/260000000713.pdf?rev=044d384e33124f69856ff95f406d8b63&hash=EDE0618298A9461C637E9129261588D0,/Users/arshnoorkaur/Downloads/road_salt_tracker/data/raw/MI/doc_2.pdf,2026-08-27,MI,260000000713,2026-10-01,2027-09-30
4487,2,MI,Tuscola,KINGSTON VILLAGE OF,Detroit Salt,Detroit Salt,,2027,seasonal_fill,50.0,61.17,3058.5,,42,deterministic_pdf,0.92,0.92,0.92,auto_accepted,,2026-08-27 20:03:55,https://www.michigan.gov/dtmb/-/media/Project/Websites/dtmb/Procurement/Contracts/022/260000000713.pdf?rev=044d384e33124f69856ff95f406d8b63&hash=EDE0618298A9461C637E9129261588D0,/Users/arshnoorkaur/Downloads/road_salt_tracker/data/raw/MI/doc_2.pdf,2026-08-27,MI,260000000713,2026-10-01,2027-09-30
4488,2,MI,Tuscola,MILLINGTON COMMUNITY SCHOOLS,Detroit Salt,Detroit Salt,,2027,seasonal_fill,50.0,61.17,3058.5,,42,deterministic_pdf,0.92,0.92,0.92,auto_accepted,,2026-08-27 20:03:55,https://www.michigan.gov/dtmb/-/media/Project/Websites/dtmb/Procurement/Contracts/022/260000000713.pdf?rev=044d384e33124f69856ff95f406d8b63&hash=EDE0618298A9461C637E9129261588D0,/Users/arshnoorkaur/Downloads/road_salt_tracker/data/raw/MI/doc_2.pdf,2026-08-27,MI,260000000713,2026-10-01,2027-09-30
4489,2,MI,Tuscola,"CASS CITY, VILLAGE OF",Detroit Salt,Detroit Salt,,2027,seasonal_fill,150.0,61.17,9175.5,,42,deterministic_pdf,0.92,0.92,0.92,auto_accepted,,2026-08-27 20:03:55,https://www.michigan.gov/dtmb/-/media/Project/Websites/dtmb/Procurement/Contracts/022/260000000713.pdf?rev=044d384e33124f69856ff95f406d8b63&hash=EDE0618298A9461C637E9129261588D0,/Users/arshnoorkaur/Downloads/road_salt_tracker/data/raw/MI/doc_2.pdf,2026-08-27,MI,260000000713,2026-10-01,2027-09-30
4490,2,MI,Tuscola,"VASSAR, CITY OF",Detroit Salt,Detroit Salt,,2027,seasonal_fill,250.0,61.17,15292.5,,42,deterministic_pdf,0.92,0.92,0.92,auto_accepted,,2026-08-27 20:03:55,https://www.michigan.gov/dtmb/-/media/Project/Websites/dtmb/Procurement/Contracts/022/260000000713.pdf?rev=044d384e33124f69856ff95f406d8b63&hash=EDE0618298A9461C637E9129261588D0,/Users/arshnoorkaur/Downloads/road_salt_tracker/data/raw/MI/doc_2.pdf,2026-08-27,MI,260000000713,2026-10-01,2027-09-30
4491,2,MI,Berrien,"BERRIEN SPRINGS, VILLAGE OF",Detroit Salt,Detroit Salt,,2027,seasonal_fill,50.0,74.16,3708.0,,42,deterministic_pdf,0.92,0.92,0.92,auto_accepted,,2026-08-27 20:03:55,https://www.michigan.gov/dtmb/-/media/Project/Websites/dtmb/Procurement/Contracts/022/260000000713.pdf?rev=044d384e33124f69856ff95f406d8b63&hash=EDE0618298A9461C637E9129261588D0,/Users/arshnoorkaur/Downloads/road_salt_tracker/data/raw/MI/doc_2.pdf,2026-08-27,MI,260000000713,2026-10-01,2027-09-30
4492,2,MI,Berrien,"ST. JOSEPH, CITY OF",Detroit Salt,Detroit Salt,,2027,seasonal_fill,250.0,74.16,18540.0,,42,deterministic_pdf,0.92,0.92,0.92,auto_accepted,,2026-08-27 20:03:55,https://www.michigan.gov/dtmb/-/media/Project/Websites/dtmb/Procurement/Contracts/022/260000000713.pdf?rev=044d384e33124f69856ff95f406d8b63&hash=EDE0618298A9461C637E9129261588D0,/Users/arshnoorkaur/Downloads/road_salt_tracker/data/raw/MI/doc_2.pdf,2026-08-27,MI,260000000713,2026-10-01,2027-09-30
4493,2,MI,Berrien,"NEW BUFFALO, CITY OF",Detroit Salt,Detroit Salt,,2027,seasonal_fill,300.0,74.16,22248.0,,42,deterministic_pdf,0.92,0.92,0.92,auto_accepted,,2026-08-27 20:03:55,https://www.michigan.gov/dtmb/-/media/Project/Websites/dtmb/Procurement/Contracts/022/260000000713.pdf?rev=044d384e33124f69856ff95f406d8b63&hash=EDE0618298A9461C637E9129261588D0,/Users/arshnoorkaur/Downloads/road_salt_tracker/data/raw/MI/doc_2.pdf,2026-08-27,MI,260000000713,2026-10-01,2027-09-30
4494,2,MI,Berrien,"BUCHANAN, CITY OF",Detroit Salt,Detroit Salt,,2027,seasonal_fill,150.0,74.16,11124.0,,42,deterministic_pdf,0.92,0.92,0.92,auto_accepted,,2026-08-27 20:03:55,https://www.michigan.gov/dtmb/-/media/Project/Websites/dtmb/Procurement/Contracts/022/260000000713.pdf?rev=044d384e33124f69856ff95f406d8b63&hash=EDE0618298A9461C637E9129261588D0,/Users/arshnoorkaur/Downloads/road_salt_tracker/data/raw/MI/doc_2.pdf,2026-08-27,MI,260000000713,2026-10-01,2027-09-30
4495,2,MI,Berrien,STEVENSVILLE VILLAGE OF,Detroit Salt,Detroit Salt,,2027,seasonal_fill,50.0,74.16,3708.0,,42,deterministic_pdf,0.92,0.92,0.92,auto_accepted,,2026-08-27 20:03:55,https://www.michigan.gov/dtmb/-/media/Project/Websites/dtmb/Procurement/Contracts/022/260000000713.pdf?rev=044d384e33124f69856ff95f406d8b63&hash=EDE0618298A9461C637E9129261588D0,/Users/arshnoorkaur/Downloads/road_salt_tracker/data/raw/MI/doc_2.pdf,2026-08-27,MI,260000000713,2026-10-01,2027-09-30
4496,2,MI,Berrien,"WATERVLIET, CITY OF",Detroit Salt,Detroit Salt,,2027,seasonal_fill,100.0,74.16,7416.0,,42,deterministic_pdf,0.92,0.92,0.92,auto_accepted,,2026-08-27 20:03:55,https://www.michigan.gov/dtmb/-/media/Project/Websites/dtmb/Procurement/Contracts/022/260000000713.pdf?rev=044d384e33124f69856ff95f406d8b63&hash=EDE0618298A9461C637E9129261588D0,/Users/arshnoorkaur/Downloads/road_salt_tracker/data/raw/MI/doc_2.pdf,2026-08-27,MI,260000000713,2026-10-01,2027-09-30
4497,2,MI,Berrien,BRIDGMAN CITY OF,Detroit Salt,Detroit Salt,,2027,seasonal_fill,250.0,74.16,18540.0,,42,deterministic_pdf,0.92,0.92,0.92,auto_accepted,,2026-08-27 20:03:55,https://www.michigan.gov/dtmb/-/media/Project/Websites/dtmb/Procurement/Contracts/022/260000000713.pdf?rev=044d384e33124f69856ff95f406d8b63&hash=EDE0618298A9461C637E9129261588D0,/Users/arshnoorkaur/Downloads/road_salt_tracker/data/raw/MI/doc_2.pdf,2026-08-27,MI,260000000713,2026-10-01,2027-09-30
4498,2,MI,Berrien,"COLOMA, CITY OF",Detroit Salt,Detroit Salt,,2027,seasonal_fill,200.0,74.16,14832.0,,42,deterministic_pdf,0.92,0.92,0.92,auto_accepted,,2026-08-27 20:03:55,https://www.michigan.gov/dtmb/-/media/Project/Websites/dtmb/Procurement/Contracts/022/260000000713.pdf?rev=044d384e33124f69856ff95f406d8b63&hash=EDE0618298A9461C637E9129261588D0,/Users/arshnoorkaur/Downloads/road_salt_tracker/data/raw/MI/doc_2.pdf,2026-08-27,MI,260000000713,2026-10-01,2027-09-30
4499,2,MI,Berrien,"THREE OAKS, VILLAGE OF",Detroit Salt,Detroit Salt,,2027,seasonal_fill,150.0,74.16,11124.0,,42,deterministic_pdf,0.92,0.92,0.92,auto_accepted,,2026-08-27 20:03:55,https://www.michigan.gov/dtmb/-/media/Project/Websites/dtmb/Procurement/Contracts/022/260000000713.pdf?rev=044d384e33124f69856ff95f406d8b63&hash=EDE0618298A9461C637E9129261588D0,/Users/arshnoorkaur/Downloads/road_salt_tracker/data/raw/MI/doc_2.pdf,2026-08-27,MI,260000000713,2026-10-01,2027-09-30
4500,2,MI,Berrien,BERRIEN COUNTY,Detroit Salt,Detroit Salt,,2027,seasonal_fill,600.0,74.16,44496.0,,42,deterministic_pdf,0.92,0.92,0.92,auto_accepted,,2026-08-27 20:03:55,https://www.michigan.gov/dtmb/-/media/Project/Websites/dtmb/Procurement/Contracts/022/260000000713.pdf?rev=044d384e33124f69856ff95f406d8b63&hash=EDE0618298A9461C637E9129261588D0,/Users/arshnoorkaur/Downloads/road_salt_tracker/data/raw/MI/doc_2.pdf,2026-08-27,MI,260000000713,2026-10-01,2027-09-30
4501,2,MI,Berrien,BERRIEN COUNTY,Detroit Salt,Detroit Salt,,2027,seasonal_fill,1000.0,74.16,74160.0,,42,deterministic_pdf,0.92,0.92,0.92,auto_accepted,,2026-08-27 20:03:55,https://www.michigan.gov/dtmb/-/media/Project/Websites/dtmb/Procurement/Contracts/022/260000000713.pdf?rev=044d384e33124f69856ff95f406d8b63&hash=EDE0618298A9461C637E9129261588D0,/Users/arshnoorkaur/Downloads/road_salt_tracker/data/raw/MI/doc_2.pdf,2026-08-27,MI,260000000713,2026-10-01,2027-09-30
4502,2,MI,Berrien,BERRIEN COUNTY,Detroit Salt,Detroit Salt,,2027,seasonal_fill,1200.0,74.16,88992.0,,42,deterministic_pdf,0.92,0.92,0.92,auto_accepted,,2026-08-27 20:03:55,https://www.michigan.gov/dtmb/-/media/Project/Websites/dtmb/Procurement/Contracts/022/260000000713.pdf?rev=044d384e33124f69856ff95f406d8b63&hash=EDE0618298A9461C637E9129261588D0,/Users/arshnoorkaur/Downloads/road_salt_tracker/data/raw/MI/doc_2.pdf,2026-08-27,MI,260000000713,2026-10-01,2027-09-30
4503,2,MI,Berrien,BERRIEN COUNTY,Detroit Salt,Detroit Salt,,2027,seasonal_fill,1400.0,74.16,103824.0,,42,deterministic_pdf,0.92,0.92,0.92,auto_accepted,,2026-08-27 20:03:55,https://www.michigan.gov/dtmb/-/media/Project/Websites/dtmb/Procurement/Contracts/022/260000000713.pdf?rev=044d384e33124f69856ff95f406d8b63&hash=EDE0618298A9461C637E9129261588D0,/Users/arshnoorkaur/Downloads/road_salt_tracker/data/raw/MI/doc_2.pdf,2026-08-27,MI,260000000713,2026-10-01,2027-09-30
4504,2,MI,Berrien,BERRIEN COUNTY,Detroit Salt,Detroit Salt,,2027,seasonal_fill,300.0,74.16,22248.0,,42,deterministic_pdf,0.92,0.92,0.92,auto_accepted,,2026-08-27 20:03:55,https://www.michigan.gov/dtmb/-/media/Project/Websites/dtmb/Procurement/Contracts/022/260000000713.pdf?rev=044d384e33124f69856ff95f406d8b63&hash=EDE0618298A9461C637E9129261588D0,/Users/arshnoorkaur/Downloads/road_salt_tracker/data/raw/MI/doc_2.pdf,2026-08-27,MI,260000000713,2026-10-01,2027-09-30
4505,2,MI,Berrien,"NILES, CITY OF",Detroit Salt,Detroit Salt,,2027,seasonal_fill,1000.0,74.16,74160.0,,42,deterministic_pdf,0.92,0.92,0.92,auto_accepted,,2026-08-27 20:03:55,https://www.michigan.gov/dtmb/-/media/Project/Websites/dtmb/Procurement/Contracts/022/260000000713.pdf?rev=044d384e33124f69856ff95f406d8b63&hash=EDE0618298A9461C637E9129261588D0,/Users/arshnoorkaur/Downloads/road_salt_tracker/data/raw/MI/doc_2.pdf,2026-08-27,MI,260000000713,2026-10-01,2027-09-30
4506,2,MI,Berrien,"BENTON HARBOR, CITY OF",Detroit Salt,Detroit Salt,,2027,seasonal_fill,800.0,74.16,59328.0,,42,deterministic_pdf,0.92,0.92,0.92,auto_accepted,,2026-08-27 20:03:55,https://www.michigan.gov/dtmb/-/media/Project/Websites/dtmb/Procurement/Contracts/022/260000000713.pdf?rev=044d384e33124f69856ff95f406d8b63&hash=EDE0618298A9461C637E9129261588D0,/Users/arshnoorkaur/Downloads/road_salt_tracker/data/raw/MI/doc_2.pdf,2026-08-27,MI,260000000713,2026-10-01,2027-09-30
4507,2,MI,Branch,"UNION CITY, VILLAGE OF",Detroit Salt,Detroit Salt,,2027,seasonal_fill,150.0,75.75,11362.5,,42,deterministic_pdf,0.92,0.92,0.92,auto_accepted,,2026-08-27 20:03:55,https://www.michigan.gov/dtmb/-/media/Project/Websites/dtmb/Procurement/Contracts/022/260000000713.pdf?rev=044d384e33124f69856ff95f406d8b63&hash=EDE0618298A9461C637E9129261588D0,/Users/arshnoorkaur/Downloads/road_salt_tracker/data/raw/MI/doc_2.pdf,2026-08-27,MI,260000000713,2026-10-01,2027-09-30
4508,2,MI,Branch,"BRONSON, CITY OF",Detroit Salt,Detroit Salt,,2027,seasonal_fill,50.0,75.75,3787.5,,42,deterministic_pdf,0.92,0.92,0.92,auto_accepted,,2026-08-27 20:03:55,https://www.michigan.gov/dtmb/-/media/Project/Websites/dtmb/Procurement/Contracts/022/260000000713.pdf?rev=044d384e33124f69856ff95f406d8b63&hash=EDE0618298A9461C637E9129261588D0,/Users/arshnoorkaur/Downloads/road_salt_tracker/data/raw/MI/doc_2.pdf,2026-08-27,MI,260000000713,2026-10-01,2027-09-30
4509,2,MI,Branch,"COLDWATER, CITY OF",Detroit Salt,Detroit Salt,,2027,seasonal_fill,500.0,75.75,37875.0,,42,deterministic_pdf,0.92,0.92,0.92,auto_accepted,,2026-08-27 20:03:55,https://www.michigan.gov/dtmb/-/media/Project/Websites/dtmb/Procurement/Contracts/022/260000000713.pdf?rev=044d384e33124f69856ff95f406d8b63&hash=EDE0618298A9461C637E9129261588D0,/Users/arshnoorkaur/Downloads/road_salt_tracker/data/raw/MI/doc_2.pdf,2026-08-27,MI,260000000713,2026-10-01,2027-09-30
4510,2,MI,Branch,BRANCH COUNTY ROAD COMMISSION,Detroit Salt,Detroit Salt,,2027,seasonal_fill,1200.0,75.75,90900.0,,42,deterministic_pdf,0.92,0.92,0.92,auto_accepted,,2026-08-27 20:03:55,https://www.michigan.gov/dtmb/-/media/Project/Websites/dtmb/Procurement/Contracts/022/260000000713.pdf?rev=044d384e33124f69856ff95f406d8b63&hash=EDE0618298A9461C637E9129261588D0,/Users/arshnoorkaur/Downloads/road_salt_tracker/data/raw/MI/doc_2.pdf,2026-08-27,MI,260000000713,2026-10-01,2027-09-30
4511,2,MI,Calhoun,CALHOUN COUNTY,Detroit Salt,Detroit Salt,,2027,seasonal_fill,6000.0,72.14,432840.0,,42,deterministic_pdf,0.92,0.92,0.92,auto_accepted,,2026-08-27 20:03:55,https://www.michigan.gov/dtmb/-/media/Project/Websites/dtmb/Procurement/Contracts/022/260000000713.pdf?rev=044d384e33124f69856ff95f406d8b63&hash=EDE0618298A9461C637E9129261588D0,/Users/arshnoorkaur/Downloads/road_salt_tracker/data/raw/MI/doc_2.pdf,2026-08-27,MI,260000000713,2026-10-01,2027-09-30
4512,2,MI,Calhoun,CALHOUN COUNTY,Detroit Salt,Detroit Salt,,2027,seasonal_fill,300.0,72.14,21642.0,,42,deterministic_pdf,0.92,0.92,0.92,auto_accepted,,2026-08-27 20:03:55,https://www.michigan.gov/dtmb/-/media/Project/Websites/dtmb/Procurement/Contracts/022/260000000713.pdf?rev=044d384e33124f69856ff95f406d8b63&hash=EDE0618298A9461C637E9129261588D0,/Users/arshnoorkaur/Downloads/road_salt_tracker/data/raw/MI/doc_2.pdf,2026-08-27,MI,260000000713,2026-10-01,2027-09-30
4513,2,MI,Calhoun,ALBION CITY OF,Detroit Salt,Detroit Salt,,2027,seasonal_fill,400.0,72.14,28856.0,,42,deterministic_pdf,0.92,0.92,0.92,auto_accepted,,2026-08-27 20:03:55,https://www.michigan.gov/dtmb/-/media/Project/Websites/dtmb/Procurement/Contracts/022/260000000713.pdf?rev=044d384e33124f69856ff95f406d8b63&hash=EDE0618298A9461C637E9129261588D0,/Users/arshnoorkaur/Downloads/road_salt_tracker/data/raw/MI/doc_2.pdf,2026-08-27,MI,260000000713,2026-10-01,2027-09-30
4514,2,MI,Calhoun,"SPRINGFIELD, CITY OF",Detroit Salt,Detroit Salt,,2027,seasonal_fill,650.0,72.14,46891.0,,42,deterministic_pdf,0.92,0.92,0.92,auto_accepted,,2026-08-27 20:03:55,https://www.michigan.gov/dtmb/-/media/Project/Websites/dtmb/Procurement/Contracts/022/260000000713.pdf?rev=044d384e33124f69856ff95f406d8b63&hash=EDE0618298A9461C637E9129261588D0,/Users/arshnoorkaur/Downloads/road_salt_tracker/data/raw/MI/doc_2.pdf,2026-08-27,MI,260000000713,2026-10-01,2027-09-30
4515,2,MI,Calhoun,"BATTLE CREEK, CITY OF",Detroit Salt,Detroit Salt,,2027,seasonal_fill,7000.0,72.14,504980.0,,42,deterministic_pdf,0.92,0.92,0.92,auto_accepted,,2026-08-27 20:03:55,https://www.michigan.gov/dtmb/-/media/Project/Websites/dtmb/Procurement/Contracts/022/260000000713.pdf?rev=044d384e33124f69856ff95f406d8b63&hash=EDE0618298A9461C637E9129261588D0,/Users/arshnoorkaur/Downloads/road_salt_tracker/data/raw/MI/doc_2.pdf,2026-08-27,MI,260000000713,2026-10-01,2027-09-30
4516,2,MI,Calhoun,"MARSHALL, CITY OF",Detroit Salt,Detroit Salt,,2027,seasonal_fill,200.0,72.14,14428.0,,42,deterministic_pdf,0.92,0.92,0.92,auto_accepted,,2026-08-27 20:03:55,https://www.michigan.gov/dtmb/-/media/Project/Websites/dtmb/Procurement/Contracts/022/260000000713.pdf?rev=044d384e33124f69856ff95f406d8b63&hash=EDE0618298A9461C637E9129261588D0,/Users/arshnoorkaur/Downloads/road_salt_tracker/data/raw/MI/doc_2.pdf,2026-08-27,MI,260000000713,2026-10-01,2027-09-30
4517,2,MI,Calhoun,Kellogg Community College,Detroit Salt,Detroit Salt,,2027,seasonal_fill,50.0,72.14,3607.0,,42,deterministic_pdf,0.92,0.92,0.92,auto_accepted,,2026-08-27 20:03:55,https://www.michigan.gov/dtmb/-/media/Project/Websites/dtmb/Procurement/Contracts/022/260000000713.pdf?rev=044d384e33124f69856ff95f406d8b63&hash=EDE0618298A9461C637E9129261588D0,/Users/arshnoorkaur/Downloads/road_salt_tracker/data/raw/MI/doc_2.pdf,2026-08-27,MI,260000000713,2026-10-01,2027-09-30
4518,2,MI,Calhoun,DMVA-AGENCY,Detroit Salt,Detroit Salt,,2027,seasonal_fill,100.0,72.14,7214.0,,42,deterministic_pdf,0.92,0.92,0.92,auto_accepted,,2026-08-27 20:03:55,https://www.michigan.gov/dtmb/-/media/Project/Websites/dtmb/Procurement/Contracts/022/260000000713.pdf?rev=044d384e33124f69856ff95f406d8b63&hash=EDE0618298A9461C637E9129261588D0,/Users/arshnoorkaur/Downloads/road_salt_tracker/data/raw/MI/doc_2.pdf,2026-08-27,MI,260000000713,2026-10-01,2027-09-30
4519,2,MI,Cass,CASS COUNTY ROAD COMMISSION,Detroit Salt,Detroit Salt,,2027,seasonal_fill,2400.0,78.78,189072.0,,42,deterministic_pdf,0.92,0.92,0.92,auto_accepted,,2026-08-27 20:03:55,https://www.michigan.gov/dtmb/-/media/Project/Websites/dtmb/Procurement/Contracts/022/260000000713.pdf?rev=044d384e33124f69856ff95f406d8b63&hash=EDE0618298A9461C637E9129261588D0,/Users/arshnoorkaur/Downloads/road_salt_tracker/data/raw/MI/doc_2.pdf,2026-08-27,MI,260000000713,2026-10-01,2027-09-30
4520,2,MI,Cass,"MARCELLUS, VILLAGE OF",Detroit Salt,Detroit Salt,,2027,seasonal_fill,50.0,78.78,3939.0,,42,deterministic_pdf,0.92,0.92,0.92,auto_accepted,,2026-08-27 20:03:55,https://www.michigan.gov/dtmb/-/media/Project/Websites/dtmb/Procurement/Contracts/022/260000000713.pdf?rev=044d384e33124f69856ff95f406d8b63&hash=EDE0618298A9461C637E9129261588D0,/Users/arshnoorkaur/Downloads/road_salt_tracker/data/raw/MI/doc_2.pdf,2026-08-27,MI,260000000713,2026-10-01,2027-09-30
4521,2,MI,Kalamazoo,"VICKSBURG, VILLAGE OF",Detroit Salt,Detroit Salt,,2027,seasonal_fill,100.0,76.21,7621.0,,42,deterministic_pdf,0.92,0.92,0.92,auto_accepted,,2026-08-27 20:03:55,https://www.michigan.gov/dtmb/-/media/Project/Websites/dtmb/Procurement/Contracts/022/260000000713.pdf?rev=044d384e33124f69856ff95f406d8b63&hash=EDE0618298A9461C637E9129261588D0,/Users/arshnoorkaur/Downloads/road_salt_tracker/data/raw/MI/doc_2.pdf,2026-08-27,MI,260000000713,2026-10-01,2027-09-30
4522,2,MI,Kalamazoo,KALAMAZOO PUBLIC SCHOOLS,Detroit Salt,Detroit Salt,,2027,seasonal_fill,450.0,76.21,34294.5,,42,deterministic_pdf,0.92,0.92,0.92,auto_accepted,,2026-08-27 20:03:55,https://www.michigan.gov/dtmb/-/media/Project/Websites/dtmb/Procurement/Contracts/022/260000000713.pdf?rev=044d384e33124f69856ff95f406d8b63&hash=EDE0618298A9461C637E9129261588D0,/Users/arshnoorkaur/Downloads/road_salt_tracker/data/raw/MI/doc_2.pdf,2026-08-27,MI,260000000713,2026-10-01,2027-09-30
4523,2,MI,Kalamazoo,"KALAMAZOO, CITY OF",Detroit Salt,Detroit Salt,,2027,seasonal_fill,5000.0,76.21,381050.0,,42,deterministic_pdf,0.92,0.92,0.92,auto_accepted,,2026-08-27 20:03:55,https://www.michigan.gov/dtmb/-/media/Project/Websites/dtmb/Procurement/Contracts/022/260000000713.pdf?rev=044d384e33124f69856ff95f406d8b63&hash=EDE0618298A9461C637E9129261588D0,/Users/arshnoorkaur/Downloads/road_salt_tracker/data/raw/MI/doc_2.pdf,2026-08-27,MI,260000000713,2026-10-01,2027-09-30
4524,2,MI,Kalamazoo,KALAMAZOO VALLEY COMMUNITY COLLEGE,Detroit Salt,Detroit Salt,,2027,seasonal_fill,50.0,76.21,3810.5,,42,deterministic_pdf,0.92,0.92,0.92,auto_accepted,,2026-08-27 20:03:55,https://www.michigan.gov/dtmb/-/media/Project/Websites/dtmb/Procurement/Contracts/022/260000000713.pdf?rev=044d384e33124f69856ff95f406d8b63&hash=EDE0618298A9461C637E9129261588D0,/Users/arshnoorkaur/Downloads/road_salt_tracker/data/raw/MI/doc_2.pdf,2026-08-27,MI,260000000713,2026-10-01,2027-09-30
4525,2,MI,Kalamazoo,DMVA-AGENCY,Detroit Salt,Detroit Salt,,2027,seasonal_fill,200.0,76.21,15242.0,,42,deterministic_pdf,0.92,0.92,0.92,auto_accepted,,2026-08-27 20:03:55,https://www.michigan.gov/dtmb/-/media/Project/Websites/dtmb/Procurement/Contracts/022/260000000713.pdf?rev=044d384e33124f69856ff95f406d8b63&hash=EDE0618298A9461C637E9129261588D0,/Users/arshnoorkaur/Downloads/road_salt_tracker/data/raw/MI/doc_2.pdf,2026-08-27,MI,260000000713,2026-10-01,2027-09-30
4526,2,MI,Kalamazoo,"PORTAGE, CITY OF",Detroit Salt,Detroit Salt,,2027,seasonal_fill,1200.0,76.21,91452.0,,42,deterministic_pdf,0.92,0.92,0.92,auto_accepted,,2026-08-27 20:03:55,https://www.michigan.gov/dtmb/-/media/Project/Websites/dtmb/Procurement/Contracts/022/260000000713.pdf?rev=044d384e33124f69856ff95f406d8b63&hash=EDE0618298A9461C637E9129261588D0,/Users/arshnoorkaur/Downloads/road_salt_tracker/data/raw/MI/doc_2.pdf,2026-08-27,MI,260000000713,2026-10-01,2027-09-30
4527,2,MI,Kalamazoo,ROAD COMMISSION OF KALAMAZOO COUNTY,Detroit Salt,Detroit Salt,,2027,seasonal_fill,7000.0,76.21,533470.0,,42,deterministic_pdf,0.92,0.92,0.92,auto_accepted,,2026-08-27 20:03:55,https://www.michigan.gov/dtmb/-/media/Project/Websites/dtmb/Procurement/Contracts/022/260000000713.pdf?rev=044d384e33124f69856ff95f406d8b63&hash=EDE0618298A9461C637E9129261588D0,/Users/arshnoorkaur/Downloads/road_salt_tracker/data/raw/MI/doc_2.pdf,2026-08-27,MI,260000000713,2026-10-01,2027-09-30
4528,2,MI,Kalamazoo,WESTERN MICHIGAN UNIVERSITY,Detroit Salt,Detroit Salt,,2027,seasonal_fill,600.0,76.21,45726.0,,42,deterministic_pdf,0.92,0.92,0.92,auto_accepted,,2026-08-27 20:03:55,https://www.michigan.gov/dtmb/-/media/Project/Websites/dtmb/Procurement/Contracts/022/260000000713.pdf?rev=044d384e33124f69856ff95f406d8b63&hash=EDE0618298A9461C637E9129261588D0,/Users/arshnoorkaur/Downloads/road_salt_tracker/data/raw/MI/doc_2.pdf,2026-08-27,MI,260000000713,2026-10-01,2027-09-30
4529,2,MI,St. Joseph,"THREE RIVERS, CITY OF",Detroit Salt,Detroit Salt,,2027,seasonal_fill,250.0,77.72,19430.0,,42,deterministic_pdf,0.92,0.92,0.92,auto_accepted,,2026-08-27 20:03:55,https://www.michigan.gov/dtmb/-/media/Project/Websites/dtmb/Procurement/Contracts/022/260000000713.pdf?rev=044d384e33124f69856ff95f406d8b63&hash=EDE0618298A9461C637E9129261588D0,/Users/arshnoorkaur/Downloads/road_salt_tracker/data/raw/MI/doc_2.pdf,2026-08-27,MI,260000000713,2026-10-01,2027-09-30
4530,2,MI,St. Joseph,"STURGIS, CITY OF",Detroit Salt,Detroit Salt,,2027,seasonal_fill,300.0,77.72,23316.0,,42,deterministic_pdf,0.92,0.92,0.92,auto_accepted,,2026-08-27 20:03:55,https://www.michigan.gov/dtmb/-/media/Project/Websites/dtmb/Procurement/Contracts/022/260000000713.pdf?rev=044d384e33124f69856ff95f406d8b63&hash=EDE0618298A9461C637E9129261588D0,/Users/arshnoorkaur/Downloads/road_salt_tracker/data/raw/MI/doc_2.pdf,2026-08-27,MI,260000000713,2026-10-01,2027-09-30
4531,2,MI,VanBuren,LAWTON VILLAGE OF,Detroit Salt,Detroit Salt,,2027,seasonal_fill,50.0,76.53,3826.5,,42,deterministic_pdf,0.92,0.92,0.92,auto_accepted,,2026-08-27 20:03:55,https://www.michigan.gov/dtmb/-/media/Project/Websites/dtmb/Procurement/Contracts/022/260000000713.pdf?rev=044d384e33124f69856ff95f406d8b63&hash=EDE0618298A9461C637E9129261588D0,/Users/arshnoorkaur/Downloads/road_salt_tracker/data/raw/MI/doc_2.pdf,2026-08-27,MI,260000000713,2026-10-01,2027-09-30
4532,2,MI,VanBuren,"BANGOR, CITY OF",Detroit Salt,Detroit Salt,,2027,seasonal_fill,150.0,76.53,11479.5,,42,deterministic_pdf,0.92,0.92,0.92,auto_accepted,,2026-08-27 20:03:55,https://www.michigan.gov/dtmb/-/media/Project/Websites/dtmb/Procurement/Contracts/022/260000000713.pdf?rev=044d384e33124f69856ff95f406d8b63&hash=EDE0618298A9461C637E9129261588D0,/Users/arshnoorkaur/Downloads/road_salt_tracker/data/raw/MI/doc_2.pdf,2026-08-27,MI,260000000713,2026-10-01,2027-09-30
4533,2,MI,VanBuren,"SOUTH HAVEN, CITY OF",Detroit Salt,Detroit Salt,,2027,seasonal_fill,700.0,76.53,53571.0,,42,deterministic_pdf,0.92,0.92,0.92,auto_accepted,,2026-08-27 20:03:55,https://www.michigan.gov/dtmb/-/media/Project/Websites/dtmb/Procurement/Contracts/022/260000000713.pdf?rev=044d384e33124f69856ff95f406d8b63&hash=EDE0618298A9461C637E9129261588D0,/Users/arshnoorkaur/Downloads/road_salt_tracker/data/raw/MI/doc_2.pdf,2026-08-27,MI,260000000713,2026-10-01,2027-09-30
4534,2,MI,VanBuren,"HARTFORD, CITY OF",Detroit Salt,Detroit Salt,,2027,seasonal_fill,100.0,76.53,7653.0,,42,deterministic_pdf,0.92,0.92,0.92,auto_accepted,,2026-08-27 20:03:55,https://www.michigan.gov/dtmb/-/media/Project/Websites/dtmb/Procurement/Contracts/022/260000000713.pdf?rev=044d384e33124f69856ff95f406d8b63&hash=EDE0618298A9461C637E9129261588D0,/Users/arshnoorkaur/Downloads/road_salt_tracker/data/raw/MI/doc_2.pdf,2026-08-27,MI,260000000713,2026-10-01,2027-09-30
4535,2,MI,VanBuren,"PAW PAW, VILLAGE OF",Detroit Salt,Detroit Salt,,2027,seasonal_fill,150.0,76.53,11479.5,,42,deterministic_pdf,0.92,0.92,0.92,auto_accepted,,2026-08-27 20:03:55,https://www.michigan.gov/dtmb/-/media/Project/Websites/dtmb/Procurement/Contracts/022/260000000713.pdf?rev=044d384e33124f69856ff95f406d8b63&hash=EDE0618298A9461C637E9129261588D0,/Users/arshnoorkaur/Downloads/road_salt_tracker/data/raw/MI/doc_2.pdf,2026-08-27,MI,260000000713,2026-10-01,2027-09-30
4536,2,MI,VanBuren,VAN BUREN COUNTY ROAD COMMISSION,Detroit Salt,Detroit Salt,,2027,seasonal_fill,4000.0,76.53,306120.0,,42,deterministic_pdf,0.92,0.92,0.92,auto_accepted,,2026-08-27 20:03:55,https://www.michigan.gov/dtmb/-/media/Project/Websites/dtmb/Procurement/Contracts/022/260000000713.pdf?rev=044d384e33124f69856ff95f406d8b63&hash=EDE0618298A9461C637E9129261588D0,/Users/arshnoorkaur/Downloads/road_salt_tracker/data/raw/MI/doc_2.pdf,2026-08-27,MI,260000000713,2026-10-01,2027-09-30
4537,2,MI,VanBuren,VAN BUREN COUNTY ROAD COMMISSION,Detroit Salt,Detroit Salt,,2027,seasonal_fill,2500.0,76.53,191325.0,,42,deterministic_pdf,0.92,0.92,0.92,auto_accepted,,2026-08-27 20:03:55,https://www.michigan.gov/dtmb/-/media/Project/Websites/dtmb/Procurement/Contracts/022/260000000713.pdf?rev=044d384e33124f69856ff95f406d8b63&hash=EDE0618298A9461C637E9129261588D0,/Users/arshnoorkaur/Downloads/road_salt_tracker/data/raw/MI/doc_2.pdf,2026-08-27,MI,260000000713,2026-10-01,2027-09-30
4538,2,MI,VanBuren,VAN BUREN COUNTY ROAD COMMISSION,Detroit Salt,Detroit Salt,,2027,seasonal_fill,1000.0,76.53,76530.0,,42,deterministic_pdf,0.92,0.92,0.92,auto_accepted,,2026-08-27 20:03:55,https://www.michigan.gov/dtmb/-/media/Project/Websites/dtmb/Procurement/Contracts/022/260000000713.pdf?rev=044d384e33124f69856ff95f406d8b63&hash=EDE0618298A9461C637E9129261588D0,/Users/arshnoorkaur/Downloads/road_salt_tracker/data/raw/MI/doc_2.pdf,2026-08-27,MI,260000000713,2026-10-01,2027-09-30
4539,2,MI,VanBuren,"DECATUR, VILLAGE OF",Detroit Salt,Detroit Salt,,2027,seasonal_fill,50.0,76.53,3826.5,,43,deterministic_pdf,0.92,0.92,0.92,auto_accepted,,2026-08-27 20:03:55,https://www.michigan.gov/dtmb/-/media/Project/Websites/dtmb/Procurement/Contracts/022/260000000713.pdf?rev=044d384e33124f69856ff95f406d8b63&hash=EDE0618298A9461C637E9129261588D0,/Users/arshnoorkaur/Downloads/road_salt_tracker/data/raw/MI/doc_2.pdf,2026-08-27,MI,260000000713,2026-10-01,2027-09-30
4540,2,MI,Clinton,"OVID, CITY OF",Detroit Salt,Detroit Salt,,2027,seasonal_fill,100.0,66.31,6631.0,,43,deterministic_pdf,0.92,0.92,0.92,auto_accepted,,2026-08-27 20:03:55,https://www.michigan.gov/dtmb/-/media/Project/Websites/dtmb/Procurement/Contracts/022/260000000713.pdf?rev=044d384e33124f69856ff95f406d8b63&hash=EDE0618298A9461C637E9129261588D0,/Users/arshnoorkaur/Downloads/road_salt_tracker/data/raw/MI/doc_2.pdf,2026-08-27,MI,260000000713,2026-10-01,2027-09-30
4541,2,MI,Clinton,"ST. JOHNS, CITY OF",Detroit Salt,Detroit Salt,,2027,seasonal_fill,350.0,66.31,23208.5,,43,deterministic_pdf,0.92,0.92,0.92,auto_accepted,,2026-08-27 20:03:55,https://www.michigan.gov/dtmb/-/media/Project/Websites/dtmb/Procurement/Contracts/022/260000000713.pdf?rev=044d384e33124f69856ff95f406d8b63&hash=EDE0618298A9461C637E9129261588D0,/Users/arshnoorkaur/Downloads/road_salt_tracker/data/raw/MI/doc_2.pdf,2026-08-27,MI,260000000713,2026-10-01,2027-09-30
4542,2,MI,Clinton,"DEWITT, CITY OF",Detroit Salt,Detroit Salt,,2027,seasonal_fill,350.0,66.31,23208.5,,43,deterministic_pdf,0.92,0.92,0.92,auto_accepted,,2026-08-27 20:03:55,https://www.michigan.gov/dtmb/-/media/Project/Websites/dtmb/Procurement/Contracts/022/260000000713.pdf?rev=044d384e33124f69856ff95f406d8b63&hash=EDE0618298A9461C637E9129261588D0,/Users/arshnoorkaur/Downloads/road_salt_tracker/data/raw/MI/doc_2.pdf,2026-08-27,MI,260000000713,2026-10-01,2027-09-30
4543,2,MI,Clinton,CLINTON COUNTY ROAD COMMISSION,Detroit Salt,Detroit Salt,,2027,seasonal_fill,2500.0,66.31,165775.0,,43,deterministic_pdf,0.92,0.92,0.92,auto_accepted,,2026-08-27 20:03:55,https://www.michigan.gov/dtmb/-/media/Project/Websites/dtmb/Procurement/Contracts/022/260000000713.pdf?rev=044d384e33124f69856ff95f406d8b63&hash=EDE0618298A9461C637E9129261588D0,/Users/arshnoorkaur/Downloads/road_salt_tracker/data/raw/MI/doc_2.pdf,2026-08-27,MI,260000000713,2026-10-01,2027-09-30
4544,2,MI,Clinton,"EAST LANSING, CITY OF",Detroit Salt,Detroit Salt,,2027,seasonal_fill,1000.0,66.31,66310.0,,43,deterministic_pdf,0.92,0.92,0.92,auto_accepted,,2026-08-27 20:03:55,https://www.michigan.gov/dtmb/-/media/Project/Websites/dtmb/Procurement/Contracts/022/260000000713.pdf?rev=044d384e33124f69856ff95f406d8b63&hash=EDE0618298A9461C637E9129261588D0,/Users/arshnoorkaur/Downloads/road_salt_tracker/data/raw/MI/doc_2.pdf,2026-08-27,MI,260000000713,2026-10-01,2027-09-30
4545,2,MI,Eaton,GRAND LEDGE PUBLIC SCHOOLS,Detroit Salt,Detroit Salt,,2027,seasonal_fill,100.0,67.77,6777.0,,43,deterministic_pdf,0.92,0.92,0.92,auto_accepted,,2026-08-27 20:03:55,https://www.michigan.gov/dtmb/-/media/Project/Websites/dtmb/Procurement/Contracts/022/260000000713.pdf?rev=044d384e33124f69856ff95f406d8b63&hash=EDE0618298A9461C637E9129261588D0,/Users/arshnoorkaur/Downloads/road_salt_tracker/data/raw/MI/doc_2.pdf,2026-08-27,MI,260000000713,2026-10-01,2027-09-30
4546,2,MI,Eaton,LANSING COMMUNITY COLLEGE,Detroit Salt,Detroit Salt,,2027,seasonal_fill,200.0,67.77,13554.0,,43,deterministic_pdf,0.92,0.92,0.92,auto_accepted,,2026-08-27 20:03:55,https://www.michigan.gov/dtmb/-/media/Project/Websites/dtmb/Procurement/Contracts/022/260000000713.pdf?rev=044d384e33124f69856ff95f406d8b63&hash=EDE0618298A9461C637E9129261588D0,/Users/arshnoorkaur/Downloads/road_salt_tracker/data/raw/MI/doc_2.pdf,2026-08-27,MI,260000000713,2026-10-01,2027-09-30
4547,2,MI,Eaton,"VERMONTVILLE, VILLAGE OF",Detroit Salt,Detroit Salt,,2027,seasonal_fill,100.0,67.77,6777.0,,43,deterministic_pdf,0.92,0.92,0.92,auto_accepted,,2026-08-27 20:03:55,https://www.michigan.gov/dtmb/-/media/Project/Websites/dtmb/Procurement/Contracts/022/260000000713.pdf?rev=044d384e33124f69856ff95f406d8b63&hash=EDE0618298A9461C637E9129261588D0,/Users/arshnoorkaur/Downloads/road_salt_tracker/data/raw/MI/doc_2.pdf,2026-08-27,MI,260000000713,2026-10-01,2027-09-30
4548,2,MI,Eaton,EATON COUNTY ROAD COMMISSION,Detroit Salt,Detroit Salt,,2027,seasonal_fill,150.0,67.77,10165.5,,43,deterministic_pdf,0.92,0.92,0.92,auto_accepted,,2026-08-27 20:03:55,https://www.michigan.gov/dtmb/-/media/Project/Websites/dtmb/Procurement/Contracts/022/260000000713.pdf?rev=044d384e33124f69856ff95f406d8b63&hash=EDE0618298A9461C637E9129261588D0,/Users/arshnoorkaur/Downloads/road_salt_tracker/data/raw/MI/doc_2.pdf,2026-08-27,MI,260000000713,2026-10-01,2027-09-30
4549,2,MI,Eaton,"DTMB-Facilities-Building Operations Division-
AGENCY",Detroit Salt,Detroit Salt,,2027,seasonal_fill,600.0,67.77,40662.0,,43,deterministic_pdf,0.92,0.92,0.92,auto_accepted,,2026-08-27 20:03:55,https://www.michigan.gov/dtmb/-/media/Project/Websites/dtmb/Procurement/Contracts/022/260000000713.pdf?rev=044d384e33124f69856ff95f406d8b63&hash=EDE0618298A9461C637E9129261588D0,/Users/arshnoorkaur/Downloads/road_salt_tracker/data/raw/MI/doc_2.pdf,2026-08-27,MI,260000000713,2026-10-01,2027-09-30
4550,2,MI,Eaton,EATON COUNTY ROAD COMMISSION,Detroit Salt,Detroit Salt,,2027,seasonal_fill,3700.0,67.77,250749.0,,43,deterministic_pdf,0.92,0.92,0.92,auto_accepted,,2026-08-27 20:03:55,https://www.michigan.gov/dtmb/-/media/Project/Websites/dtmb/Procurement/Contracts/022/260000000713.pdf?rev=044d384e33124f69856ff95f406d8b63&hash=EDE0618298A9461C637E9129261588D0,/Users/arshnoorkaur/Downloads/road_salt_tracker/data/raw/MI/doc_2.pdf,2026-08-27,MI,260000000713,2026-10-01,2027-09-30
4551,2,MI,Eaton,EATON COUNTY ROAD COMMISSION,Detroit Salt,Detroit Salt,,2027,seasonal_fill,2000.0,67.77,135540.0,,43,deterministic_pdf,0.92,0.92,0.92,auto_accepted,,2026-08-27 20:03:55,https://www.michigan.gov/dtmb/-/media/Project/Websites/dtmb/Procurement/Contracts/022/260000000713.pdf?rev=044d384e33124f69856ff95f406d8b63&hash=EDE0618298A9461C637E9129261588D0,/Users/arshnoorkaur/Downloads/road_salt_tracker/data/raw/MI/doc_2.pdf,2026-08-27,MI,260000000713,2026-10-01,2027-09-30
4552,2,MI,Eaton,EATON COUNTY ROAD COMMISSION,Detroit Salt,Detroit Salt,,2027,seasonal_fill,1650.0,67.77,111820.5,,43,deterministic_pdf,0.92,0.92,0.92,auto_accepted,,2026-08-27 20:03:55,https://www.michigan.gov/dtmb/-/media/Project/Websites/dtmb/Procurement/Contracts/022/260000000713.pdf?rev=044d384e33124f69856ff95f406d8b63&hash=EDE0618298A9461C637E9129261588D0,/Users/arshnoorkaur/Downloads/road_salt_tracker/data/raw/MI/doc_2.pdf,2026-08-27,MI,260000000713,2026-10-01,2027-09-30
4553,2,MI,Eaton,EATON COUNTY ROAD COMMISSION,Detroit Salt,Detroit Salt,,2027,seasonal_fill,400.0,67.77,27108.0,,43,deterministic_pdf,0.92,0.92,0.92,auto_accepted,,2026-08-27 20:03:55,https://www.michigan.gov/dtmb/-/media/Project/Websites/dtmb/Procurement/Contracts/022/260000000713.pdf?rev=044d384e33124f69856ff95f406d8b63&hash=EDE0618298A9461C637E9129261588D0,/Users/arshnoorkaur/Downloads/road_salt_tracker/data/raw/MI/doc_2.pdf,2026-08-27,MI,260000000713,2026-10-01,2027-09-30
4554,2,MI,Eaton,GRAND LEDGE CITY OF,Detroit Salt,Detroit Salt,,2027,seasonal_fill,700.0,67.77,47439.0,,43,deterministic_pdf,0.92,0.92,0.92,auto_accepted,,2026-08-27 20:03:55,https://www.michigan.gov/dtmb/-/media/Project/Websites/dtmb/Procurement/Contracts/022/260000000713.pdf?rev=044d384e33124f69856ff95f406d8b63&hash=EDE0618298A9461C637E9129261588D0,/Users/arshnoorkaur/Downloads/road_salt_tracker/data/raw/MI/doc_2.pdf,2026-08-27,MI,260000000713,2026-10-01,2027-09-30
4555,2,MI,Eaton,"CHARLOTTE, CITY OF",Detroit Salt,Detroit Salt,,2027,seasonal_fill,600.0,67.77,40662.0,,43,deterministic_pdf,0.92,0.92,0.92,auto_accepted,,2026-08-27 20:03:55,https://www.michigan.gov/dtmb/-/media/Project/Websites/dtmb/Procurement/Contracts/022/260000000713.pdf?rev=044d384e33124f69856ff95f406d8b63&hash=EDE0618298A9461C637E9129261588D0,/Users/arshnoorkaur/Downloads/road_salt_tracker/data/raw/MI/doc_2.pdf,2026-08-27,MI,260000000713,2026-10-01,2027-09-30
4556,2,MI,Eaton,"POTTERVILLE, CITY OF",Detroit Salt,Detroit Salt,,2027,seasonal_fill,50.0,67.77,3388.5,,43,deterministic_pdf,0.92,0.92,0.92,auto_accepted,,2026-08-27 20:03:55,https://www.michigan.gov/dtmb/-/media/Project/Websites/dtmb/Procurement/Contracts/022/260000000713.pdf?rev=044d384e33124f69856ff95f406d8b63&hash=EDE0618298A9461C637E9129261588D0,/Users/arshnoorkaur/Downloads/road_salt_tracker/data/raw/MI/doc_2.pdf,2026-08-27,MI,260000000713,2026-10-01,2027-09-30
4557,2,MI,Hillsdale,"Reading, City of",Detroit Salt,Detroit Salt,,2027,seasonal_fill,50.0,69.05,3452.5,,43,deterministic_pdf,0.92,0.92,0.92,auto_accepted,,2026-08-27 20:03:55,https://www.michigan.gov/dtmb/-/media/Project/Websites/dtmb/Procurement/Contracts/022/260000000713.pdf?rev=044d384e33124f69856ff95f406d8b63&hash=EDE0618298A9461C637E9129261588D0,/Users/arshnoorkaur/Downloads/road_salt_tracker/data/raw/MI/doc_2.pdf,2026-08-27,MI,260000000713,2026-10-01,2027-09-30
4558,2,MI,Hillsdale,"JONESVILLE, CITY OF",Detroit Salt,Detroit Salt,,2027,seasonal_fill,300.0,69.05,20715.0,,43,deterministic_pdf,0.92,0.92,0.92,auto_accepted,,2026-08-27 20:03:55,https://www.michigan.gov/dtmb/-/media/Project/Websites/dtmb/Procurement/Contracts/022/260000000713.pdf?rev=044d384e33124f69856ff95f406d8b63&hash=EDE0618298A9461C637E9129261588D0,/Users/arshnoorkaur/Downloads/road_salt_tracker/data/raw/MI/doc_2.pdf,2026-08-27,MI,260000000713,2026-10-01,2027-09-30
4559,2,MI,Hillsdale,HILLSDALE COUNTY ROAD COMMISSION,Detroit Salt,Detroit Salt,,2027,seasonal_fill,10000.0,69.05,690500.0,,43,deterministic_pdf,0.92,0.92,0.92,auto_accepted,,2026-08-27 20:03:55,https://www.michigan.gov/dtmb/-/media/Project/Websites/dtmb/Procurement/Contracts/022/260000000713.pdf?rev=044d384e33124f69856ff95f406d8b63&hash=EDE0618298A9461C637E9129261588D0,/Users/arshnoorkaur/Downloads/road_salt_tracker/data/raw/MI/doc_2.pdf,2026-08-27,MI,260000000713,2026-10-01,2027-09-30
4560,2,MI,Hillsdale,HILLSDALE COUNTY ROAD COMMISSION,Detroit Salt,Detroit Salt,,2027,seasonal_fill,1000.0,69.05,69050.0,,43,deterministic_pdf,0.92,0.92,0.92,auto_accepted,,2026-08-27 20:03:55,https://www.michigan.gov/dtmb/-/media/Project/Websites/dtmb/Procurement/Contracts/022/260000000713.pdf?rev=044d384e33124f69856ff95f406d8b63&hash=EDE0618298A9461C637E9129261588D0,/Users/arshnoorkaur/Downloads/road_salt_tracker/data/raw/MI/doc_2.pdf,2026-08-27,MI,260000000713,2026-10-01,2027-09-30
4561,2,MI,Hillsdale,"HILLSDALE, CITY OF",Detroit Salt,Detroit Salt,,2027,seasonal_fill,1000.0,69.05,69050.0,,43,deterministic_pdf,0.92,0.92,0.92,auto_accepted,,2026-08-27 20:03:55,https://www.michigan.gov/dtmb/-/media/Project/Websites/dtmb/Procurement/Contracts/022/260000000713.pdf?rev=044d384e33124f69856ff95f406d8b63&hash=EDE0618298A9461C637E9129261588D0,/Users/arshnoorkaur/Downloads/road_salt_tracker/data/raw/MI/doc_2.pdf,2026-08-27,MI,260000000713,2026-10-01,2027-09-30
4562,2,MI,Ingham,"WILLIAMSTON, CITY OF",Detroit Salt,Detroit Salt,,2027,seasonal_fill,400.0,66.51,26604.0,,43,deterministic_pdf,0.92,0.92,0.92,auto_accepted,,2026-08-27 20:03:55,https://www.michigan.gov/dtmb/-/media/Project/Websites/dtmb/Procurement/Contracts/022/260000000713.pdf?rev=044d384e33124f69856ff95f406d8b63&hash=EDE0618298A9461C637E9129261588D0,/Users/arshnoorkaur/Downloads/road_salt_tracker/data/raw/MI/doc_2.pdf,2026-08-27,MI,260000000713,2026-10-01,2027-09-30
4563,2,MI,Ingham,"LESLIE, CITY OF",Detroit Salt,Detroit Salt,,2027,seasonal_fill,200.0,66.51,13302.0,,43,deterministic_pdf,0.92,0.92,0.92,auto_accepted,,2026-08-27 20:03:55,https://www.michigan.gov/dtmb/-/media/Project/Websites/dtmb/Procurement/Contracts/022/260000000713.pdf?rev=044d384e33124f69856ff95f406d8b63&hash=EDE0618298A9461C637E9129261588D0,/Users/arshnoorkaur/Downloads/road_salt_tracker/data/raw/MI/doc_2.pdf,2026-08-27,MI,260000000713,2026-10-01,2027-09-30
4564,2,MI,Ingham,"DTMB-Facilities-Building Operations Division-
AGENCY",Detroit Salt,Detroit Salt,,2027,seasonal_fill,400.0,66.51,26604.0,,43,deterministic_pdf,0.92,0.92,0.92,auto_accepted,,2026-08-27 20:03:55,https://www.michigan.gov/dtmb/-/media/Project/Websites/dtmb/Procurement/Contracts/022/260000000713.pdf?rev=044d384e33124f69856ff95f406d8b63&hash=EDE0618298A9461C637E9129261588D0,/Users/arshnoorkaur/Downloads/road_salt_tracker/data/raw/MI/doc_2.pdf,2026-08-27,MI,260000000713,2026-10-01,2027-09-30
4565,2,MI,Ingham,INGHAM COUNTY,Detroit Salt,Detroit Salt,,2027,seasonal_fill,5000.0,66.51,332550.0,,43,deterministic_pdf,0.92,0.92,0.92,auto_accepted,,2026-08-27 20:03:55,https://www.michigan.gov/dtmb/-/media/Project/Websites/dtmb/Procurement/Contracts/022/260000000713.pdf?rev=044d384e33124f69856ff95f406d8b63&hash=EDE0618298A9461C637E9129261588D0,/Users/arshnoorkaur/Downloads/road_salt_tracker/data/raw/MI/doc_2.pdf,2026-08-27,MI,260000000713,2026-10-01,2027-09-30
4566,2,MI,Ingham,INGHAM COUNTY,Detroit Salt,Detroit Salt,,2027,seasonal_fill,4000.0,66.51,266040.0,,43,deterministic_pdf,0.92,0.92,0.92,auto_accepted,,2026-08-27 20:03:55,https://www.michigan.gov/dtmb/-/media/Project/Websites/dtmb/Procurement/Contracts/022/260000000713.pdf?rev=044d384e33124f69856ff95f406d8b63&hash=EDE0618298A9461C637E9129261588D0,/Users/arshnoorkaur/Downloads/road_salt_tracker/data/raw/MI/doc_2.pdf,2026-08-27,MI,260000000713,2026-10-01,2027-09-30
4567,2,MI,Ingham,INGHAM COUNTY,Detroit Salt,Detroit Salt,,2027,seasonal_fill,4500.0,66.51,299295.0,,43,deterministic_pdf,0.92,0.92,0.92,auto_accepted,,2026-08-27 20:03:55,https://www.michigan.gov/dtmb/-/media/Project/Websites/dtmb/Procurement/Contracts/022/260000000713.pdf?rev=044d384e33124f69856ff95f406d8b63&hash=EDE0618298A9461C637E9129261588D0,/Users/arshnoorkaur/Downloads/road_salt_tracker/data/raw/MI/doc_2.pdf,2026-08-27,MI,260000000713,2026-10-01,2027-09-30
4568,2,MI,Ingham,HASLETT PUBLIC SCHOOLS,Detroit Salt,Detroit Salt,,2027,seasonal_fill,100.0,66.51,6651.0,,43,deterministic_pdf,0.92,0.92,0.92,auto_accepted,,2026-08-27 20:03:55,https://www.michigan.gov/dtmb/-/media/Project/Websites/dtmb/Procurement/Contracts/022/260000000713.pdf?rev=044d384e33124f69856ff95f406d8b63&hash=EDE0618298A9461C637E9129261588D0,/Users/arshnoorkaur/Downloads/road_salt_tracker/data/raw/MI/doc_2.pdf,2026-08-27,MI,260000000713,2026-10-01,2027-09-30
4569,2,MI,Ingham,"LANSING, CITY OF",Detroit Salt,Detroit Salt,,2027,seasonal_fill,6000.0,66.51,399060.0,,43,deterministic_pdf,0.92,0.92,0.92,auto_accepted,,2026-08-27 20:03:55,https://www.michigan.gov/dtmb/-/media/Project/Websites/dtmb/Procurement/Contracts/022/260000000713.pdf?rev=044d384e33124f69856ff95f406d8b63&hash=EDE0618298A9461C637E9129261588D0,/Users/arshnoorkaur/Downloads/road_salt_tracker/data/raw/MI/doc_2.pdf,2026-08-27,MI,260000000713,2026-10-01,2027-09-30
4570,2,MI,Ingham,"MASON, CITY OF",Detroit Salt,Detroit Salt,,2027,seasonal_fill,500.0,66.51,33255.0,,43,deterministic_pdf,0.92,0.92,0.92,auto_accepted,,2026-08-27 20:03:55,https://www.michigan.gov/dtmb/-/media/Project/Websites/dtmb/Procurement/Contracts/022/260000000713.pdf?rev=044d384e33124f69856ff95f406d8b63&hash=EDE0618298A9461C637E9129261588D0,/Users/arshnoorkaur/Downloads/road_salt_tracker/data/raw/MI/doc_2.pdf,2026-08-27,MI,260000000713,2026-10-01,2027-09-30
4571,2,MI,Ingham,CAPITAL REGION AIRPORT AUTHORITY,Detroit Salt,Detroit Salt,,2027,seasonal_fill,300.0,66.51,19953.0,,43,deterministic_pdf,0.92,0.92,0.92,auto_accepted,,2026-08-27 20:03:55,https://www.michigan.gov/dtmb/-/media/Project/Websites/dtmb/Procurement/Contracts/022/260000000713.pdf?rev=044d384e33124f69856ff95f406d8b63&hash=EDE0618298A9461C637E9129261588D0,/Users/arshnoorkaur/Downloads/road_salt_tracker/data/raw/MI/doc_2.pdf,2026-08-27,MI,260000000713,2026-10-01,2027-09-30
4572,2,MI,Ingham,Mason Public Schools,Detroit Salt,Detroit Salt,,2027,seasonal_fill,100.0,66.51,6651.0,,43,deterministic_pdf,0.92,0.92,0.92,auto_accepted,,2026-08-27 20:03:55,https://www.michigan.gov/dtmb/-/media/Project/Websites/dtmb/Procurement/Contracts/022/260000000713.pdf?rev=044d384e33124f69856ff95f406d8b63&hash=EDE0618298A9461C637E9129261588D0,/Users/arshnoorkaur/Downloads/road_salt_tracker/data/raw/MI/doc_2.pdf,2026-08-27,MI,260000000713,2026-10-01,2027-09-30
4573,2,MI,Ingham,MERIDIAN TOWNSHIP,Detroit Salt,Detroit Salt,,2027,seasonal_fill,100.0,66.51,6651.0,,43,deterministic_pdf,0.92,0.92,0.92,auto_accepted,,2026-08-27 20:03:55,https://www.michigan.gov/dtmb/-/media/Project/Websites/dtmb/Procurement/Contracts/022/260000000713.pdf?rev=044d384e33124f69856ff95f406d8b63&hash=EDE0618298A9461C637E9129261588D0,/Users/arshnoorkaur/Downloads/road_salt_tracker/data/raw/MI/doc_2.pdf,2026-08-27,MI,260000000713,2026-10-01,2027-09-30
4574,2,MI,Ingham,OKEMOS PUBLIC SCHOOLS,Detroit Salt,Detroit Salt,,2027,seasonal_fill,150.0,66.51,9976.5,,43,deterministic_pdf,0.92,0.92,0.92,auto_accepted,,2026-08-27 20:03:55,https://www.michigan.gov/dtmb/-/media/Project/Websites/dtmb/Procurement/Contracts/022/260000000713.pdf?rev=044d384e33124f69856ff95f406d8b63&hash=EDE0618298A9461C637E9129261588D0,/Users/arshnoorkaur/Downloads/road_salt_tracker/data/raw/MI/doc_2.pdf,2026-08-27,MI,260000000713,2026-10-01,2027-09-30
4575,2,MI,Ingham,MICHIGAN STATE UNIVERSITY,Detroit Salt,Detroit Salt,,2027,seasonal_fill,2000.0,66.51,133020.0,,43,deterministic_pdf,0.92,0.92,0.92,auto_accepted,,2026-08-27 20:03:55,https://www.michigan.gov/dtmb/-/media/Project/Websites/dtmb/Procurement/Contracts/022/260000000713.pdf?rev=044d384e33124f69856ff95f406d8b63&hash=EDE0618298A9461C637E9129261588D0,/Users/arshnoorkaur/Downloads/road_salt_tracker/data/raw/MI/doc_2.pdf,2026-08-27,MI,260000000713,2026-10-01,2027-09-30
4576,2,MI,Ingham,HOLT PUBLIC SCHOOLS,Detroit Salt,Detroit Salt,,2027,seasonal_fill,200.0,66.51,13302.0,,43,deterministic_pdf,0.92,0.92,0.92,auto_accepted,,2026-08-27 20:03:55,https://www.michigan.gov/dtmb/-/media/Project/Websites/dtmb/Procurement/Contracts/022/260000000713.pdf?rev=044d384e33124f69856ff95f406d8b63&hash=EDE0618298A9461C637E9129261588D0,/Users/arshnoorkaur/Downloads/road_salt_tracker/data/raw/MI/doc_2.pdf,2026-08-27,MI,260000000713,2026-10-01,2027-09-30
4577,2,MI,Ingham,"WEBBERVILLE, VILLAGE OF",Detroit Salt,Detroit Salt,,2027,seasonal_fill,100.0,66.51,6651.0,,43,deterministic_pdf,0.92,0.92,0.92,auto_accepted,,2026-08-27 20:03:55,https://www.michigan.gov/dtmb/-/media/Project/Websites/dtmb/Procurement/Contracts/022/260000000713.pdf?rev=044d384e33124f69856ff95f406d8b63&hash=EDE0618298A9461C637E9129261588D0,/Users/arshnoorkaur/Downloads/road_salt_tracker/data/raw/MI/doc_2.pdf,2026-08-27,MI,260000000713,2026-10-01,2027-09-30
4578,2,MI,Ingham,DMVA-AGENCY,Detroit Salt,Detroit Salt,,2027,seasonal_fill,150.0,66.51,9976.5,,43,deterministic_pdf,0.92,0.92,0.92,auto_accepted,,2026-08-27 20:03:55,https://www.michigan.gov/dtmb/-/media/Project/Websites/dtmb/Procurement/Contracts/022/260000000713.pdf?rev=044d384e33124f69856ff95f406d8b63&hash=EDE0618298A9461C637E9129261588D0,/Users/arshnoorkaur/Downloads/road_salt_tracker/data/raw/MI/doc_2.pdf,2026-08-27,MI,260000000713,2026-10-01,2027-09-30
4579,2,MI,Jackson,GRASS LAKE VILLAGE OF,Detroit Salt,Detroit Salt,,2027,seasonal_fill,250.0,67.83,16957.5,,43,deterministic_pdf,0.92,0.92,0.92,auto_accepted,,2026-08-27 20:03:55,https://www.michigan.gov/dtmb/-/media/Project/Websites/dtmb/Procurement/Contracts/022/260000000713.pdf?rev=044d384e33124f69856ff95f406d8b63&hash=EDE0618298A9461C637E9129261588D0,/Users/arshnoorkaur/Downloads/road_salt_tracker/data/raw/MI/doc_2.pdf,2026-08-27,MI,260000000713,2026-10-01,2027-09-30
4580,2,MI,Jackson,Western School District,Detroit Salt,Detroit Salt,,2027,seasonal_fill,50.0,67.83,3391.5,,43,deterministic_pdf,0.92,0.92,0.92,auto_accepted,,2026-08-27 20:03:55,https://www.michigan.gov/dtmb/-/media/Project/Websites/dtmb/Procurement/Contracts/022/260000000713.pdf?rev=044d384e33124f69856ff95f406d8b63&hash=EDE0618298A9461C637E9129261588D0,/Users/arshnoorkaur/Downloads/road_salt_tracker/data/raw/MI/doc_2.pdf,2026-08-27,MI,260000000713,2026-10-01,2027-09-30
4581,2,MI,Jackson,DOC-SMR AGENCY,Detroit Salt,Detroit Salt,,2027,seasonal_fill,450.0,67.83,30523.5,,43,deterministic_pdf,0.92,0.92,0.92,auto_accepted,,2026-08-27 20:03:55,https://www.michigan.gov/dtmb/-/media/Project/Websites/dtmb/Procurement/Contracts/022/260000000713.pdf?rev=044d384e33124f69856ff95f406d8b63&hash=EDE0618298A9461C637E9129261588D0,/Users/arshnoorkaur/Downloads/road_salt_tracker/data/raw/MI/doc_2.pdf,2026-08-27,MI,260000000713,2026-10-01,2027-09-30
4582,2,MI,Lenawee,"HUDSON, CITY OF",Detroit Salt,Detroit Salt,,2027,seasonal_fill,100.0,65.3,6530.0,,43,deterministic_pdf,0.92,0.92,0.92,auto_accepted,,2026-08-27 20:03:55,https://www.michigan.gov/dtmb/-/media/Project/Websites/dtmb/Procurement/Contracts/022/260000000713.pdf?rev=044d384e33124f69856ff95f406d8b63&hash=EDE0618298A9461C637E9129261588D0,/Users/arshnoorkaur/Downloads/road_salt_tracker/data/raw/MI/doc_2.pdf,2026-08-27,MI,260000000713,2026-10-01,2027-09-30
4583,2,MI,Lenawee,"TECUMSEH, CITY OF",Detroit Salt,Detroit Salt,,2027,seasonal_fill,700.0,65.3,45710.0,,43,deterministic_pdf,0.92,0.92,0.92,auto_accepted,,2026-08-27 20:03:55,https://www.michigan.gov/dtmb/-/media/Project/Websites/dtmb/Procurement/Contracts/022/260000000713.pdf?rev=044d384e33124f69856ff95f406d8b63&hash=EDE0618298A9461C637E9129261588D0,/Users/arshnoorkaur/Downloads/road_salt_tracker/data/raw/MI/doc_2.pdf,2026-08-27,MI,260000000713,2026-10-01,2027-09-30
4584,2,MI,Lenawee,LENAWEE COUNTY ROAD COMMISSION,Detroit Salt,Detroit Salt,,2027,seasonal_fill,3000.0,65.3,195900.0,,43,deterministic_pdf,0.92,0.92,0.92,auto_accepted,,2026-08-27 20:03:55,https://www.michigan.gov/dtmb/-/media/Project/Websites/dtmb/Procurement/Contracts/022/260000000713.pdf?rev=044d384e33124f69856ff95f406d8b63&hash=EDE0618298A9461C637E9129261588D0,/Users/arshnoorkaur/Downloads/road_salt_tracker/data/raw/MI/doc_2.pdf,2026-08-27,MI,260000000713,2026-10-01,2027-09-30
4585,2,MI,Lenawee,"CLINTON, VILLAGE OF",Detroit Salt,Detroit Salt,,2027,seasonal_fill,50.0,65.3,3265.0,,43,deterministic_pdf,0.92,0.92,0.92,auto_accepted,,2026-08-27 20:03:55,https://www.michigan.gov/dtmb/-/media/Project/Websites/dtmb/Procurement/Contracts/022/260000000713.pdf?rev=044d384e33124f69856ff95f406d8b63&hash=EDE0618298A9461C637E9129261588D0,/Users/arshnoorkaur/Downloads/road_salt_tracker/data/raw/MI/doc_2.pdf,2026-08-27,MI,260000000713,2026-10-01,2027-09-30
4586,2,MI,Lenawee,LENAWEE COUNTY,Detroit Salt,Detroit Salt,,2027,seasonal_fill,50.0,65.3,3265.0,,43,deterministic_pdf,0.92,0.92,0.92,auto_accepted,,2026-08-27 20:03:55,https://www.michigan.gov/dtmb/-/media/Project/Websites/dtmb/Procurement/Contracts/022/260000000713.pdf?rev=044d384e33124f69856ff95f406d8b63&hash=EDE0618298A9461C637E9129261588D0,/Users/arshnoorkaur/Downloads/road_salt_tracker/data/raw/MI/doc_2.pdf,2026-08-27,MI,260000000713,2026-10-01,2027-09-30
4587,2,MI,Lenawee,"ADRIAN, CITY OF",Detroit Salt,Detroit Salt,,2027,seasonal_fill,1000.0,65.3,65300.0,,43,deterministic_pdf,0.92,0.92,0.92,auto_accepted,,2026-08-27 20:03:55,https://www.michigan.gov/dtmb/-/media/Project/Websites/dtmb/Procurement/Contracts/022/260000000713.pdf?rev=044d384e33124f69856ff95f406d8b63&hash=EDE0618298A9461C637E9129261588D0,/Users/arshnoorkaur/Downloads/road_salt_tracker/data/raw/MI/doc_2.pdf,2026-08-27,MI,260000000713,2026-10-01,2027-09-30
4588,2,MI,Lenawee,VILLAGE OF DEERFIELD,Detroit Salt,Detroit Salt,,2027,seasonal_fill,50.0,65.3,3265.0,,43,deterministic_pdf,0.92,0.92,0.92,auto_accepted,,2026-08-27 20:03:55,https://www.michigan.gov/dtmb/-/media/Project/Websites/dtmb/Procurement/Contracts/022/260000000713.pdf?rev=044d384e33124f69856ff95f406d8b63&hash=EDE0618298A9461C637E9129261588D0,/Users/arshnoorkaur/Downloads/road_salt_tracker/data/raw/MI/doc_2.pdf,2026-08-27,MI,260000000713,2026-10-01,2027-09-30
4589,2,MI,Lenawee,"BRITTON, VILLAGE OF",Detroit Salt,Detroit Salt,,2027,seasonal_fill,50.0,65.3,3265.0,,43,deterministic_pdf,0.92,0.92,0.92,auto_accepted,,2026-08-27 20:03:55,https://www.michigan.gov/dtmb/-/media/Project/Websites/dtmb/Procurement/Contracts/022/260000000713.pdf?rev=044d384e33124f69856ff95f406d8b63&hash=EDE0618298A9461C637E9129261588D0,/Users/arshnoorkaur/Downloads/road_salt_tracker/data/raw/MI/doc_2.pdf,2026-08-27,MI,260000000713,2026-10-01,2027-09-30
4590,2,MI,Livingston,"PINCKNEY, VILLAGE OF",Detroit Salt,Detroit Salt,,2027,seasonal_fill,150.0,70.18,10527.0,,43,deterministic_pdf,0.92,0.92,0.92,auto_accepted,,2026-08-27 20:03:55,https://www.michigan.gov/dtmb/-/media/Project/Websites/dtmb/Procurement/Contracts/022/260000000713.pdf?rev=044d384e33124f69856ff95f406d8b63&hash=EDE0618298A9461C637E9129261588D0,/Users/arshnoorkaur/Downloads/road_salt_tracker/data/raw/MI/doc_2.pdf,2026-08-27,MI,260000000713,2026-10-01,2027-09-30
4591,2,MI,Livingston,DOC-Woodland Center Correctional-AGENCY,Detroit Salt,Detroit Salt,,2027,seasonal_fill,100.0,70.18,7018.0,,43,deterministic_pdf,0.92,0.92,0.92,auto_accepted,,2026-08-27 20:03:55,https://www.michigan.gov/dtmb/-/media/Project/Websites/dtmb/Procurement/Contracts/022/260000000713.pdf?rev=044d384e33124f69856ff95f406d8b63&hash=EDE0618298A9461C637E9129261588D0,/Users/arshnoorkaur/Downloads/road_salt_tracker/data/raw/MI/doc_2.pdf,2026-08-27,MI,260000000713,2026-10-01,2027-09-30
4592,2,MI,Livingston,"BRIGHTON, CITY OF",Detroit Salt,Detroit Salt,,2027,seasonal_fill,1200.0,70.18,84216.0,,43,deterministic_pdf,0.92,0.92,0.92,auto_accepted,,2026-08-27 20:03:55,https://www.michigan.gov/dtmb/-/media/Project/Websites/dtmb/Procurement/Contracts/022/260000000713.pdf?rev=044d384e33124f69856ff95f406d8b63&hash=EDE0618298A9461C637E9129261588D0,/Users/arshnoorkaur/Downloads/road_salt_tracker/data/raw/MI/doc_2.pdf,2026-08-27,MI,260000000713,2026-10-01,2027-09-30
4593,2,MI,Monroe,MONROE COUNTY ROAD COMMISSION,Detroit Salt,Detroit Salt,,2027,seasonal_fill,2000.0,62.63,125260.0,,43,deterministic_pdf,0.92,0.92,0.92,auto_accepted,,2026-08-27 20:03:55,https://www.michigan.gov/dtmb/-/media/Project/Websites/dtmb/Procurement/Contracts/022/260000000713.pdf?rev=044d384e33124f69856ff95f406d8b63&hash=EDE0618298A9461C637E9129261588D0,/Users/arshnoorkaur/Downloads/road_salt_tracker/data/raw/MI/doc_2.pdf,2026-08-27,MI,260000000713,2026-10-01,2027-09-30
4594,2,MI,Monroe,MONROE COUNTY ROAD COMMISSION,Detroit Salt,Detroit Salt,,2027,seasonal_fill,1000.0,62.63,62630.0,,43,deterministic_pdf,0.92,0.92,0.92,auto_accepted,,2026-08-27 20:03:55,https://www.michigan.gov/dtmb/-/media/Project/Websites/dtmb/Procurement/Contracts/022/260000000713.pdf?rev=044d384e33124f69856ff95f406d8b63&hash=EDE0618298A9461C637E9129261588D0,/Users/arshnoorkaur/Downloads/road_salt_tracker/data/raw/MI/doc_2.pdf,2026-08-27,MI,260000000713,2026-10-01,2027-09-30
4595,2,MI,Monroe,"DUNDEE, VILLAGE OF",Detroit Salt,Detroit Salt,,2027,seasonal_fill,300.0,62.63,18789.0,,43,deterministic_pdf,0.92,0.92,0.92,auto_accepted,,2026-08-27 20:03:55,https://www.michigan.gov/dtmb/-/media/Project/Websites/dtmb/Procurement/Contracts/022/260000000713.pdf?rev=044d384e33124f69856ff95f406d8b63&hash=EDE0618298A9461C637E9129261588D0,/Users/arshnoorkaur/Downloads/road_salt_tracker/data/raw/MI/doc_2.pdf,2026-08-27,MI,260000000713,2026-10-01,2027-09-30
4596,2,MI,Monroe,"MILAN, CITY OF",Detroit Salt,Detroit Salt,,2027,seasonal_fill,500.0,62.63,31315.0,,43,deterministic_pdf,0.92,0.92,0.92,auto_accepted,,2026-08-27 20:03:55,https://www.michigan.gov/dtmb/-/media/Project/Websites/dtmb/Procurement/Contracts/022/260000000713.pdf?rev=044d384e33124f69856ff95f406d8b63&hash=EDE0618298A9461C637E9129261588D0,/Users/arshnoorkaur/Downloads/road_salt_tracker/data/raw/MI/doc_2.pdf,2026-08-27,MI,260000000713,2026-10-01,2027-09-30
4597,2,MI,Monroe,JEFFERSON SCHOOLS,Detroit Salt,Detroit Salt,,2027,seasonal_fill,50.0,62.63,3131.5,,43,deterministic_pdf,0.92,0.92,0.92,auto_accepted,,2026-08-27 20:03:55,https://www.michigan.gov/dtmb/-/media/Project/Websites/dtmb/Procurement/Contracts/022/260000000713.pdf?rev=044d384e33124f69856ff95f406d8b63&hash=EDE0618298A9461C637E9129261588D0,/Users/arshnoorkaur/Downloads/road_salt_tracker/data/raw/MI/doc_2.pdf,2026-08-27,MI,260000000713,2026-10-01,2027-09-30
4598,2,MI,Monroe,"SOUTH ROCKWOOD, VILLAGE OF",Detroit Salt,Detroit Salt,,2027,seasonal_fill,100.0,62.63,6263.0,,43,deterministic_pdf,0.92,0.92,0.92,auto_accepted,,2026-08-27 20:03:55,https://www.michigan.gov/dtmb/-/media/Project/Websites/dtmb/Procurement/Contracts/022/260000000713.pdf?rev=044d384e33124f69856ff95f406d8b63&hash=EDE0618298A9461C637E9129261588D0,/Users/arshnoorkaur/Downloads/road_salt_tracker/data/raw/MI/doc_2.pdf,2026-08-27,MI,260000000713,2026-10-01,2027-09-30
4599,2,MI,Monroe,CARLETON VILLAGE OF,Detroit Salt,Detroit Salt,,2027,seasonal_fill,50.0,62.63,3131.5,,43,deterministic_pdf,0.92,0.92,0.92,auto_accepted,,2026-08-27 20:03:55,https://www.michigan.gov/dtmb/-/media/Project/Websites/dtmb/Procurement/Contracts/022/260000000713.pdf?rev=044d384e33124f69856ff95f406d8b63&hash=EDE0618298A9461C637E9129261588D0,/Users/arshnoorkaur/Downloads/road_salt_tracker/data/raw/MI/doc_2.pdf,2026-08-27,MI,260000000713,2026-10-01,2027-09-30
4600,2,MI,Washtenaw,WASHTENAW COMMUNITY COLLEGE,Detroit Salt,Detroit Salt,,2027,seasonal_fill,350.0,57.57,20149.5,,43,deterministic_pdf,0.92,0.92,0.92,auto_accepted,,2026-08-27 20:03:55,https://www.michigan.gov/dtmb/-/media/Project/Websites/dtmb/Procurement/Contracts/022/260000000713.pdf?rev=044d384e33124f69856ff95f406d8b63&hash=EDE0618298A9461C637E9129261588D0,/Users/arshnoorkaur/Downloads/road_salt_tracker/data/raw/MI/doc_2.pdf,2026-08-27,MI,260000000713,2026-10-01,2027-09-30
4601,2,MI,Washtenaw,"CHELSEA, CITY OF",Detroit Salt,Detroit Salt,,2027,seasonal_fill,450.0,57.57,25906.5,,43,deterministic_pdf,0.92,0.92,0.92,auto_accepted,,2026-08-27 20:03:55,https://www.michigan.gov/dtmb/-/media/Project/Websites/dtmb/Procurement/Contracts/022/260000000713.pdf?rev=044d384e33124f69856ff95f406d8b63&hash=EDE0618298A9461C637E9129261588D0,/Users/arshnoorkaur/Downloads/road_salt_tracker/data/raw/MI/doc_2.pdf,2026-08-27,MI,260000000713,2026-10-01,2027-09-30
4602,2,MI,Washtenaw,"ANN ARBOR, CITY OF",Detroit Salt,Detroit Salt,,2027,seasonal_fill,4000.0,57.57,230280.0,,43,deterministic_pdf,0.92,0.92,0.92,auto_accepted,,2026-08-27 20:03:55,https://www.michigan.gov/dtmb/-/media/Project/Websites/dtmb/Procurement/Contracts/022/260000000713.pdf?rev=044d384e33124f69856ff95f406d8b63&hash=EDE0618298A9461C637E9129261588D0,/Users/arshnoorkaur/Downloads/road_salt_tracker/data/raw/MI/doc_2.pdf,2026-08-27,MI,260000000713,2026-10-01,2027-09-30
4603,2,MI,Washtenaw,"MANCHESTER, VILLAGE OF",Detroit Salt,Detroit Salt,,2027,seasonal_fill,200.0,57.57,11514.0,,43,deterministic_pdf,0.92,0.92,0.92,auto_accepted,,2026-08-27 20:03:55,https://www.michigan.gov/dtmb/-/media/Project/Websites/dtmb/Procurement/Contracts/022/260000000713.pdf?rev=044d384e33124f69856ff95f406d8b63&hash=EDE0618298A9461C637E9129261588D0,/Users/arshnoorkaur/Downloads/road_salt_tracker/data/raw/MI/doc_2.pdf,2026-08-27,MI,260000000713,2026-10-01,2027-09-30
4604,2,MI,Washtenaw,DEXTER COMMUNITY SCHOOLS,Detroit Salt,Detroit Salt,,2027,seasonal_fill,100.0,57.57,5757.0,,43,deterministic_pdf,0.92,0.92,0.92,auto_accepted,,2026-08-27 20:03:55,https://www.michigan.gov/dtmb/-/media/Project/Websites/dtmb/Procurement/Contracts/022/260000000713.pdf?rev=044d384e33124f69856ff95f406d8b63&hash=EDE0618298A9461C637E9129261588D0,/Users/arshnoorkaur/Downloads/road_salt_tracker/data/raw/MI/doc_2.pdf,2026-08-27,MI,260000000713,2026-10-01,2027-09-30
4605,2,MI,Washtenaw,Loch Alpine Sanitary Authority,Detroit Salt,Detroit Salt,,2027,seasonal_fill,300.0,57.57,17271.0,,43,deterministic_pdf,0.92,0.92,0.92,auto_accepted,,2026-08-27 20:03:55,https://www.michigan.gov/dtmb/-/media/Project/Websites/dtmb/Procurement/Contracts/022/260000000713.pdf?rev=044d384e33124f69856ff95f406d8b63&hash=EDE0618298A9461C637E9129261588D0,/Users/arshnoorkaur/Downloads/road_salt_tracker/data/raw/MI/doc_2.pdf,2026-08-27,MI,260000000713,2026-10-01,2027-09-30
4606,2,MI,Washtenaw,WASHTENAW INTER SCHOOL DISTRICT,Detroit Salt,Detroit Salt,,2027,seasonal_fill,200.0,57.57,11514.0,,43,deterministic_pdf,0.92,0.92,0.92,auto_accepted,,2026-08-27 20:03:55,https://www.michigan.gov/dtmb/-/media/Project/Websites/dtmb/Procurement/Contracts/022/260000000713.pdf?rev=044d384e33124f69856ff95f406d8b63&hash=EDE0618298A9461C637E9129261588D0,/Users/arshnoorkaur/Downloads/road_salt_tracker/data/raw/MI/doc_2.pdf,2026-08-27,MI,260000000713,2026-10-01,2027-09-30
4607,2,MI,Washtenaw,ANN ARBOR PUBLIC SCHOOLS,Detroit Salt,Detroit Salt,,2027,seasonal_fill,100.0,57.57,5757.0,,43,deterministic_pdf,0.92,0.92,0.92,auto_accepted,,2026-08-27 20:03:55,https://www.michigan.gov/dtmb/-/media/Project/Websites/dtmb/Procurement/Contracts/022/260000000713.pdf?rev=044d384e33124f69856ff95f406d8b63&hash=EDE0618298A9461C637E9129261588D0,/Users/arshnoorkaur/Downloads/road_salt_tracker/data/raw/MI/doc_2.pdf,2026-08-27,MI,260000000713,2026-10-01,2027-09-30
4608,2,MI,Washtenaw,Ypsilanti Community Schools,Detroit Salt,Detroit Salt,,2027,seasonal_fill,650.0,57.57,37420.5,,44,deterministic_pdf,0.92,0.92,0.92,auto_accepted,,2026-08-27 20:03:55,https://www.michigan.gov/dtmb/-/media/Project/Websites/dtmb/Procurement/Contracts/022/260000000713.pdf?rev=044d384e33124f69856ff95f406d8b63&hash=EDE0618298A9461C637E9129261588D0,/Users/arshnoorkaur/Downloads/road_salt_tracker/data/raw/MI/doc_2.pdf,2026-08-27,MI,260000000713,2026-10-01,2027-09-30
4609,2,MI,Washtenaw,CHELSEA SCHOOL DISTRICT,Detroit Salt,Detroit Salt,,2027,seasonal_fill,100.0,57.57,5757.0,,44,deterministic_pdf,0.92,0.92,0.92,auto_accepted,,2026-08-27 20:03:55,https://www.michigan.gov/dtmb/-/media/Project/Websites/dtmb/Procurement/Contracts/022/260000000713.pdf?rev=044d384e33124f69856ff95f406d8b63&hash=EDE0618298A9461C637E9129261588D0,/Users/arshnoorkaur/Downloads/road_salt_tracker/data/raw/MI/doc_2.pdf,2026-08-27,MI,260000000713,2026-10-01,2027-09-30
4610,2,MI,Washtenaw,"YPSILANTI, CITY OF",Detroit Salt,Detroit Salt,,2027,seasonal_fill,1000.0,57.57,57570.0,,44,deterministic_pdf,0.92,0.92,0.92,auto_accepted,,2026-08-27 20:03:55,https://www.michigan.gov/dtmb/-/media/Project/Websites/dtmb/Procurement/Contracts/022/260000000713.pdf?rev=044d384e33124f69856ff95f406d8b63&hash=EDE0618298A9461C637E9129261588D0,/Users/arshnoorkaur/Downloads/road_salt_tracker/data/raw/MI/doc_2.pdf,2026-08-27,MI,260000000713,2026-10-01,2027-09-30
4611,2,MI,Washtenaw,"YPSILANTI, CITY OF",Detroit Salt,Detroit Salt,,2027,seasonal_fill,2000.0,57.57,115140.0,,44,deterministic_pdf,0.92,0.92,0.92,auto_accepted,,2026-08-27 20:03:55,https://www.michigan.gov/dtmb/-/media/Project/Websites/dtmb/Procurement/Contracts/022/260000000713.pdf?rev=044d384e33124f69856ff95f406d8b63&hash=EDE0618298A9461C637E9129261588D0,/Users/arshnoorkaur/Downloads/road_salt_tracker/data/raw/MI/doc_2.pdf,2026-08-27,MI,260000000713,2026-10-01,2027-09-30
4612,2,MI,Washtenaw,"SALINE, CITY OF",Detroit Salt,Detroit Salt,,2027,seasonal_fill,150.0,57.57,8635.5,,44,deterministic_pdf,0.92,0.92,0.92,auto_accepted,,2026-08-27 20:03:55,https://www.michigan.gov/dtmb/-/media/Project/Websites/dtmb/Procurement/Contracts/022/260000000713.pdf?rev=044d384e33124f69856ff95f406d8b63&hash=EDE0618298A9461C637E9129261588D0,/Users/arshnoorkaur/Downloads/road_salt_tracker/data/raw/MI/doc_2.pdf,2026-08-27,MI,260000000713,2026-10-01,2027-09-30
4613,2,MI,Washtenaw,"DEXTER, VILLAGE OF",Detroit Salt,Detroit Salt,,2027,seasonal_fill,500.0,57.57,28785.0,,44,deterministic_pdf,0.92,0.92,0.92,auto_accepted,,2026-08-27 20:03:55,https://www.michigan.gov/dtmb/-/media/Project/Websites/dtmb/Procurement/Contracts/022/260000000713.pdf?rev=044d384e33124f69856ff95f406d8b63&hash=EDE0618298A9461C637E9129261588D0,/Users/arshnoorkaur/Downloads/road_salt_tracker/data/raw/MI/doc_2.pdf,2026-08-27,MI,260000000713,2026-10-01,2027-09-30
4614,2,MI,Washtenaw,"MICHIGAN, UNIVERSITY OF",Detroit Salt,Detroit Salt,,2027,seasonal_fill,2500.0,57.57,143925.0,,44,deterministic_pdf,0.92,0.92,0.92,auto_accepted,,2026-08-27 20:03:55,https://www.michigan.gov/dtmb/-/media/Project/Websites/dtmb/Procurement/Contracts/022/260000000713.pdf?rev=044d384e33124f69856ff95f406d8b63&hash=EDE0618298A9461C637E9129261588D0,/Users/arshnoorkaur/Downloads/road_salt_tracker/data/raw/MI/doc_2.pdf,2026-08-27,MI,260000000713,2026-10-01,2027-09-30
4615,2,MI,Washtenaw,"DOC-Womens Huron Valley Correction Facility-
AGENCY",Detroit Salt,Detroit Salt,,2027,seasonal_fill,150.0,57.57,8635.5,,44,deterministic_pdf,0.92,0.92,0.92,auto_accepted,,2026-08-27 20:03:55,https://www.michigan.gov/dtmb/-/media/Project/Websites/dtmb/Procurement/Contracts/022/260000000713.pdf?rev=044d384e33124f69856ff95f406d8b63&hash=EDE0618298A9461C637E9129261588D0,/Users/arshnoorkaur/Downloads/road_salt_tracker/data/raw/MI/doc_2.pdf,2026-08-27,MI,260000000713,2026-10-01,2027-09-30
4616,2,MI,Washtenaw,WASHTENAW COUNTY ROAD COMMISSION,Detroit Salt,Detroit Salt,,2027,seasonal_fill,5000.0,57.57,287850.0,,44,deterministic_pdf,0.92,0.92,0.92,auto_accepted,,2026-08-27 20:03:55,https://www.michigan.gov/dtmb/-/media/Project/Websites/dtmb/Procurement/Contracts/022/260000000713.pdf?rev=044d384e33124f69856ff95f406d8b63&hash=EDE0618298A9461C637E9129261588D0,/Users/arshnoorkaur/Downloads/road_salt_tracker/data/raw/MI/doc_2.pdf,2026-08-27,MI,260000000713,2026-10-01,2027-09-30
4617,2,MI,Washtenaw,WASHTENAW COUNTY ROAD COMMISSION,Detroit Salt,Detroit Salt,,2027,seasonal_fill,4000.0,57.57,230280.0,,44,deterministic_pdf,0.92,0.92,0.92,auto_accepted,,2026-08-27 20:03:55,https://www.michigan.gov/dtmb/-/media/Project/Websites/dtmb/Procurement/Contracts/022/260000000713.pdf?rev=044d384e33124f69856ff95f406d8b63&hash=EDE0618298A9461C637E9129261588D0,/Users/arshnoorkaur/Downloads/road_salt_tracker/data/raw/MI/doc_2.pdf,2026-08-27,MI,260000000713,2026-10-01,2027-09-30
4618,2,MI,Washtenaw,WASHTENAW COUNTY ROAD COMMISSION,Detroit Salt,Detroit Salt,,2027,seasonal_fill,1500.0,57.57,86355.0,,44,deterministic_pdf,0.92,0.92,0.92,auto_accepted,,2026-08-27 20:03:55,https://www.michigan.gov/dtmb/-/media/Project/Websites/dtmb/Procurement/Contracts/022/260000000713.pdf?rev=044d384e33124f69856ff95f406d8b63&hash=EDE0618298A9461C637E9129261588D0,/Users/arshnoorkaur/Downloads/road_salt_tracker/data/raw/MI/doc_2.pdf,2026-08-27,MI,260000000713,2026-10-01,2027-09-30
4619,2,MI,Washtenaw,WASHTENAW COUNTY ROAD COMMISSION,Detroit Salt,Detroit Salt,,2027,seasonal_fill,6000.0,57.57,345420.0,,44,deterministic_pdf,0.92,0.92,0.92,auto_accepted,,2026-08-27 20:03:55,https://www.michigan.gov/dtmb/-/media/Project/Websites/dtmb/Procurement/Contracts/022/260000000713.pdf?rev=044d384e33124f69856ff95f406d8b63&hash=EDE0618298A9461C637E9129261588D0,/Users/arshnoorkaur/Downloads/road_salt_tracker/data/raw/MI/doc_2.pdf,2026-08-27,MI,260000000713,2026-10-01,2027-09-30
4620,2,MI,Macomb,WARREN WOODS PUBLIC SCHOOLS,Detroit Salt,Detroit Salt,,2027,seasonal_fill,250.0,61.48,15370.0,,44,deterministic_pdf,0.92,0.92,0.92,auto_accepted,,2026-08-27 20:03:55,https://www.michigan.gov/dtmb/-/media/Project/Websites/dtmb/Procurement/Contracts/022/260000000713.pdf?rev=044d384e33124f69856ff95f406d8b63&hash=EDE0618298A9461C637E9129261588D0,/Users/arshnoorkaur/Downloads/road_salt_tracker/data/raw/MI/doc_2.pdf,2026-08-27,MI,260000000713,2026-10-01,2027-09-30
4621,2,MI,Macomb,MACOMB TOWNSHIP,Detroit Salt,Detroit Salt,,2027,seasonal_fill,50.0,61.48,3074.0,,44,deterministic_pdf,0.92,0.92,0.92,auto_accepted,,2026-08-27 20:03:55,https://www.michigan.gov/dtmb/-/media/Project/Websites/dtmb/Procurement/Contracts/022/260000000713.pdf?rev=044d384e33124f69856ff95f406d8b63&hash=EDE0618298A9461C637E9129261588D0,/Users/arshnoorkaur/Downloads/road_salt_tracker/data/raw/MI/doc_2.pdf,2026-08-27,MI,260000000713,2026-10-01,2027-09-30
4622,2,MI,Macomb,"FRASER, CITY OF",Detroit Salt,Detroit Salt,,2027,seasonal_fill,500.0,61.48,30740.0,,44,deterministic_pdf,0.92,0.92,0.92,auto_accepted,,2026-08-27 20:03:55,https://www.michigan.gov/dtmb/-/media/Project/Websites/dtmb/Procurement/Contracts/022/260000000713.pdf?rev=044d384e33124f69856ff95f406d8b63&hash=EDE0618298A9461C637E9129261588D0,/Users/arshnoorkaur/Downloads/road_salt_tracker/data/raw/MI/doc_2.pdf,2026-08-27,MI,260000000713,2026-10-01,2027-09-30
4623,2,MI,Macomb,LANSE CREUSE PUBLIC SCHOOLS,Detroit Salt,Detroit Salt,,2027,seasonal_fill,650.0,61.48,39962.0,,44,deterministic_pdf,0.92,0.92,0.92,auto_accepted,,2026-08-27 20:03:55,https://www.michigan.gov/dtmb/-/media/Project/Websites/dtmb/Procurement/Contracts/022/260000000713.pdf?rev=044d384e33124f69856ff95f406d8b63&hash=EDE0618298A9461C637E9129261588D0,/Users/arshnoorkaur/Downloads/road_salt_tracker/data/raw/MI/doc_2.pdf,2026-08-27,MI,260000000713,2026-10-01,2027-09-30
4624,2,MI,Macomb,"MT. CLEMENS, CITY OF",Detroit Salt,Detroit Salt,,2027,seasonal_fill,1200.0,61.48,73776.0,,44,deterministic_pdf,0.92,0.92,0.92,auto_accepted,,2026-08-27 20:03:55,https://www.michigan.gov/dtmb/-/media/Project/Websites/dtmb/Procurement/Contracts/022/260000000713.pdf?rev=044d384e33124f69856ff95f406d8b63&hash=EDE0618298A9461C637E9129261588D0,/Users/arshnoorkaur/Downloads/road_salt_tracker/data/raw/MI/doc_2.pdf,2026-08-27,MI,260000000713,2026-10-01,2027-09-30
4625,2,MI,Macomb,"RICHMOND, CITY OF",Detroit Salt,Detroit Salt,,2027,seasonal_fill,700.0,61.48,43036.0,,44,deterministic_pdf,0.92,0.92,0.92,auto_accepted,,2026-08-27 20:03:55,https://www.michigan.gov/dtmb/-/media/Project/Websites/dtmb/Procurement/Contracts/022/260000000713.pdf?rev=044d384e33124f69856ff95f406d8b63&hash=EDE0618298A9461C637E9129261588D0,/Users/arshnoorkaur/Downloads/road_salt_tracker/data/raw/MI/doc_2.pdf,2026-08-27,MI,260000000713,2026-10-01,2027-09-30
4626,2,MI,Macomb,CHIPPEWA VALLEY SCHOOLS,Detroit Salt,Detroit Salt,,2027,seasonal_fill,700.0,61.48,43036.0,,44,deterministic_pdf,0.92,0.92,0.92,auto_accepted,,2026-08-27 20:03:55,https://www.michigan.gov/dtmb/-/media/Project/Websites/dtmb/Procurement/Contracts/022/260000000713.pdf?rev=044d384e33124f69856ff95f406d8b63&hash=EDE0618298A9461C637E9129261588D0,/Users/arshnoorkaur/Downloads/road_salt_tracker/data/raw/MI/doc_2.pdf,2026-08-27,MI,260000000713,2026-10-01,2027-09-30
4627,2,MI,Macomb,CLINTON CHARTER TOWNSHIP,Detroit Salt,Detroit Salt,,2027,seasonal_fill,300.0,61.48,18444.0,,44,deterministic_pdf,0.92,0.92,0.92,auto_accepted,,2026-08-27 20:03:55,https://www.michigan.gov/dtmb/-/media/Project/Websites/dtmb/Procurement/Contracts/022/260000000713.pdf?rev=044d384e33124f69856ff95f406d8b63&hash=EDE0618298A9461C637E9129261588D0,/Users/arshnoorkaur/Downloads/road_salt_tracker/data/raw/MI/doc_2.pdf,2026-08-27,MI,260000000713,2026-10-01,2027-09-30
4628,2,MI,Macomb,CENTER LINE PUBLIC SCHOOLS,Detroit Salt,Detroit Salt,,2027,seasonal_fill,50.0,61.48,3074.0,,44,deterministic_pdf,0.92,0.92,0.92,auto_accepted,,2026-08-27 20:03:55,https://www.michigan.gov/dtmb/-/media/Project/Websites/dtmb/Procurement/Contracts/022/260000000713.pdf?rev=044d384e33124f69856ff95f406d8b63&hash=EDE0618298A9461C637E9129261588D0,/Users/arshnoorkaur/Downloads/road_salt_tracker/data/raw/MI/doc_2.pdf,2026-08-27,MI,260000000713,2026-10-01,2027-09-30
4629,2,MI,Macomb,WARREN CONSOLIDATED SCHOOLS,Detroit Salt,Detroit Salt,,2027,seasonal_fill,1100.0,61.48,67628.0,,44,deterministic_pdf,0.92,0.92,0.92,auto_accepted,,2026-08-27 20:03:55,https://www.michigan.gov/dtmb/-/media/Project/Websites/dtmb/Procurement/Contracts/022/260000000713.pdf?rev=044d384e33124f69856ff95f406d8b63&hash=EDE0618298A9461C637E9129261588D0,/Users/arshnoorkaur/Downloads/road_salt_tracker/data/raw/MI/doc_2.pdf,2026-08-27,MI,260000000713,2026-10-01,2027-09-30
4630,2,MI,Macomb,"UTICA, CITY OF",Detroit Salt,Detroit Salt,,2027,seasonal_fill,400.0,61.48,24592.0,,44,deterministic_pdf,0.92,0.92,0.92,auto_accepted,,2026-08-27 20:03:55,https://www.michigan.gov/dtmb/-/media/Project/Websites/dtmb/Procurement/Contracts/022/260000000713.pdf?rev=044d384e33124f69856ff95f406d8b63&hash=EDE0618298A9461C637E9129261588D0,/Users/arshnoorkaur/Downloads/road_salt_tracker/data/raw/MI/doc_2.pdf,2026-08-27,MI,260000000713,2026-10-01,2027-09-30
4631,2,MI,Macomb,ROMEO VILLAGE OF,Detroit Salt,Detroit Salt,,2027,seasonal_fill,500.0,61.48,30740.0,,44,deterministic_pdf,0.92,0.92,0.92,auto_accepted,,2026-08-27 20:03:55,https://www.michigan.gov/dtmb/-/media/Project/Websites/dtmb/Procurement/Contracts/022/260000000713.pdf?rev=044d384e33124f69856ff95f406d8b63&hash=EDE0618298A9461C637E9129261588D0,/Users/arshnoorkaur/Downloads/road_salt_tracker/data/raw/MI/doc_2.pdf,2026-08-27,MI,260000000713,2026-10-01,2027-09-30
4632,2,MI,Macomb,"ARMADA, VILLAGE OF",Detroit Salt,Detroit Salt,,2027,seasonal_fill,200.0,61.48,12296.0,,44,deterministic_pdf,0.92,0.92,0.92,auto_accepted,,2026-08-27 20:03:55,https://www.michigan.gov/dtmb/-/media/Project/Websites/dtmb/Procurement/Contracts/022/260000000713.pdf?rev=044d384e33124f69856ff95f406d8b63&hash=EDE0618298A9461C637E9129261588D0,/Users/arshnoorkaur/Downloads/road_salt_tracker/data/raw/MI/doc_2.pdf,2026-08-27,MI,260000000713,2026-10-01,2027-09-30
4633,2,MI,Macomb,ROSEVILLE PUBLIC SCHOOLS,Detroit Salt,Detroit Salt,,2027,seasonal_fill,200.0,61.48,12296.0,,44,deterministic_pdf,0.92,0.92,0.92,auto_accepted,,2026-08-27 20:03:55,https://www.michigan.gov/dtmb/-/media/Project/Websites/dtmb/Procurement/Contracts/022/260000000713.pdf?rev=044d384e33124f69856ff95f406d8b63&hash=EDE0618298A9461C637E9129261588D0,/Users/arshnoorkaur/Downloads/road_salt_tracker/data/raw/MI/doc_2.pdf,2026-08-27,MI,260000000713,2026-10-01,2027-09-30
4634,2,MI,Macomb,MACOMB COMMUNITY COLLEGE,Detroit Salt,Detroit Salt,,2027,seasonal_fill,200.0,61.48,12296.0,,44,deterministic_pdf,0.92,0.92,0.92,auto_accepted,,2026-08-27 20:03:55,https://www.michigan.gov/dtmb/-/media/Project/Websites/dtmb/Procurement/Contracts/022/260000000713.pdf?rev=044d384e33124f69856ff95f406d8b63&hash=EDE0618298A9461C637E9129261588D0,/Users/arshnoorkaur/Downloads/road_salt_tracker/data/raw/MI/doc_2.pdf,2026-08-27,MI,260000000713,2026-10-01,2027-09-30
4635,2,MI,Macomb,MACOMB COMMUNITY COLLEGE,Detroit Salt,Detroit Salt,,2027,seasonal_fill,250.0,61.48,15370.0,,44,deterministic_pdf,0.92,0.92,0.92,auto_accepted,,2026-08-27 20:03:55,https://www.michigan.gov/dtmb/-/media/Project/Websites/dtmb/Procurement/Contracts/022/260000000713.pdf?rev=044d384e33124f69856ff95f406d8b63&hash=EDE0618298A9461C637E9129261588D0,/Users/arshnoorkaur/Downloads/road_salt_tracker/data/raw/MI/doc_2.pdf,2026-08-27,MI,260000000713,2026-10-01,2027-09-30
4636,2,MI,Macomb,"EASTPOINTE, CITY OF",Detroit Salt,Detroit Salt,,2027,seasonal_fill,1000.0,61.48,61480.0,,44,deterministic_pdf,0.92,0.92,0.92,auto_accepted,,2026-08-27 20:03:55,https://www.michigan.gov/dtmb/-/media/Project/Websites/dtmb/Procurement/Contracts/022/260000000713.pdf?rev=044d384e33124f69856ff95f406d8b63&hash=EDE0618298A9461C637E9129261588D0,/Users/arshnoorkaur/Downloads/road_salt_tracker/data/raw/MI/doc_2.pdf,2026-08-27,MI,260000000713,2026-10-01,2027-09-30
4637,2,MI,Macomb,"NEW BALTIMORE, CITY OF",Detroit Salt,Detroit Salt,,2027,seasonal_fill,800.0,61.48,49184.0,,44,deterministic_pdf,0.92,0.92,0.92,auto_accepted,,2026-08-27 20:03:55,https://www.michigan.gov/dtmb/-/media/Project/Websites/dtmb/Procurement/Contracts/022/260000000713.pdf?rev=044d384e33124f69856ff95f406d8b63&hash=EDE0618298A9461C637E9129261588D0,/Users/arshnoorkaur/Downloads/road_salt_tracker/data/raw/MI/doc_2.pdf,2026-08-27,MI,260000000713,2026-10-01,2027-09-30
4638,2,MI,Macomb,UTICA COMMUNITY SCHOOLS,Detroit Salt,Detroit Salt,,2027,seasonal_fill,1800.0,61.48,110664.0,,44,deterministic_pdf,0.92,0.92,0.92,auto_accepted,,2026-08-27 20:03:55,https://www.michigan.gov/dtmb/-/media/Project/Websites/dtmb/Procurement/Contracts/022/260000000713.pdf?rev=044d384e33124f69856ff95f406d8b63&hash=EDE0618298A9461C637E9129261588D0,/Users/arshnoorkaur/Downloads/road_salt_tracker/data/raw/MI/doc_2.pdf,2026-08-27,MI,260000000713,2026-10-01,2027-09-30
4639,2,MI,Macomb,UTICA COMMUNITY SCHOOLS,Detroit Salt,Detroit Salt,,2027,seasonal_fill,300.0,61.48,18444.0,,44,deterministic_pdf,0.92,0.92,0.92,auto_accepted,,2026-08-27 20:03:55,https://www.michigan.gov/dtmb/-/media/Project/Websites/dtmb/Procurement/Contracts/022/260000000713.pdf?rev=044d384e33124f69856ff95f406d8b63&hash=EDE0618298A9461C637E9129261588D0,/Users/arshnoorkaur/Downloads/road_salt_tracker/data/raw/MI/doc_2.pdf,2026-08-27,MI,260000000713,2026-10-01,2027-09-30
4640,2,MI,Macomb,ARMADA AREA SCHOOLS,Detroit Salt,Detroit Salt,,2027,seasonal_fill,100.0,61.48,6148.0,,44,deterministic_pdf,0.92,0.92,0.92,auto_accepted,,2026-08-27 20:03:55,https://www.michigan.gov/dtmb/-/media/Project/Websites/dtmb/Procurement/Contracts/022/260000000713.pdf?rev=044d384e33124f69856ff95f406d8b63&hash=EDE0618298A9461C637E9129261588D0,/Users/arshnoorkaur/Downloads/road_salt_tracker/data/raw/MI/doc_2.pdf,2026-08-27,MI,260000000713,2026-10-01,2027-09-30
4641,2,MI,Macomb,MACOMB COUNTY ROAD COMMISSION,Detroit Salt,Detroit Salt,,2027,seasonal_fill,5000.0,61.48,307400.0,,44,deterministic_pdf,0.92,0.92,0.92,auto_accepted,,2026-08-27 20:03:55,https://www.michigan.gov/dtmb/-/media/Project/Websites/dtmb/Procurement/Contracts/022/260000000713.pdf?rev=044d384e33124f69856ff95f406d8b63&hash=EDE0618298A9461C637E9129261588D0,/Users/arshnoorkaur/Downloads/road_salt_tracker/data/raw/MI/doc_2.pdf,2026-08-27,MI,260000000713,2026-10-01,2027-09-30
4642,2,MI,Macomb,MACOMB COUNTY ROAD COMMISSION,Detroit Salt,Detroit Salt,,2027,seasonal_fill,7000.0,61.48,430360.0,,44,deterministic_pdf,0.92,0.92,0.92,auto_accepted,,2026-08-27 20:03:55,https://www.michigan.gov/dtmb/-/media/Project/Websites/dtmb/Procurement/Contracts/022/260000000713.pdf?rev=044d384e33124f69856ff95f406d8b63&hash=EDE0618298A9461C637E9129261588D0,/Users/arshnoorkaur/Downloads/road_salt_tracker/data/raw/MI/doc_2.pdf,2026-08-27,MI,260000000713,2026-10-01,2027-09-30
4643,2,MI,Macomb,MACOMB COUNTY ROAD COMMISSION,Detroit Salt,Detroit Salt,,2027,seasonal_fill,6000.0,61.48,368880.0,,44,deterministic_pdf,0.92,0.92,0.92,auto_accepted,,2026-08-27 20:03:55,https://www.michigan.gov/dtmb/-/media/Project/Websites/dtmb/Procurement/Contracts/022/260000000713.pdf?rev=044d384e33124f69856ff95f406d8b63&hash=EDE0618298A9461C637E9129261588D0,/Users/arshnoorkaur/Downloads/road_salt_tracker/data/raw/MI/doc_2.pdf,2026-08-27,MI,260000000713,2026-10-01,2027-09-30
4644,2,MI,Macomb,MACOMB COUNTY ROAD COMMISSION,Detroit Salt,Detroit Salt,,2027,seasonal_fill,11000.0,61.48,676280.0,,44,deterministic_pdf,0.92,0.92,0.92,auto_accepted,,2026-08-27 20:03:55,https://www.michigan.gov/dtmb/-/media/Project/Websites/dtmb/Procurement/Contracts/022/260000000713.pdf?rev=044d384e33124f69856ff95f406d8b63&hash=EDE0618298A9461C637E9129261588D0,/Users/arshnoorkaur/Downloads/road_salt_tracker/data/raw/MI/doc_2.pdf,2026-08-27,MI,260000000713,2026-10-01,2027-09-30
4645,2,MI,Macomb,FRASER PUBLIC SCHOOLS,Detroit Salt,Detroit Salt,,2027,seasonal_fill,300.0,61.48,18444.0,,44,deterministic_pdf,0.92,0.92,0.92,auto_accepted,,2026-08-27 20:03:55,https://www.michigan.gov/dtmb/-/media/Project/Websites/dtmb/Procurement/Contracts/022/260000000713.pdf?rev=044d384e33124f69856ff95f406d8b63&hash=EDE0618298A9461C637E9129261588D0,/Users/arshnoorkaur/Downloads/road_salt_tracker/data/raw/MI/doc_2.pdf,2026-08-27,MI,260000000713,2026-10-01,2027-09-30
4646,2,MI,Macomb,DMVA,Detroit Salt,Detroit Salt,,2027,seasonal_fill,1200.0,61.48,73776.0,,44,deterministic_pdf,0.92,0.92,0.92,auto_accepted,,2026-08-27 20:03:55,https://www.michigan.gov/dtmb/-/media/Project/Websites/dtmb/Procurement/Contracts/022/260000000713.pdf?rev=044d384e33124f69856ff95f406d8b63&hash=EDE0618298A9461C637E9129261588D0,/Users/arshnoorkaur/Downloads/road_salt_tracker/data/raw/MI/doc_2.pdf,2026-08-27,MI,260000000713,2026-10-01,2027-09-30
4647,2,MI,Oakland,OAKLAND COMMUNITY COLLEGE,Detroit Salt,Detroit Salt,,2027,seasonal_fill,250.0,65.0,16250.0,,44,deterministic_pdf,0.92,0.92,0.92,auto_accepted,,2026-08-27 20:03:55,https://www.michigan.gov/dtmb/-/media/Project/Websites/dtmb/Procurement/Contracts/022/260000000713.pdf?rev=044d384e33124f69856ff95f406d8b63&hash=EDE0618298A9461C637E9129261588D0,/Users/arshnoorkaur/Downloads/road_salt_tracker/data/raw/MI/doc_2.pdf,2026-08-27,MI,260000000713,2026-10-01,2027-09-30
4648,2,MI,Oakland,OAKLAND COMMUNITY COLLEGE,Detroit Salt,Detroit Salt,,2027,seasonal_fill,150.0,65.0,9750.0,,44,deterministic_pdf,0.92,0.92,0.92,auto_accepted,,2026-08-27 20:03:55,https://www.michigan.gov/dtmb/-/media/Project/Websites/dtmb/Procurement/Contracts/022/260000000713.pdf?rev=044d384e33124f69856ff95f406d8b63&hash=EDE0618298A9461C637E9129261588D0,/Users/arshnoorkaur/Downloads/road_salt_tracker/data/raw/MI/doc_2.pdf,2026-08-27,MI,260000000713,2026-10-01,2027-09-30
4649,2,MI,Oakland,"FERNDALE, CITY OF",Detroit Salt,Detroit Salt,,2027,seasonal_fill,1200.0,65.0,78000.0,,44,deterministic_pdf,0.92,0.92,0.92,auto_accepted,,2026-08-27 20:03:55,https://www.michigan.gov/dtmb/-/media/Project/Websites/dtmb/Procurement/Contracts/022/260000000713.pdf?rev=044d384e33124f69856ff95f406d8b63&hash=EDE0618298A9461C637E9129261588D0,/Users/arshnoorkaur/Downloads/road_salt_tracker/data/raw/MI/doc_2.pdf,2026-08-27,MI,260000000713,2026-10-01,2027-09-30
4650,2,MI,Oakland,OAKLAND UNIVERSITY,Detroit Salt,Detroit Salt,,2027,seasonal_fill,1000.0,65.0,65000.0,,44,deterministic_pdf,0.92,0.92,0.92,auto_accepted,,2026-08-27 20:03:55,https://www.michigan.gov/dtmb/-/media/Project/Websites/dtmb/Procurement/Contracts/022/260000000713.pdf?rev=044d384e33124f69856ff95f406d8b63&hash=EDE0618298A9461C637E9129261588D0,/Users/arshnoorkaur/Downloads/road_salt_tracker/data/raw/MI/doc_2.pdf,2026-08-27,MI,260000000713,2026-10-01,2027-09-30
4651,2,MI,Oakland,"FARMINGTON, CITY OF",Detroit Salt,Detroit Salt,,2027,seasonal_fill,600.0,65.0,39000.0,,44,deterministic_pdf,0.92,0.92,0.92,auto_accepted,,2026-08-27 20:03:55,https://www.michigan.gov/dtmb/-/media/Project/Websites/dtmb/Procurement/Contracts/022/260000000713.pdf?rev=044d384e33124f69856ff95f406d8b63&hash=EDE0618298A9461C637E9129261588D0,/Users/arshnoorkaur/Downloads/road_salt_tracker/data/raw/MI/doc_2.pdf,2026-08-27,MI,260000000713,2026-10-01,2027-09-30
4652,2,MI,Oakland,"OAKLAND, COUNTY OF",Detroit Salt,Detroit Salt,,2027,seasonal_fill,500.0,65.0,32500.0,,44,deterministic_pdf,0.92,0.92,0.92,auto_accepted,,2026-08-27 20:03:55,https://www.michigan.gov/dtmb/-/media/Project/Websites/dtmb/Procurement/Contracts/022/260000000713.pdf?rev=044d384e33124f69856ff95f406d8b63&hash=EDE0618298A9461C637E9129261588D0,/Users/arshnoorkaur/Downloads/road_salt_tracker/data/raw/MI/doc_2.pdf,2026-08-27,MI,260000000713,2026-10-01,2027-09-30
4653,2,MI,Oakland,ROCHESTER COMMUNITY SCHOOL DISTRICT,Detroit Salt,Detroit Salt,,2027,seasonal_fill,1200.0,65.0,78000.0,,44,deterministic_pdf,0.92,0.92,0.92,auto_accepted,,2026-08-27 20:03:55,https://www.michigan.gov/dtmb/-/media/Project/Websites/dtmb/Procurement/Contracts/022/260000000713.pdf?rev=044d384e33124f69856ff95f406d8b63&hash=EDE0618298A9461C637E9129261588D0,/Users/arshnoorkaur/Downloads/road_salt_tracker/data/raw/MI/doc_2.pdf,2026-08-27,MI,260000000713,2026-10-01,2027-09-30
4654,2,MI,Oakland,"MADISON HEIGHTS, CITY OF",Detroit Salt,Detroit Salt,,2027,seasonal_fill,3000.0,65.0,195000.0,,44,deterministic_pdf,0.92,0.92,0.92,auto_accepted,,2026-08-27 20:03:55,https://www.michigan.gov/dtmb/-/media/Project/Websites/dtmb/Procurement/Contracts/022/260000000713.pdf?rev=044d384e33124f69856ff95f406d8b63&hash=EDE0618298A9461C637E9129261588D0,/Users/arshnoorkaur/Downloads/road_salt_tracker/data/raw/MI/doc_2.pdf,2026-08-27,MI,260000000713,2026-10-01,2027-09-30
4655,2,MI,Oakland,FARMINGTON PUBLIC SCHOOLS,Detroit Salt,Detroit Salt,,2027,seasonal_fill,700.0,65.0,45500.0,,44,deterministic_pdf,0.92,0.92,0.92,auto_accepted,,2026-08-27 20:03:55,https://www.michigan.gov/dtmb/-/media/Project/Websites/dtmb/Procurement/Contracts/022/260000000713.pdf?rev=044d384e33124f69856ff95f406d8b63&hash=EDE0618298A9461C637E9129261588D0,/Users/arshnoorkaur/Downloads/road_salt_tracker/data/raw/MI/doc_2.pdf,2026-08-27,MI,260000000713,2026-10-01,2027-09-30
4656,2,MI,Oakland,"ROYAL OAK, CITY OF",Detroit Salt,Detroit Salt,,2027,seasonal_fill,1500.0,65.0,97500.0,,44,deterministic_pdf,0.92,0.92,0.92,auto_accepted,,2026-08-27 20:03:55,https://www.michigan.gov/dtmb/-/media/Project/Websites/dtmb/Procurement/Contracts/022/260000000713.pdf?rev=044d384e33124f69856ff95f406d8b63&hash=EDE0618298A9461C637E9129261588D0,/Users/arshnoorkaur/Downloads/road_salt_tracker/data/raw/MI/doc_2.pdf,2026-08-27,MI,260000000713,2026-10-01,2027-09-30
4657,2,MI,Oakland,"TROY, CITY OF",Detroit Salt,Detroit Salt,,2027,seasonal_fill,8000.0,65.0,520000.0,,44,deterministic_pdf,0.92,0.92,0.92,auto_accepted,,2026-08-27 20:03:55,https://www.michigan.gov/dtmb/-/media/Project/Websites/dtmb/Procurement/Contracts/022/260000000713.pdf?rev=044d384e33124f69856ff95f406d8b63&hash=EDE0618298A9461C637E9129261588D0,/Users/arshnoorkaur/Downloads/road_salt_tracker/data/raw/MI/doc_2.pdf,2026-08-27,MI,260000000713,2026-10-01,2027-09-30
4658,2,MI,Oakland,Wolverine Lake Village of,Detroit Salt,Detroit Salt,,2027,seasonal_fill,550.0,65.0,35750.0,,44,deterministic_pdf,0.92,0.92,0.92,auto_accepted,,2026-08-27 20:03:55,https://www.michigan.gov/dtmb/-/media/Project/Websites/dtmb/Procurement/Contracts/022/260000000713.pdf?rev=044d384e33124f69856ff95f406d8b63&hash=EDE0618298A9461C637E9129261588D0,/Users/arshnoorkaur/Downloads/road_salt_tracker/data/raw/MI/doc_2.pdf,2026-08-27,MI,260000000713,2026-10-01,2027-09-30
4659,2,MI,Oakland,"ORTONVILLE, VILLAGE OF",Detroit Salt,Detroit Salt,,2027,seasonal_fill,300.0,65.0,19500.0,,44,deterministic_pdf,0.92,0.92,0.92,auto_accepted,,2026-08-27 20:03:55,https://www.michigan.gov/dtmb/-/media/Project/Websites/dtmb/Procurement/Contracts/022/260000000713.pdf?rev=044d384e33124f69856ff95f406d8b63&hash=EDE0618298A9461C637E9129261588D0,/Users/arshnoorkaur/Downloads/road_salt_tracker/data/raw/MI/doc_2.pdf,2026-08-27,MI,260000000713,2026-10-01,2027-09-30
4660,2,MI,Oakland,"SOUTH LYON, CITY OF",Detroit Salt,Detroit Salt,,2027,seasonal_fill,1000.0,65.0,65000.0,,44,deterministic_pdf,0.92,0.92,0.92,auto_accepted,,2026-08-27 20:03:55,https://www.michigan.gov/dtmb/-/media/Project/Websites/dtmb/Procurement/Contracts/022/260000000713.pdf?rev=044d384e33124f69856ff95f406d8b63&hash=EDE0618298A9461C637E9129261588D0,/Users/arshnoorkaur/Downloads/road_salt_tracker/data/raw/MI/doc_2.pdf,2026-08-27,MI,260000000713,2026-10-01,2027-09-30
4661,2,MI,Oakland,"BEVERLY HILLS, VILLAGE OF",Detroit Salt,Detroit Salt,,2027,seasonal_fill,100.0,65.0,6500.0,,44,deterministic_pdf,0.92,0.92,0.92,auto_accepted,,2026-08-27 20:03:55,https://www.michigan.gov/dtmb/-/media/Project/Websites/dtmb/Procurement/Contracts/022/260000000713.pdf?rev=044d384e33124f69856ff95f406d8b63&hash=EDE0618298A9461C637E9129261588D0,/Users/arshnoorkaur/Downloads/road_salt_tracker/data/raw/MI/doc_2.pdf,2026-08-27,MI,260000000713,2026-10-01,2027-09-30
4662,2,MI,Oakland,"OXFORD, VILLAGE OF",Detroit Salt,Detroit Salt,,2027,seasonal_fill,550.0,65.0,35750.0,,44,deterministic_pdf,0.92,0.92,0.92,auto_accepted,,2026-08-27 20:03:55,https://www.michigan.gov/dtmb/-/media/Project/Websites/dtmb/Procurement/Contracts/022/260000000713.pdf?rev=044d384e33124f69856ff95f406d8b63&hash=EDE0618298A9461C637E9129261588D0,/Users/arshnoorkaur/Downloads/road_salt_tracker/data/raw/MI/doc_2.pdf,2026-08-27,MI,260000000713,2026-10-01,2027-09-30
4663,2,MI,Oakland,"HAZEL PARK, CITY OF",Detroit Salt,Detroit Salt,,2027,seasonal_fill,650.0,65.0,42250.0,,44,deterministic_pdf,0.92,0.92,0.92,auto_accepted,,2026-08-27 20:03:55,https://www.michigan.gov/dtmb/-/media/Project/Websites/dtmb/Procurement/Contracts/022/260000000713.pdf?rev=044d384e33124f69856ff95f406d8b63&hash=EDE0618298A9461C637E9129261588D0,/Users/arshnoorkaur/Downloads/road_salt_tracker/data/raw/MI/doc_2.pdf,2026-08-27,MI,260000000713,2026-10-01,2027-09-30
4664,2,MI,Oakland,OAKLAND COUNTY ROAD COMMISSION,Detroit Salt,Detroit Salt,,2027,seasonal_fill,6000.0,65.0,390000.0,,44,deterministic_pdf,0.92,0.92,0.92,auto_accepted,,2026-08-27 20:03:55,https://www.michigan.gov/dtmb/-/media/Project/Websites/dtmb/Procurement/Contracts/022/260000000713.pdf?rev=044d384e33124f69856ff95f406d8b63&hash=EDE0618298A9461C637E9129261588D0,/Users/arshnoorkaur/Downloads/road_salt_tracker/data/raw/MI/doc_2.pdf,2026-08-27,MI,260000000713,2026-10-01,2027-09-30
4665,2,MI,Oakland,OAKLAND COUNTY ROAD COMMISSION,Detroit Salt,Detroit Salt,,2027,seasonal_fill,13100.0,65.0,851500.0,,44,deterministic_pdf,0.92,0.92,0.92,auto_accepted,,2026-08-27 20:03:55,https://www.michigan.gov/dtmb/-/media/Project/Websites/dtmb/Procurement/Contracts/022/260000000713.pdf?rev=044d384e33124f69856ff95f406d8b63&hash=EDE0618298A9461C637E9129261588D0,/Users/arshnoorkaur/Downloads/road_salt_tracker/data/raw/MI/doc_2.pdf,2026-08-27,MI,260000000713,2026-10-01,2027-09-30
4666,2,MI,Oakland,OAKLAND COUNTY ROAD COMMISSION,Detroit Salt,Detroit Salt,,2027,seasonal_fill,15800.0,65.0,1027000.0,,44,deterministic_pdf,0.92,0.92,0.92,auto_accepted,,2026-08-27 20:03:55,https://www.michigan.gov/dtmb/-/media/Project/Websites/dtmb/Procurement/Contracts/022/260000000713.pdf?rev=044d384e33124f69856ff95f406d8b63&hash=EDE0618298A9461C637E9129261588D0,/Users/arshnoorkaur/Downloads/road_salt_tracker/data/raw/MI/doc_2.pdf,2026-08-27,MI,260000000713,2026-10-01,2027-09-30
4667,2,MI,Oakland,OAKLAND COUNTY ROAD COMMISSION,Detroit Salt,Detroit Salt,,2027,seasonal_fill,9800.0,65.0,637000.0,,44,deterministic_pdf,0.92,0.92,0.92,auto_accepted,,2026-08-27 20:03:55,https://www.michigan.gov/dtmb/-/media/Project/Websites/dtmb/Procurement/Contracts/022/260000000713.pdf?rev=044d384e33124f69856ff95f406d8b63&hash=EDE0618298A9461C637E9129261588D0,/Users/arshnoorkaur/Downloads/road_salt_tracker/data/raw/MI/doc_2.pdf,2026-08-27,MI,260000000713,2026-10-01,2027-09-30
4668,2,MI,Oakland,OAKLAND COUNTY ROAD COMMISSION,Detroit Salt,Detroit Salt,,2027,seasonal_fill,9500.0,65.0,617500.0,,44,deterministic_pdf,0.92,0.92,0.92,auto_accepted,,2026-08-27 20:03:55,https://www.michigan.gov/dtmb/-/media/Project/Websites/dtmb/Procurement/Contracts/022/260000000713.pdf?rev=044d384e33124f69856ff95f406d8b63&hash=EDE0618298A9461C637E9129261588D0,/Users/arshnoorkaur/Downloads/road_salt_tracker/data/raw/MI/doc_2.pdf,2026-08-27,MI,260000000713,2026-10-01,2027-09-30
4669,2,MI,Oakland,OAKLAND COUNTY ROAD COMMISSION,Detroit Salt,Detroit Salt,,2027,seasonal_fill,12800.0,65.0,832000.0,,44,deterministic_pdf,0.92,0.92,0.92,auto_accepted,,2026-08-27 20:03:55,https://www.michigan.gov/dtmb/-/media/Project/Websites/dtmb/Procurement/Contracts/022/260000000713.pdf?rev=044d384e33124f69856ff95f406d8b63&hash=EDE0618298A9461C637E9129261588D0,/Users/arshnoorkaur/Downloads/road_salt_tracker/data/raw/MI/doc_2.pdf,2026-08-27,MI,260000000713,2026-10-01,2027-09-30
4670,2,MI,Oakland,"BIRMINGHAM, CITY OF",Detroit Salt,Detroit Salt,,2027,seasonal_fill,2000.0,65.0,130000.0,,44,deterministic_pdf,0.92,0.92,0.92,auto_accepted,,2026-08-27 20:03:55,https://www.michigan.gov/dtmb/-/media/Project/Websites/dtmb/Procurement/Contracts/022/260000000713.pdf?rev=044d384e33124f69856ff95f406d8b63&hash=EDE0618298A9461C637E9129261588D0,/Users/arshnoorkaur/Downloads/road_salt_tracker/data/raw/MI/doc_2.pdf,2026-08-27,MI,260000000713,2026-10-01,2027-09-30
4671,2,MI,Oakland,"OAK PARK, CITY OF",Detroit Salt,Detroit Salt,,2027,seasonal_fill,1600.0,65.0,104000.0,,44,deterministic_pdf,0.92,0.92,0.92,auto_accepted,,2026-08-27 20:03:55,https://www.michigan.gov/dtmb/-/media/Project/Websites/dtmb/Procurement/Contracts/022/260000000713.pdf?rev=044d384e33124f69856ff95f406d8b63&hash=EDE0618298A9461C637E9129261588D0,/Users/arshnoorkaur/Downloads/road_salt_tracker/data/raw/MI/doc_2.pdf,2026-08-27,MI,260000000713,2026-10-01,2027-09-30
4672,2,MI,Oakland,"MILFORD, VILLAGE OF",Detroit Salt,Detroit Salt,,2027,seasonal_fill,700.0,65.0,45500.0,,44,deterministic_pdf,0.92,0.92,0.92,auto_accepted,,2026-08-27 20:03:55,https://www.michigan.gov/dtmb/-/media/Project/Websites/dtmb/Procurement/Contracts/022/260000000713.pdf?rev=044d384e33124f69856ff95f406d8b63&hash=EDE0618298A9461C637E9129261588D0,/Users/arshnoorkaur/Downloads/road_salt_tracker/data/raw/MI/doc_2.pdf,2026-08-27,MI,260000000713,2026-10-01,2027-09-30
4673,2,MI,Oakland,BRANDON SCHOOL DISTRICT,Detroit Salt,Detroit Salt,,2027,seasonal_fill,200.0,65.0,13000.0,,44,deterministic_pdf,0.92,0.92,0.92,auto_accepted,,2026-08-27 20:03:55,https://www.michigan.gov/dtmb/-/media/Project/Websites/dtmb/Procurement/Contracts/022/260000000713.pdf?rev=044d384e33124f69856ff95f406d8b63&hash=EDE0618298A9461C637E9129261588D0,/Users/arshnoorkaur/Downloads/road_salt_tracker/data/raw/MI/doc_2.pdf,2026-08-27,MI,260000000713,2026-10-01,2027-09-30
4674,2,MI,Oakland,WALLED LAKE CONSOLIDATED SCHOOLS,Detroit Salt,Detroit Salt,,2027,seasonal_fill,600.0,65.0,39000.0,,44,deterministic_pdf,0.92,0.92,0.92,auto_accepted,,2026-08-27 20:03:55,https://www.michigan.gov/dtmb/-/media/Project/Websites/dtmb/Procurement/Contracts/022/260000000713.pdf?rev=044d384e33124f69856ff95f406d8b63&hash=EDE0618298A9461C637E9129261588D0,/Users/arshnoorkaur/Downloads/road_salt_tracker/data/raw/MI/doc_2.pdf,2026-08-27,MI,260000000713,2026-10-01,2027-09-30
4675,2,MI,Oakland,HOLLY SCHOOL DISTRICT,Detroit Salt,Detroit Salt,,2027,seasonal_fill,100.0,65.0,6500.0,,44,deterministic_pdf,0.92,0.92,0.92,auto_accepted,,2026-08-27 20:03:55,https://www.michigan.gov/dtmb/-/media/Project/Websites/dtmb/Procurement/Contracts/022/260000000713.pdf?rev=044d384e33124f69856ff95f406d8b63&hash=EDE0618298A9461C637E9129261588D0,/Users/arshnoorkaur/Downloads/road_salt_tracker/data/raw/MI/doc_2.pdf,2026-08-27,MI,260000000713,2026-10-01,2027-09-30
4676,2,MI,Oakland,"LAKE ORION, VILLAGE OF",Detroit Salt,Detroit Salt,,2027,seasonal_fill,300.0,65.0,19500.0,,44,deterministic_pdf,0.92,0.92,0.92,auto_accepted,,2026-08-27 20:03:55,https://www.michigan.gov/dtmb/-/media/Project/Websites/dtmb/Procurement/Contracts/022/260000000713.pdf?rev=044d384e33124f69856ff95f406d8b63&hash=EDE0618298A9461C637E9129261588D0,/Users/arshnoorkaur/Downloads/road_salt_tracker/data/raw/MI/doc_2.pdf,2026-08-27,MI,260000000713,2026-10-01,2027-09-30
4677,2,MI,Oakland,HURON VALLEY SCHOOLS,Detroit Salt,Detroit Salt,,2027,seasonal_fill,1000.0,65.0,65000.0,,44,deterministic_pdf,0.92,0.92,0.92,auto_accepted,,2026-08-27 20:03:55,https://www.michigan.gov/dtmb/-/media/Project/Websites/dtmb/Procurement/Contracts/022/260000000713.pdf?rev=044d384e33124f69856ff95f406d8b63&hash=EDE0618298A9461C637E9129261588D0,/Users/arshnoorkaur/Downloads/road_salt_tracker/data/raw/MI/doc_2.pdf,2026-08-27,MI,260000000713,2026-10-01,2027-09-30
4678,2,MI,Oakland,"KEEGO HARBOR, CITY OF",Detroit Salt,Detroit Salt,,2027,seasonal_fill,350.0,65.0,22750.0,,44,deterministic_pdf,0.92,0.92,0.92,auto_accepted,,2026-08-27 20:03:55,https://www.michigan.gov/dtmb/-/media/Project/Websites/dtmb/Procurement/Contracts/022/260000000713.pdf?rev=044d384e33124f69856ff95f406d8b63&hash=EDE0618298A9461C637E9129261588D0,/Users/arshnoorkaur/Downloads/road_salt_tracker/data/raw/MI/doc_2.pdf,2026-08-27,MI,260000000713,2026-10-01,2027-09-30
4679,2,MI,Oakland,"BLOOMFIELD HILLS, CITY OF",Detroit Salt,Detroit Salt,,2027,seasonal_fill,1200.0,65.0,78000.0,,44,deterministic_pdf,0.92,0.92,0.92,auto_accepted,,2026-08-27 20:03:55,https://www.michigan.gov/dtmb/-/media/Project/Websites/dtmb/Procurement/Contracts/022/260000000713.pdf?rev=044d384e33124f69856ff95f406d8b63&hash=EDE0618298A9461C637E9129261588D0,/Users/arshnoorkaur/Downloads/road_salt_tracker/data/raw/MI/doc_2.pdf,2026-08-27,MI,260000000713,2026-10-01,2027-09-30
4680,2,MI,Oakland,"PLEASANT RIDGE, CITY OF",Detroit Salt,Detroit Salt,,2027,seasonal_fill,50.0,65.0,3250.0,,45,deterministic_pdf,0.92,0.92,0.92,auto_accepted,,2026-08-27 20:03:55,https://www.michigan.gov/dtmb/-/media/Project/Websites/dtmb/Procurement/Contracts/022/260000000713.pdf?rev=044d384e33124f69856ff95f406d8b63&hash=EDE0618298A9461C637E9129261588D0,/Users/arshnoorkaur/Downloads/road_salt_tracker/data/raw/MI/doc_2.pdf,2026-08-27,MI,260000000713,2026-10-01,2027-09-30
4681,2,MI,Oakland,OAK PARK SCHOOL DISTRICT,Detroit Salt,Detroit Salt,,2027,seasonal_fill,300.0,65.0,19500.0,,45,deterministic_pdf,0.92,0.92,0.92,auto_accepted,,2026-08-27 20:03:55,https://www.michigan.gov/dtmb/-/media/Project/Websites/dtmb/Procurement/Contracts/022/260000000713.pdf?rev=044d384e33124f69856ff95f406d8b63&hash=EDE0618298A9461C637E9129261588D0,/Users/arshnoorkaur/Downloads/road_salt_tracker/data/raw/MI/doc_2.pdf,2026-08-27,MI,260000000713,2026-10-01,2027-09-30
4682,2,MI,Oakland,AVONDALE SCHOOL DISTRICT,Detroit Salt,Detroit Salt,,2027,seasonal_fill,200.0,65.0,13000.0,,45,deterministic_pdf,0.92,0.92,0.92,auto_accepted,,2026-08-27 20:03:55,https://www.michigan.gov/dtmb/-/media/Project/Websites/dtmb/Procurement/Contracts/022/260000000713.pdf?rev=044d384e33124f69856ff95f406d8b63&hash=EDE0618298A9461C637E9129261588D0,/Users/arshnoorkaur/Downloads/road_salt_tracker/data/raw/MI/doc_2.pdf,2026-08-27,MI,260000000713,2026-10-01,2027-09-30
4683,2,MI,Oakland,"NOVI, CITY OF",Detroit Salt,Detroit Salt,,2027,seasonal_fill,8000.0,65.0,520000.0,,45,deterministic_pdf,0.92,0.92,0.92,auto_accepted,,2026-08-27 20:03:55,https://www.michigan.gov/dtmb/-/media/Project/Websites/dtmb/Procurement/Contracts/022/260000000713.pdf?rev=044d384e33124f69856ff95f406d8b63&hash=EDE0618298A9461C637E9129261588D0,/Users/arshnoorkaur/Downloads/road_salt_tracker/data/raw/MI/doc_2.pdf,2026-08-27,MI,260000000713,2026-10-01,2027-09-30
4684,2,MI,Oakland,"HOLLY, VILLAGE OF",Detroit Salt,Detroit Salt,,2027,seasonal_fill,400.0,65.0,26000.0,,45,deterministic_pdf,0.92,0.92,0.92,auto_accepted,,2026-08-27 20:03:55,https://www.michigan.gov/dtmb/-/media/Project/Websites/dtmb/Procurement/Contracts/022/260000000713.pdf?rev=044d384e33124f69856ff95f406d8b63&hash=EDE0618298A9461C637E9129261588D0,/Users/arshnoorkaur/Downloads/road_salt_tracker/data/raw/MI/doc_2.pdf,2026-08-27,MI,260000000713,2026-10-01,2027-09-30
4685,2,MI,Oakland,NOVI COMMUNITY SCHOOL DISTRICT,Detroit Salt,Detroit Salt,,2027,seasonal_fill,250.0,65.0,16250.0,,45,deterministic_pdf,0.92,0.92,0.92,auto_accepted,,2026-08-27 20:03:55,https://www.michigan.gov/dtmb/-/media/Project/Websites/dtmb/Procurement/Contracts/022/260000000713.pdf?rev=044d384e33124f69856ff95f406d8b63&hash=EDE0618298A9461C637E9129261588D0,/Users/arshnoorkaur/Downloads/road_salt_tracker/data/raw/MI/doc_2.pdf,2026-08-27,MI,260000000713,2026-10-01,2027-09-30
4686,2,MI,Oakland,"AUBURN HILLS, CITY OF",Detroit Salt,Detroit Salt,,2027,seasonal_fill,2500.0,65.0,162500.0,,45,deterministic_pdf,0.92,0.92,0.92,auto_accepted,,2026-08-27 20:03:55,https://www.michigan.gov/dtmb/-/media/Project/Websites/dtmb/Procurement/Contracts/022/260000000713.pdf?rev=044d384e33124f69856ff95f406d8b63&hash=EDE0618298A9461C637E9129261588D0,/Users/arshnoorkaur/Downloads/road_salt_tracker/data/raw/MI/doc_2.pdf,2026-08-27,MI,260000000713,2026-10-01,2027-09-30
4687,2,MI,Oakland,SOUTH LYON COMMUNITY SCHOOLS,Detroit Salt,Detroit Salt,,2027,seasonal_fill,450.0,65.0,29250.0,,45,deterministic_pdf,0.92,0.92,0.92,auto_accepted,,2026-08-27 20:03:55,https://www.michigan.gov/dtmb/-/media/Project/Websites/dtmb/Procurement/Contracts/022/260000000713.pdf?rev=044d384e33124f69856ff95f406d8b63&hash=EDE0618298A9461C637E9129261588D0,/Users/arshnoorkaur/Downloads/road_salt_tracker/data/raw/MI/doc_2.pdf,2026-08-27,MI,260000000713,2026-10-01,2027-09-30
4688,2,MI,Oakland,WATERFORD SCHOOL DISTRICT,Detroit Salt,Detroit Salt,,2027,seasonal_fill,650.0,65.0,42250.0,,45,deterministic_pdf,0.92,0.92,0.92,auto_accepted,,2026-08-27 20:03:55,https://www.michigan.gov/dtmb/-/media/Project/Websites/dtmb/Procurement/Contracts/022/260000000713.pdf?rev=044d384e33124f69856ff95f406d8b63&hash=EDE0618298A9461C637E9129261588D0,/Users/arshnoorkaur/Downloads/road_salt_tracker/data/raw/MI/doc_2.pdf,2026-08-27,MI,260000000713,2026-10-01,2027-09-30
4689,2,MI,Wayne,"GROSSE POINTE, CITY OF",Detroit Salt,Detroit Salt,,2027,seasonal_fill,300.0,66.94,20082.0,,45,deterministic_pdf,0.92,0.92,0.92,auto_accepted,,2026-08-27 20:03:55,https://www.michigan.gov/dtmb/-/media/Project/Websites/dtmb/Procurement/Contracts/022/260000000713.pdf?rev=044d384e33124f69856ff95f406d8b63&hash=EDE0618298A9461C637E9129261588D0,/Users/arshnoorkaur/Downloads/road_salt_tracker/data/raw/MI/doc_2.pdf,2026-08-27,MI,260000000713,2026-10-01,2027-09-30
4690,2,MI,Wayne,"WYANDOTTE, CITY OF",Detroit Salt,Detroit Salt,,2027,seasonal_fill,2500.0,66.94,167350.0,,45,deterministic_pdf,0.92,0.92,0.92,auto_accepted,,2026-08-27 20:03:55,https://www.michigan.gov/dtmb/-/media/Project/Websites/dtmb/Procurement/Contracts/022/260000000713.pdf?rev=044d384e33124f69856ff95f406d8b63&hash=EDE0618298A9461C637E9129261588D0,/Users/arshnoorkaur/Downloads/road_salt_tracker/data/raw/MI/doc_2.pdf,2026-08-27,MI,260000000713,2026-10-01,2027-09-30
4691,2,MI,Wayne,GROSSE POINTE PUBLIC SCHOOLS,Detroit Salt,Detroit Salt,,2027,seasonal_fill,200.0,66.94,13388.0,,45,deterministic_pdf,0.92,0.92,0.92,auto_accepted,,2026-08-27 20:03:55,https://www.michigan.gov/dtmb/-/media/Project/Websites/dtmb/Procurement/Contracts/022/260000000713.pdf?rev=044d384e33124f69856ff95f406d8b63&hash=EDE0618298A9461C637E9129261588D0,/Users/arshnoorkaur/Downloads/road_salt_tracker/data/raw/MI/doc_2.pdf,2026-08-27,MI,260000000713,2026-10-01,2027-09-30
4692,2,MI,Wayne,"WAYNE, CITY OF",Detroit Salt,Detroit Salt,,2027,seasonal_fill,1500.0,66.94,100410.0,,45,deterministic_pdf,0.92,0.92,0.92,auto_accepted,,2026-08-27 20:03:55,https://www.michigan.gov/dtmb/-/media/Project/Websites/dtmb/Procurement/Contracts/022/260000000713.pdf?rev=044d384e33124f69856ff95f406d8b63&hash=EDE0618298A9461C637E9129261588D0,/Users/arshnoorkaur/Downloads/road_salt_tracker/data/raw/MI/doc_2.pdf,2026-08-27,MI,260000000713,2026-10-01,2027-09-30
4693,2,MI,Wayne,"GARDEN CITY, CITY OF",Detroit Salt,Detroit Salt,,2027,seasonal_fill,1400.0,66.94,93716.0,,45,deterministic_pdf,0.92,0.92,0.92,auto_accepted,,2026-08-27 20:03:55,https://www.michigan.gov/dtmb/-/media/Project/Websites/dtmb/Procurement/Contracts/022/260000000713.pdf?rev=044d384e33124f69856ff95f406d8b63&hash=EDE0618298A9461C637E9129261588D0,/Users/arshnoorkaur/Downloads/road_salt_tracker/data/raw/MI/doc_2.pdf,2026-08-27,MI,260000000713,2026-10-01,2027-09-30
4694,2,MI,Wayne,"GROSSE POINTE FARMS, CITY OF",Detroit Salt,Detroit Salt,,2027,seasonal_fill,700.0,66.94,46858.0,,45,deterministic_pdf,0.92,0.92,0.92,auto_accepted,,2026-08-27 20:03:55,https://www.michigan.gov/dtmb/-/media/Project/Websites/dtmb/Procurement/Contracts/022/260000000713.pdf?rev=044d384e33124f69856ff95f406d8b63&hash=EDE0618298A9461C637E9129261588D0,/Users/arshnoorkaur/Downloads/road_salt_tracker/data/raw/MI/doc_2.pdf,2026-08-27,MI,260000000713,2026-10-01,2027-09-30
4695,2,MI,Wayne,BROWNSTOWN CHARTER TOWNSHIP,Detroit Salt,Detroit Salt,,2027,seasonal_fill,1000.0,66.94,66940.0,,45,deterministic_pdf,0.92,0.92,0.92,auto_accepted,,2026-08-27 20:03:55,https://www.michigan.gov/dtmb/-/media/Project/Websites/dtmb/Procurement/Contracts/022/260000000713.pdf?rev=044d384e33124f69856ff95f406d8b63&hash=EDE0618298A9461C637E9129261588D0,/Users/arshnoorkaur/Downloads/road_salt_tracker/data/raw/MI/doc_2.pdf,2026-08-27,MI,260000000713,2026-10-01,2027-09-30
4696,2,MI,Wayne,"NORTHVILLE, CITY OF",Detroit Salt,Detroit Salt,,2027,seasonal_fill,750.0,66.94,50205.0,,45,deterministic_pdf,0.92,0.92,0.92,auto_accepted,,2026-08-27 20:03:55,https://www.michigan.gov/dtmb/-/media/Project/Websites/dtmb/Procurement/Contracts/022/260000000713.pdf?rev=044d384e33124f69856ff95f406d8b63&hash=EDE0618298A9461C637E9129261588D0,/Users/arshnoorkaur/Downloads/road_salt_tracker/data/raw/MI/doc_2.pdf,2026-08-27,MI,260000000713,2026-10-01,2027-09-30
4697,2,MI,Wayne,"GROSSE POINTE PARK, CITY OF",Detroit Salt,Detroit Salt,,2027,seasonal_fill,1500.0,66.94,100410.0,,45,deterministic_pdf,0.92,0.92,0.92,auto_accepted,,2026-08-27 20:03:55,https://www.michigan.gov/dtmb/-/media/Project/Websites/dtmb/Procurement/Contracts/022/260000000713.pdf?rev=044d384e33124f69856ff95f406d8b63&hash=EDE0618298A9461C637E9129261588D0,/Users/arshnoorkaur/Downloads/road_salt_tracker/data/raw/MI/doc_2.pdf,2026-08-27,MI,260000000713,2026-10-01,2027-09-30
4698,2,MI,Wayne,LIVONIA PUBLIC SCHOOLS,Detroit Salt,Detroit Salt,,2027,seasonal_fill,1100.0,66.94,73634.0,,45,deterministic_pdf,0.92,0.92,0.92,auto_accepted,,2026-08-27 20:03:55,https://www.michigan.gov/dtmb/-/media/Project/Websites/dtmb/Procurement/Contracts/022/260000000713.pdf?rev=044d384e33124f69856ff95f406d8b63&hash=EDE0618298A9461C637E9129261588D0,/Users/arshnoorkaur/Downloads/road_salt_tracker/data/raw/MI/doc_2.pdf,2026-08-27,MI,260000000713,2026-10-01,2027-09-30
4699,2,MI,Wayne,"DETROIT MERCY, UNIVERSITY OF",Detroit Salt,Detroit Salt,,2027,seasonal_fill,250.0,66.94,16735.0,,45,deterministic_pdf,0.92,0.92,0.92,auto_accepted,,2026-08-27 20:03:55,https://www.michigan.gov/dtmb/-/media/Project/Websites/dtmb/Procurement/Contracts/022/260000000713.pdf?rev=044d384e33124f69856ff95f406d8b63&hash=EDE0618298A9461C637E9129261588D0,/Users/arshnoorkaur/Downloads/road_salt_tracker/data/raw/MI/doc_2.pdf,2026-08-27,MI,260000000713,2026-10-01,2027-09-30
4700,2,MI,Wayne,"DETROIT MERCY, UNIVERSITY OF",Detroit Salt,Detroit Salt,,2027,seasonal_fill,100.0,66.94,6694.0,,45,deterministic_pdf,0.92,0.92,0.92,auto_accepted,,2026-08-27 20:03:55,https://www.michigan.gov/dtmb/-/media/Project/Websites/dtmb/Procurement/Contracts/022/260000000713.pdf?rev=044d384e33124f69856ff95f406d8b63&hash=EDE0618298A9461C637E9129261588D0,/Users/arshnoorkaur/Downloads/road_salt_tracker/data/raw/MI/doc_2.pdf,2026-08-27,MI,260000000713,2026-10-01,2027-09-30
4701,2,MI,Wayne,PLYMOUTH CANTON SCHOOLS,Detroit Salt,Detroit Salt,,2027,seasonal_fill,1400.0,66.94,93716.0,,45,deterministic_pdf,0.92,0.92,0.92,auto_accepted,,2026-08-27 20:03:55,https://www.michigan.gov/dtmb/-/media/Project/Websites/dtmb/Procurement/Contracts/022/260000000713.pdf?rev=044d384e33124f69856ff95f406d8b63&hash=EDE0618298A9461C637E9129261588D0,/Users/arshnoorkaur/Downloads/road_salt_tracker/data/raw/MI/doc_2.pdf,2026-08-27,MI,260000000713,2026-10-01,2027-09-30
4702,2,MI,Wayne,VAN BUREN PUBLIC SCHOOLS,Detroit Salt,Detroit Salt,,2027,seasonal_fill,100.0,66.94,6694.0,,45,deterministic_pdf,0.92,0.92,0.92,auto_accepted,,2026-08-27 20:03:55,https://www.michigan.gov/dtmb/-/media/Project/Websites/dtmb/Procurement/Contracts/022/260000000713.pdf?rev=044d384e33124f69856ff95f406d8b63&hash=EDE0618298A9461C637E9129261588D0,/Users/arshnoorkaur/Downloads/road_salt_tracker/data/raw/MI/doc_2.pdf,2026-08-27,MI,260000000713,2026-10-01,2027-09-30
4703,2,MI,Wayne,WAYNE-WESTLAND COMMUNITY SCHOOLS,Detroit Salt,Detroit Salt,,2027,seasonal_fill,700.0,66.94,46858.0,,45,deterministic_pdf,0.92,0.92,0.92,auto_accepted,,2026-08-27 20:03:55,https://www.michigan.gov/dtmb/-/media/Project/Websites/dtmb/Procurement/Contracts/022/260000000713.pdf?rev=044d384e33124f69856ff95f406d8b63&hash=EDE0618298A9461C637E9129261588D0,/Users/arshnoorkaur/Downloads/road_salt_tracker/data/raw/MI/doc_2.pdf,2026-08-27,MI,260000000713,2026-10-01,2027-09-30
4704,2,MI,Wayne,"WOODHAVEN, CITY OF",Detroit Salt,Detroit Salt,,2027,seasonal_fill,1200.0,66.94,80328.0,,45,deterministic_pdf,0.92,0.92,0.92,auto_accepted,,2026-08-27 20:03:55,https://www.michigan.gov/dtmb/-/media/Project/Websites/dtmb/Procurement/Contracts/022/260000000713.pdf?rev=044d384e33124f69856ff95f406d8b63&hash=EDE0618298A9461C637E9129261588D0,/Users/arshnoorkaur/Downloads/road_salt_tracker/data/raw/MI/doc_2.pdf,2026-08-27,MI,260000000713,2026-10-01,2027-09-30
4705,2,MI,Wayne,"Highland Park, City of",Detroit Salt,Detroit Salt,,2027,seasonal_fill,150.0,66.94,10041.0,,45,deterministic_pdf,0.92,0.92,0.92,auto_accepted,,2026-08-27 20:03:55,https://www.michigan.gov/dtmb/-/media/Project/Websites/dtmb/Procurement/Contracts/022/260000000713.pdf?rev=044d384e33124f69856ff95f406d8b63&hash=EDE0618298A9461C637E9129261588D0,/Users/arshnoorkaur/Downloads/road_salt_tracker/data/raw/MI/doc_2.pdf,2026-08-27,MI,260000000713,2026-10-01,2027-09-30
4706,2,MI,Wayne,DEARBORN PUBLIC SCHOOLS,Detroit Salt,Detroit Salt,,2027,seasonal_fill,500.0,66.94,33470.0,,45,deterministic_pdf,0.92,0.92,0.92,auto_accepted,,2026-08-27 20:03:55,https://www.michigan.gov/dtmb/-/media/Project/Websites/dtmb/Procurement/Contracts/022/260000000713.pdf?rev=044d384e33124f69856ff95f406d8b63&hash=EDE0618298A9461C637E9129261588D0,/Users/arshnoorkaur/Downloads/road_salt_tracker/data/raw/MI/doc_2.pdf,2026-08-27,MI,260000000713,2026-10-01,2027-09-30
4707,2,MI,"Wayne-
CONVEYOR
REQUIRED",SCHOOLCRAFT COMMUNITY COLLEGE,Detroit Salt,Detroit Salt,,2027,seasonal_fill,700.0,83.5,58450.0,,45,deterministic_pdf,0.92,0.92,0.92,auto_accepted,,2026-08-27 20:03:55,https://www.michigan.gov/dtmb/-/media/Project/Websites/dtmb/Procurement/Contracts/022/260000000713.pdf?rev=044d384e33124f69856ff95f406d8b63&hash=EDE0618298A9461C637E9129261588D0,/Users/arshnoorkaur/Downloads/road_salt_tracker/data/raw/MI/doc_2.pdf,2026-08-27,MI,260000000713,2026-10-01,2027-09-30
4708,2,MI,Wayne,SCHOOLCRAFT COMMUNITY COLLEGE,Detroit Salt,Detroit Salt,,2027,seasonal_fill,100.0,66.94,6694.0,,45,deterministic_pdf,0.92,0.92,0.92,auto_accepted,,2026-08-27 20:03:55,https://www.michigan.gov/dtmb/-/media/Project/Websites/dtmb/Procurement/Contracts/022/260000000713.pdf?rev=044d384e33124f69856ff95f406d8b63&hash=EDE0618298A9461C637E9129261588D0,/Users/arshnoorkaur/Downloads/road_salt_tracker/data/raw/MI/doc_2.pdf,2026-08-27,MI,260000000713,2026-10-01,2027-09-30
4709,2,MI,Wayne,GARDEN CITY PUBLIC SCHOOLS,Detroit Salt,Detroit Salt,,2027,seasonal_fill,150.0,66.94,10041.0,,45,deterministic_pdf,0.92,0.92,0.92,auto_accepted,,2026-08-27 20:03:55,https://www.michigan.gov/dtmb/-/media/Project/Websites/dtmb/Procurement/Contracts/022/260000000713.pdf?rev=044d384e33124f69856ff95f406d8b63&hash=EDE0618298A9461C637E9129261588D0,/Users/arshnoorkaur/Downloads/road_salt_tracker/data/raw/MI/doc_2.pdf,2026-08-27,MI,260000000713,2026-10-01,2027-09-30
4710,2,MI,Wayne,SOUTHGATE COMMUNITY SCHOOL DISTRICT,Detroit Salt,Detroit Salt,,2027,seasonal_fill,250.0,66.94,16735.0,,45,deterministic_pdf,0.92,0.92,0.92,auto_accepted,,2026-08-27 20:03:55,https://www.michigan.gov/dtmb/-/media/Project/Websites/dtmb/Procurement/Contracts/022/260000000713.pdf?rev=044d384e33124f69856ff95f406d8b63&hash=EDE0618298A9461C637E9129261588D0,/Users/arshnoorkaur/Downloads/road_salt_tracker/data/raw/MI/doc_2.pdf,2026-08-27,MI,260000000713,2026-10-01,2027-09-30
4711,2,MI,Wayne,"DEARBORN HEIGHTS, CITY OF",Detroit Salt,Detroit Salt,,2027,seasonal_fill,1900.0,66.94,127186.0,,45,deterministic_pdf,0.92,0.92,0.92,auto_accepted,,2026-08-27 20:03:55,https://www.michigan.gov/dtmb/-/media/Project/Websites/dtmb/Procurement/Contracts/022/260000000713.pdf?rev=044d384e33124f69856ff95f406d8b63&hash=EDE0618298A9461C637E9129261588D0,/Users/arshnoorkaur/Downloads/road_salt_tracker/data/raw/MI/doc_2.pdf,2026-08-27,MI,260000000713,2026-10-01,2027-09-30
4712,2,MI,Wayne,"DETROIT, CITY OF",Detroit Salt,Detroit Salt,,2027,seasonal_fill,15000.0,66.94,1004100.0,,45,deterministic_pdf,0.92,0.92,0.92,auto_accepted,,2026-08-27 20:03:55,https://www.michigan.gov/dtmb/-/media/Project/Websites/dtmb/Procurement/Contracts/022/260000000713.pdf?rev=044d384e33124f69856ff95f406d8b63&hash=EDE0618298A9461C637E9129261588D0,/Users/arshnoorkaur/Downloads/road_salt_tracker/data/raw/MI/doc_2.pdf,2026-08-27,MI,260000000713,2026-10-01,2027-09-30
4713,2,MI,Wayne,"DETROIT, CITY OF",Detroit Salt,Detroit Salt,,2027,seasonal_fill,9000.0,66.94,602460.0,,45,deterministic_pdf,0.92,0.92,0.92,auto_accepted,,2026-08-27 20:03:55,https://www.michigan.gov/dtmb/-/media/Project/Websites/dtmb/Procurement/Contracts/022/260000000713.pdf?rev=044d384e33124f69856ff95f406d8b63&hash=EDE0618298A9461C637E9129261588D0,/Users/arshnoorkaur/Downloads/road_salt_tracker/data/raw/MI/doc_2.pdf,2026-08-27,MI,260000000713,2026-10-01,2027-09-30
4714,2,MI,Wayne,"DETROIT, CITY OF",Detroit Salt,Detroit Salt,,2027,seasonal_fill,6000.0,66.94,401640.0,,45,deterministic_pdf,0.92,0.92,0.92,auto_accepted,,2026-08-27 20:03:55,https://www.michigan.gov/dtmb/-/media/Project/Websites/dtmb/Procurement/Contracts/022/260000000713.pdf?rev=044d384e33124f69856ff95f406d8b63&hash=EDE0618298A9461C637E9129261588D0,/Users/arshnoorkaur/Downloads/road_salt_tracker/data/raw/MI/doc_2.pdf,2026-08-27,MI,260000000713,2026-10-01,2027-09-30
4715,2,MI,Wayne,"DETROIT, CITY OF",Detroit Salt,Detroit Salt,,2027,seasonal_fill,1000.0,66.94,66940.0,,45,deterministic_pdf,0.92,0.92,0.92,auto_accepted,,2026-08-27 20:03:55,https://www.michigan.gov/dtmb/-/media/Project/Websites/dtmb/Procurement/Contracts/022/260000000713.pdf?rev=044d384e33124f69856ff95f406d8b63&hash=EDE0618298A9461C637E9129261588D0,/Users/arshnoorkaur/Downloads/road_salt_tracker/data/raw/MI/doc_2.pdf,2026-08-27,MI,260000000713,2026-10-01,2027-09-30
4716,2,MI,Wayne,"DETROIT, CITY OF",Detroit Salt,Detroit Salt,,2027,seasonal_fill,250.0,66.94,16735.0,,45,deterministic_pdf,0.92,0.92,0.92,auto_accepted,,2026-08-27 20:03:55,https://www.michigan.gov/dtmb/-/media/Project/Websites/dtmb/Procurement/Contracts/022/260000000713.pdf?rev=044d384e33124f69856ff95f406d8b63&hash=EDE0618298A9461C637E9129261588D0,/Users/arshnoorkaur/Downloads/road_salt_tracker/data/raw/MI/doc_2.pdf,2026-08-27,MI,260000000713,2026-10-01,2027-09-30
4717,2,MI,Wayne,"DEARBORN, CITY OF",Detroit Salt,Detroit Salt,,2027,seasonal_fill,5000.0,66.94,334700.0,,45,deterministic_pdf,0.92,0.92,0.92,auto_accepted,,2026-08-27 20:03:55,https://www.michigan.gov/dtmb/-/media/Project/Websites/dtmb/Procurement/Contracts/022/260000000713.pdf?rev=044d384e33124f69856ff95f406d8b63&hash=EDE0618298A9461C637E9129261588D0,/Users/arshnoorkaur/Downloads/road_salt_tracker/data/raw/MI/doc_2.pdf,2026-08-27,MI,260000000713,2026-10-01,2027-09-30
4718,2,MI,Wayne,"RIVER ROUGE, CITY OF",Detroit Salt,Detroit Salt,,2027,seasonal_fill,250.0,66.94,16735.0,,45,deterministic_pdf,0.92,0.92,0.92,auto_accepted,,2026-08-27 20:03:55,https://www.michigan.gov/dtmb/-/media/Project/Websites/dtmb/Procurement/Contracts/022/260000000713.pdf?rev=044d384e33124f69856ff95f406d8b63&hash=EDE0618298A9461C637E9129261588D0,/Users/arshnoorkaur/Downloads/road_salt_tracker/data/raw/MI/doc_2.pdf,2026-08-27,MI,260000000713,2026-10-01,2027-09-30
4719,2,MI,Wayne,WAYNE COUNTY AIRPORT AUTHORITY,Detroit Salt,Detroit Salt,,2027,seasonal_fill,2500.0,66.94,167350.0,,45,deterministic_pdf,0.92,0.92,0.92,auto_accepted,,2026-08-27 20:03:55,https://www.michigan.gov/dtmb/-/media/Project/Websites/dtmb/Procurement/Contracts/022/260000000713.pdf?rev=044d384e33124f69856ff95f406d8b63&hash=EDE0618298A9461C637E9129261588D0,/Users/arshnoorkaur/Downloads/road_salt_tracker/data/raw/MI/doc_2.pdf,2026-08-27,MI,260000000713,2026-10-01,2027-09-30
4720,2,MI,Wayne,WAYNE COUNTY AIRPORT AUTHORITY,Detroit Salt,Detroit Salt,,2027,seasonal_fill,500.0,66.94,33470.0,,45,deterministic_pdf,0.92,0.92,0.92,auto_accepted,,2026-08-27 20:03:55,https://www.michigan.gov/dtmb/-/media/Project/Websites/dtmb/Procurement/Contracts/022/260000000713.pdf?rev=044d384e33124f69856ff95f406d8b63&hash=EDE0618298A9461C637E9129261588D0,/Users/arshnoorkaur/Downloads/road_salt_tracker/data/raw/MI/doc_2.pdf,2026-08-27,MI,260000000713,2026-10-01,2027-09-30
4721,2,MI,Wayne,WAYNE STATE UNIVERSITY,Detroit Salt,Detroit Salt,,2027,seasonal_fill,350.0,66.94,23429.0,,45,deterministic_pdf,0.92,0.92,0.92,auto_accepted,,2026-08-27 20:03:55,https://www.michigan.gov/dtmb/-/media/Project/Websites/dtmb/Procurement/Contracts/022/260000000713.pdf?rev=044d384e33124f69856ff95f406d8b63&hash=EDE0618298A9461C637E9129261588D0,/Users/arshnoorkaur/Downloads/road_salt_tracker/data/raw/MI/doc_2.pdf,2026-08-27,MI,260000000713,2026-10-01,2027-09-30
4722,2,MI,Wayne,"Ecorse, City of",Detroit Salt,Detroit Salt,,2027,seasonal_fill,100.0,66.94,6694.0,,45,deterministic_pdf,0.92,0.92,0.92,auto_accepted,,2026-08-27 20:03:55,https://www.michigan.gov/dtmb/-/media/Project/Websites/dtmb/Procurement/Contracts/022/260000000713.pdf?rev=044d384e33124f69856ff95f406d8b63&hash=EDE0618298A9461C637E9129261588D0,/Users/arshnoorkaur/Downloads/road_salt_tracker/data/raw/MI/doc_2.pdf,2026-08-27,MI,260000000713,2026-10-01,2027-09-30
4723,2,MI,Wayne,WAYNE COUNTY,Detroit Salt,Detroit Salt,,2027,seasonal_fill,12250.0,66.94,820015.0,,45,deterministic_pdf,0.92,0.92,0.92,auto_accepted,,2026-08-27 20:03:55,https://www.michigan.gov/dtmb/-/media/Project/Websites/dtmb/Procurement/Contracts/022/260000000713.pdf?rev=044d384e33124f69856ff95f406d8b63&hash=EDE0618298A9461C637E9129261588D0,/Users/arshnoorkaur/Downloads/road_salt_tracker/data/raw/MI/doc_2.pdf,2026-08-27,MI,260000000713,2026-10-01,2027-09-30
4724,2,MI,Wayne,WAYNE COUNTY,Detroit Salt,Detroit Salt,,2027,seasonal_fill,2000.0,66.94,133880.0,,45,deterministic_pdf,0.92,0.92,0.92,auto_accepted,,2026-08-27 20:03:55,https://www.michigan.gov/dtmb/-/media/Project/Websites/dtmb/Procurement/Contracts/022/260000000713.pdf?rev=044d384e33124f69856ff95f406d8b63&hash=EDE0618298A9461C637E9129261588D0,/Users/arshnoorkaur/Downloads/road_salt_tracker/data/raw/MI/doc_2.pdf,2026-08-27,MI,260000000713,2026-10-01,2027-09-30
4725,2,MI,Wayne,WAYNE COUNTY,Detroit Salt,Detroit Salt,,2027,seasonal_fill,8000.0,66.94,535520.0,,45,deterministic_pdf,0.92,0.92,0.92,auto_accepted,,2026-08-27 20:03:55,https://www.michigan.gov/dtmb/-/media/Project/Websites/dtmb/Procurement/Contracts/022/260000000713.pdf?rev=044d384e33124f69856ff95f406d8b63&hash=EDE0618298A9461C637E9129261588D0,/Users/arshnoorkaur/Downloads/road_salt_tracker/data/raw/MI/doc_2.pdf,2026-08-27,MI,260000000713,2026-10-01,2027-09-30
4726,2,MI,Wayne,WAYNE COUNTY,Detroit Salt,Detroit Salt,,2027,seasonal_fill,4000.0,66.94,267760.0,,45,deterministic_pdf,0.92,0.92,0.92,auto_accepted,,2026-08-27 20:03:55,https://www.michigan.gov/dtmb/-/media/Project/Websites/dtmb/Procurement/Contracts/022/260000000713.pdf?rev=044d384e33124f69856ff95f406d8b63&hash=EDE0618298A9461C637E9129261588D0,/Users/arshnoorkaur/Downloads/road_salt_tracker/data/raw/MI/doc_2.pdf,2026-08-27,MI,260000000713,2026-10-01,2027-09-30
4727,2,MI,Wayne,WAYNE COUNTY,Detroit Salt,Detroit Salt,,2027,seasonal_fill,500.0,66.94,33470.0,,45,deterministic_pdf,0.92,0.92,0.92,auto_accepted,,2026-08-27 20:03:55,https://www.michigan.gov/dtmb/-/media/Project/Websites/dtmb/Procurement/Contracts/022/260000000713.pdf?rev=044d384e33124f69856ff95f406d8b63&hash=EDE0618298A9461C637E9129261588D0,/Users/arshnoorkaur/Downloads/road_salt_tracker/data/raw/MI/doc_2.pdf,2026-08-27,MI,260000000713,2026-10-01,2027-09-30
4728,2,MI,Wayne,WAYNE COUNTY,Detroit Salt,Detroit Salt,,2027,seasonal_fill,3500.0,66.94,234290.0,,45,deterministic_pdf,0.92,0.92,0.92,auto_accepted,,2026-08-27 20:03:55,https://www.michigan.gov/dtmb/-/media/Project/Websites/dtmb/Procurement/Contracts/022/260000000713.pdf?rev=044d384e33124f69856ff95f406d8b63&hash=EDE0618298A9461C637E9129261588D0,/Users/arshnoorkaur/Downloads/road_salt_tracker/data/raw/MI/doc_2.pdf,2026-08-27,MI,260000000713,2026-10-01,2027-09-30
4729,2,MI,Wayne,WAYNE COUNTY,Detroit Salt,Detroit Salt,,2027,seasonal_fill,6000.0,66.94,401640.0,,45,deterministic_pdf,0.92,0.92,0.92,auto_accepted,,2026-08-27 20:03:55,https://www.michigan.gov/dtmb/-/media/Project/Websites/dtmb/Procurement/Contracts/022/260000000713.pdf?rev=044d384e33124f69856ff95f406d8b63&hash=EDE0618298A9461C637E9129261588D0,/Users/arshnoorkaur/Downloads/road_salt_tracker/data/raw/MI/doc_2.pdf,2026-08-27,MI,260000000713,2026-10-01,2027-09-30
4730,2,MI,Wayne,GREAT LAKES WATER AUTHORITY,Detroit Salt,Detroit Salt,,2027,seasonal_fill,2000.0,66.94,133880.0,,45,deterministic_pdf,0.92,0.92,0.92,auto_accepted,,2026-08-27 20:03:55,https://www.michigan.gov/dtmb/-/media/Project/Websites/dtmb/Procurement/Contracts/022/260000000713.pdf?rev=044d384e33124f69856ff95f406d8b63&hash=EDE0618298A9461C637E9129261588D0,/Users/arshnoorkaur/Downloads/road_salt_tracker/data/raw/MI/doc_2.pdf,2026-08-27,MI,260000000713,2026-10-01,2027-09-30
4731,2,MI,Wayne,"MICHIGAN, UNIVERSITY OF",Detroit Salt,Detroit Salt,,2027,seasonal_fill,400.0,66.94,26776.0,,45,deterministic_pdf,0.92,0.92,0.92,auto_accepted,,2026-08-27 20:03:55,https://www.michigan.gov/dtmb/-/media/Project/Websites/dtmb/Procurement/Contracts/022/260000000713.pdf?rev=044d384e33124f69856ff95f406d8b63&hash=EDE0618298A9461C637E9129261588D0,/Users/arshnoorkaur/Downloads/road_salt_tracker/data/raw/MI/doc_2.pdf,2026-08-27,MI,260000000713,2026-10-01,2027-09-30
4732,2,MI,Wayne,"FLAT ROCK, CITY OF",Detroit Salt,Detroit Salt,,2027,seasonal_fill,400.0,66.94,26776.0,,45,deterministic_pdf,0.92,0.92,0.92,auto_accepted,,2026-08-27 20:03:55,https://www.michigan.gov/dtmb/-/media/Project/Websites/dtmb/Procurement/Contracts/022/260000000713.pdf?rev=044d384e33124f69856ff95f406d8b63&hash=EDE0618298A9461C637E9129261588D0,/Users/arshnoorkaur/Downloads/road_salt_tracker/data/raw/MI/doc_2.pdf,2026-08-27,MI,260000000713,2026-10-01,2027-09-30
4733,2,MI,Wayne,ALLEN PARK PUBLIC SCHOOLS,Detroit Salt,Detroit Salt,,2027,seasonal_fill,150.0,66.94,10041.0,,45,deterministic_pdf,0.92,0.92,0.92,auto_accepted,,2026-08-27 20:03:55,https://www.michigan.gov/dtmb/-/media/Project/Websites/dtmb/Procurement/Contracts/022/260000000713.pdf?rev=044d384e33124f69856ff95f406d8b63&hash=EDE0618298A9461C637E9129261588D0,/Users/arshnoorkaur/Downloads/road_salt_tracker/data/raw/MI/doc_2.pdf,2026-08-27,MI,260000000713,2026-10-01,2027-09-30
4734,2,MI,Wayne,"HARPER WOODS, CITY OF",Detroit Salt,Detroit Salt,,2027,seasonal_fill,1000.0,66.94,66940.0,,45,deterministic_pdf,0.92,0.92,0.92,auto_accepted,,2026-08-27 20:03:55,https://www.michigan.gov/dtmb/-/media/Project/Websites/dtmb/Procurement/Contracts/022/260000000713.pdf?rev=044d384e33124f69856ff95f406d8b63&hash=EDE0618298A9461C637E9129261588D0,/Users/arshnoorkaur/Downloads/road_salt_tracker/data/raw/MI/doc_2.pdf,2026-08-27,MI,260000000713,2026-10-01,2027-09-30
4735,2,MI,Wayne,"TAYLOR, CITY OF",Detroit Salt,Detroit Salt,,2027,seasonal_fill,3000.0,66.94,200820.0,,45,deterministic_pdf,0.92,0.92,0.92,auto_accepted,,2026-08-27 20:03:55,https://www.michigan.gov/dtmb/-/media/Project/Websites/dtmb/Procurement/Contracts/022/260000000713.pdf?rev=044d384e33124f69856ff95f406d8b63&hash=EDE0618298A9461C637E9129261588D0,/Users/arshnoorkaur/Downloads/road_salt_tracker/data/raw/MI/doc_2.pdf,2026-08-27,MI,260000000713,2026-10-01,2027-09-30
4736,2,MI,Wayne,DETROIT WATER & SEWERAGE DEPT,Detroit Salt,Detroit Salt,,2027,seasonal_fill,3000.0,66.94,200820.0,,45,deterministic_pdf,0.92,0.92,0.92,auto_accepted,,2026-08-27 20:03:55,https://www.michigan.gov/dtmb/-/media/Project/Websites/dtmb/Procurement/Contracts/022/260000000713.pdf?rev=044d384e33124f69856ff95f406d8b63&hash=EDE0618298A9461C637E9129261588D0,/Users/arshnoorkaur/Downloads/road_salt_tracker/data/raw/MI/doc_2.pdf,2026-08-27,MI,260000000713,2026-10-01,2027-09-30
4737,2,MI,Wayne,"PLYMOUTH, CITY OF",Detroit Salt,Detroit Salt,,2027,seasonal_fill,1700.0,66.94,113798.0,,45,deterministic_pdf,0.92,0.92,0.92,auto_accepted,,2026-08-27 20:03:55,https://www.michigan.gov/dtmb/-/media/Project/Websites/dtmb/Procurement/Contracts/022/260000000713.pdf?rev=044d384e33124f69856ff95f406d8b63&hash=EDE0618298A9461C637E9129261588D0,/Users/arshnoorkaur/Downloads/road_salt_tracker/data/raw/MI/doc_2.pdf,2026-08-27,MI,260000000713,2026-10-01,2027-09-30
